rank,symbol,name,exchange,is_st,is_tradable,pred_score,close,factor_bp,factor_ep,factor_roe,factor_mom_12_1,factor_gross_margin
1,920093,信胜科技,bj,False,True,2.1357524043018405,19.39,0.23789699060306888,0.08147037737078798,17.3709,,27.4956
2,920165,珈凯生物,bj,False,True,1.2617925130157597,36.19,0.2753834714840415,0.04282746953896229,8.1399,,64.5131
3,920786,骑士乳业,bj,False,True,1.180046971914422,7.0,0.5315190815350271,0.0491460867428431,5.11,-0.47067999834815577,15.4736
4,920176,维琪科技,bj,False,True,1.0473832625697561,53.49,0.20382373323549793,0.029450136501382684,6.7859,,70.2125
5,920059,双英集团,bj,False,True,1.0422294908061518,14.96,0.3380776902532202,0.057368067786108895,4.5487,,14.3565
6,920344,三元基因,bj,False,True,0.9897968869527745,24.6,0.20925317541693694,0.006159353563524801,0.1706,-0.4071263609369845,81.399
7,920425,乐创技术,bj,False,True,0.9161728600600374,14.02,0.20345052083333334,0.03644049267546097,13.578,-0.20437363998031277,70.2607
8,920107,恒兴股份,bj,False,True,0.894195188810233,20.7,0.3942906710827222,0.0639979520655339,8.7709,,35.2569
9,920429,康比特,bj,False,True,0.860262707700192,10.37,0.6467886941336265,0.037235349751640216,2.8209,-0.6327563254186523,40.274
10,920971,天马新材,bj,False,True,0.8462056562153023,25.4,0.17889087656529518,0.016083479692998538,2.6818,-0.3880551483924096,21.1747
11,920571,国航远洋,bj,False,True,0.8263964039066771,9.2,0.26628321883154926,0.034500841820540425,9.1412,-0.24098477310727928,36.127
12,920957,汉维科技,bj,False,True,0.8240879664994402,9.51,0.3887118090647594,0.008351686163678016,3.0865,-0.43381701439027975,13.0232
13,688021,奥福科技,sh,False,True,0.7922977161295497,20.4,0.5663797009515179,0.022603927206312827,2.05,-0.10355815188528938,
14,920111,聚星科技,bj,False,True,0.7217869018268193,29.09,0.24417639302632224,0.05531371171599728,18.0484,-0.12177547321993731,22.7613
15,920118,太湖远大,bj,False,True,0.6774982407759254,20.56,0.5622083544161467,0.05348737697903294,7.7081,-0.37748456814091724,12.32
16,920026,卓兆点胶,bj,False,True,0.6649990574253704,20.93,0.26321330806485577,0.017576514963766013,2.747,-0.28154461056480007,55.1445
17,920038,森合高科,bj,False,True,0.5439170726340411,39.3,0.19825928349094948,0.06629673090819892,7.2363,,47.9119
18,920866,绿亨科技,bj,False,True,0.50565025985218,6.15,0.7030371203599549,0.032325217548714105,1.7869,-0.4424783136955722,41.2559
19,920856,浩淼科技,bj,False,True,0.48859575827613155,12.96,0.3804885472947264,0.0041068503907257465,0.6071,-0.5327717446100777,24.044
20,920258,聚仁新材,bj,False,True,0.45951277251466444,11.52,0.17592006192386178,0.02643062357770207,11.4809,,39.7009
21,920138,杰理科技,bj,False,True,0.44331049717198584,37.75,0.2644173563552712,0.03644142223582702,6.9255,,32.2557
22,920422,润普食品,bj,False,True,0.36150893201279904,9.19,0.5366246310705661,0.02908253332131255,1.6763,-0.3692422028274356,13.4834
23,920679,前进科技,bj,False,True,0.35085217601379765,15.1,0.6019382411364594,0.02951053821319593,0.8153,-0.3479713094707332,32.4306
24,920065,千岸科技,bj,False,True,0.3273648320487934,33.0,0.26848520646512375,0.07249055810480685,14.9763,,47.6082
25,920021,流金科技,bj,False,True,0.28339845549357,6.45,0.3237084034701541,0.007756273079760083,1.0163,-0.1977629328693159,27.8019
26,920809,安达科技,bj,False,True,0.24620832056922218,7.7,0.368962845441464,0.009830550795930546,8.1972,0.33032490974729245,12.0354
27,920553,凯腾精工,bj,False,True,0.24132660290197366,6.98,0.3566333808844508,0.027234005468588295,0.6604,-0.39610530309889125,31.0246
28,920017,星昊医药,bj,False,True,0.1275722315088864,16.27,0.8098477486232589,0.05715134820030405,3.2405,-0.28119381844292857,70.2866
29,920779,武汉蓝电,bj,False,True,0.1182023767202439,25.47,0.22454249466711576,0.027133802205435445,4.6611,-0.5587968197778013,55.5946
30,920471,美邦科技,bj,False,True,0.1145839036473634,12.01,0.5167958656330749,,3.3658,-0.31565489680179515,22.4076
31,920167,同享科技,bj,False,True,0.0721210764949114,14.4,0.41995632454224757,0.038807371848356316,5.6444,-0.2776964202677302,8.6752
32,920694,中裕科技,bj,False,True,0.05321958943435404,16.03,0.44422726666962814,0.05989781432875514,9.7612,-0.392241658703819,49.2559
33,300417,南华仪器,sz,False,True,0.02476507769566451,10.97,0.30721022395625325,,-0.65,-0.35596854896354546,
34,920906,舜宇精工,bj,False,True,0.013561219391498448,15.46,0.5725409366769725,0.03133244349193816,0.0749,-0.35073372112849266,18.0854
35,688329,艾隆科技,sh,False,True,0.00032574432622076155,20.21,0.48400367842795605,0.006163252224934052,-3.06,-0.26473296500920807,
36,688659,元琛科技,sh,False,True,-0.008763034729420999,10.46,0.30913812291331766,,-5.97,-0.2754275427542753,
37,920099,瑞华技术,bj,False,True,-0.042348143231271715,17.76,0.5283736658564937,0.036710989067467455,-2.3065,-0.26203237732628315,28.2417
38,920768,拾比佰,bj,False,True,-0.04736255782395035,6.97,0.6661337596589395,0.0542408183854678,5.2345,-0.2005915652139928,10.6762
39,920476,海能技术,bj,False,True,-0.05371026695168159,25.45,0.19774569903104605,0.021053207772002182,2.5208,0.09804381357858749,62.9648
40,920981,晶赛科技,bj,False,True,-0.05374316462675702,28.52,0.23666398447484263,0.006988007879677684,1.6121,-0.2155586987270156,13.0223
41,920641,格利尔,bj,False,True,-0.06569703260895966,13.9,0.33392326443383313,0.00518827470669386,3.2551,-0.3712237082334048,20.3368
42,920419,路斯股份,bj,False,True,-0.06903153752638111,10.43,0.5807200929152149,0.05040449608105043,4.0029,-0.5674945925689099,20.0917
43,920207,众诚科技,bj,False,True,-0.07040279613984643,20.65,0.15290753681248948,0.011984731452129986,2.3832,-0.3238895222135839,21.7238
44,920206,彩客科技,bj,False,True,-0.07428512992493831,47.41,0.2602540079117218,0.043002984407117854,11.7019,,41.2347
45,920735,德源药业,bj,False,True,-0.07509250256420892,23.94,0.4258037044922291,0.0796267099835969,9.5462,-0.34423417276615165,82.0636
46,300500,启迪设计,sz,False,True,-0.07881790142904432,9.44,0.6065752759917505,,-9.52,-0.48841698841698833,
47,920174,五新智能,bj,False,True,-0.0987190308400548,28.54,0.43096017927943464,0.036998804938600485,2.2283,-0.6149280052496015,30.7461
48,920249,利尔达,bj,False,True,-0.11578824767791412,9.07,0.21260311250956715,0.020695578389677047,6.0261,-0.41967871485943775,15.357
49,920964,润农节水,bj,False,True,-0.11941140464469306,4.61,0.7248477819657873,,0.3414,-0.5176470588235295,17.1001
50,920639,晨光电缆,bj,False,True,-0.1582485666008433,6.05,0.7026419336706015,0.016745566192711326,0.8137,-0.3439602865296626,10.7603
51,920819,颖泰生物,bj,False,True,-0.18650241917026228,2.97,1.3073604392731075,,0.1198,-0.37889688249400477,14.1863
52,920239,长虹能源,bj,False,True,-0.2025640971398293,22.05,0.28663972253274855,0.0641885603147807,24.9781,-0.3874334772962844,16.5464
53,920092,汉鑫科技,bj,False,True,-0.20782344952549928,27.26,0.20737852802720808,,-0.7468,-0.5221445221445221,30.2876
54,689009,九号公司,sh,False,True,-0.21713923801384782,43.41,0.23028209556706963,0.04773611475761988,13.71,-0.3860327850273967,
55,920670,数字人,bj,False,True,-0.244225849435178,12.35,0.1793882859449278,0.00312665224029323,-3.2921,-0.2127479398948714,69.2321
56,920726,朱老六,bj,False,True,-0.2556023621668236,16.16,0.28535555301906174,0.024052164334007593,6.7403,-0.3042072703900175,37.9349
57,688573,信宇人,sh,False,True,-0.26651309220037067,16.25,0.2177131411652007,,-123.43,-0.5528641571194763,
58,920685,新芝生物,bj,False,True,-0.2698683436549442,11.67,0.5293806246691372,0.03339065395595773,6.4147,-0.34893480541968647,63.2009
59,600561,江西长运,sh,False,True,-0.2985823833145293,5.66,0.5658348893792791,0.008973809040933133,-3.08,-0.3156384505021521,
60,688004,博汇科技,sh,False,True,-0.300974722551502,21.2,0.3304801877127466,,-3.7,-0.22536317235963876,
61,920186,中科仪,bj,False,True,-0.3063406154885212,74.12,0.1594616574444675,0.060208683296305,6.7028,,31.7949
62,920974,凯大催化,bj,False,True,-0.31727847999187975,6.07,0.6625149065853981,0.034072246792097964,2.8959,-0.38011049723756907,8.2779
63,920976,视声智能,bj,False,True,-0.3299043799446276,16.23,0.253665465983461,0.05640253360180939,13.8021,-0.4340259069322474,53.9229
64,920415,恒拓开源,bj,False,True,-0.38813957404654764,8.43,0.47140904162541836,0.023496295808965718,0.2384,-0.4914783395023412,52.1157
65,920509,同惠电子,bj,False,True,-0.3989239606425635,19.94,0.11089671080355756,0.022552490922622404,8.939,-0.2853702309936508,57.8495
66,920274,宏裕包材,bj,False,True,-0.4071268001971256,15.61,0.39032006245121004,0.018096108431881724,3.3963,-0.22571613930765644,13.8349
67,920946,森萱医药,bj,False,True,-0.414391002365786,9.7,0.31729914963827893,0.03610121336178109,3.6481,-0.255943814629058,51.7321
68,920029,开发科技,bj,False,True,-0.4146267077236482,34.8,0.5253204454717377,0.07735806728604692,4.9227,-0.49793651997657007,36.2911
69,300605,恒锋信息,sz,False,True,-0.41880740491901186,10.02,0.2638174383326738,,-3.0,-0.4921592279855247,
70,920978,开特股份,bj,False,True,-0.4324737692047119,19.56,0.2324122062890743,0.047071006613476435,4.0859,-0.19988403232512064,29.2059
71,920212,智新电子,bj,False,True,-0.43709747280736,9.42,0.42491714115747425,0.01219598459403226,0.5785,-0.4805071273200898,10.8761
72,920375,派诺科技,bj,False,True,-0.4456384417282784,6.8,0.7436602959767978,0.005468126291844837,-2.0282,-0.3893145293738919,35.9395
73,920690,捷众科技,bj,False,True,-0.4470366372661153,16.19,0.44226261554110835,0.0522722758303451,5.3773,-0.3496503496503496,34.0982
74,920227,美登科技,bj,False,True,-0.4485373173554806,46.78,0.2351281448389372,0.02407694993198262,5.0834,-0.36627594074830316,68.1251
75,920087,秋乐种业,bj,False,True,-0.4522795273291208,15.4,0.21253081696846043,0.003558964569084129,2.2571,-0.5217995962104269,26.5104
76,920547,无锡晶海,bj,False,True,-0.4544736258604579,18.39,0.5110645474523432,0.04458036502402882,5.6986,-0.35643951000006013,33.6495
77,920475,三友科技,bj,False,True,-0.4552561424065202,12.13,0.2893016258751374,,1.5318,-0.5366847826086956,15.4137
78,920806,云星宇,bj,False,True,-0.47166605808028383,10.11,0.5140595280933532,0.02428469432855249,1.5059,-0.38598935667571754,14.7513
79,920504,博迅生物,bj,False,True,-0.4726475466564379,17.0,0.28222278666779554,0.020593801677571084,3.3603,-0.4356337545159471,39.5809
80,920656,海昇药业,bj,False,True,-0.4772279797572573,14.47,0.49127978383689513,0.05953833971385874,6.6492,-0.2797164261867384,45.7077
81,688217,睿昂基因,sh,False,True,-0.5076156216995821,24.28,0.6193100885613426,,-0.59,-0.38730781812234216,
82,920108,宏海科技,bj,False,True,-0.5288387252763355,8.89,0.31324395439168023,0.015721021048875083,1.9602,-0.5089868041862582,16.9371
83,920510,丰光精密,bj,False,True,-0.5324593838763582,21.65,0.09941543722909293,,0.8899,-0.09792147806004603,29.6499
84,920000,安徽凤凰,bj,False,True,-0.5463307651498649,13.56,0.5492091388400703,0.049358585185514246,4.1559,-0.32184306220355263,26.6034
85,920718,合肥高科,bj,False,True,-0.5466542477456818,9.27,0.6808278867102396,0.009625370937732513,-0.0971,-0.5107979088307365,6.9836
86,920943,优机股份,bj,False,True,-0.5478461752146835,15.2,0.42251140780801083,0.03195674335219846,-1.1941,-0.5154194728839095,25.829
87,920009,丹娜生物,bj,False,True,-0.5487825901037456,35.75,0.25111116691359264,0.032251406161308636,6.6828,,85.3149
88,920729,永顺生物,bj,False,True,-0.5511775070600407,6.69,0.37270321642875776,0.021015953210081772,0.9646,-0.36315553735200623,54.382
89,920870,恒进感应,bj,False,True,-0.5512800282065438,11.69,0.29264581077521873,0.011716392991253714,2.3723,-0.4438578596750289,44.0634
90,920703,广厦环能,bj,False,True,-0.5555222966627898,9.91,0.7631840036632832,0.057007342545719895,1.9512,-0.45100426049908704,32.3914
91,920493,并行科技,bj,False,True,-0.5770339929089503,110.57,0.06935341808321023,0.003020057713302901,2.5504,-0.265448275862069,20.0251
92,920519,万德股份,bj,False,True,-0.6029268004702933,9.67,0.6156877231867997,0.029781670573029124,2.1025,-0.34027020421961274,24.0704
93,688793,倍轻松,sh,False,True,-0.617321425103589,20.15,0.1301100731218611,,-5.22,-0.575159605339524,
94,920826,盖世食品,bj,False,True,-0.6231144721150215,8.6,0.32376080551688413,0.03987542915930633,2.4585,-0.42939009651778537,17.3254
95,920580,科创新材,bj,False,True,-0.6584373896612273,10.71,0.38098140810728437,0.028040108571300387,4.3763,-0.3001343849417931,37.4466
96,920982,锦波生物,bj,False,True,-0.6587566084923049,118.18,0.1497028398628722,0.0458915582478603,14.314,-0.6252270560240387,84.7018
97,920185,贝特瑞,bj,False,True,-0.6589276276011424,20.92,0.5413012882970661,0.036093916370395766,1.2631,-0.09971635421809977,19.9535
98,000929,兰州黄河,sz,False,True,-0.6599853333911138,8.76,0.21433011123732773,,-4.78,-0.07212713936430315,
99,920992,中科美菱,bj,False,True,-0.6604136278696177,11.13,0.5823772639916137,0.016614883612740293,1.5697,-0.521724502809583,38.4611
100,920066,科拜尔,bj,False,True,-0.665278537772191,16.73,0.39481996209728365,0.03285572067380512,4.8024,-0.5189898270598877,18.9723
101,920160,北矿检测,bj,False,True,-0.6814769512946037,20.37,0.24250654767678728,0.03645497264054303,8.7786,,65.1728
102,600493,凤竹纺织,sh,False,True,-0.6942032070330849,6.03,0.6798096532970768,0.0037387049051434483,-0.61,-0.2578796561604585,
103,920403,康农种业,bj,False,True,-0.6964039482255903,19.89,0.25938991492010793,0.03878389227386082,14.5483,-0.25642006098063275,39.8005
104,688528,秦川物联,sh,False,True,-0.6980933480305821,9.65,0.2745291824520947,,-5.29,-0.38156831042845585,
105,920640,富士达,bj,False,True,-0.6988118407929863,24.55,0.2038528182652125,0.01692428245273471,1.3556,-0.10108562349242478,30.4512
106,920396,常辅股份,bj,False,True,-0.7197301470486868,19.03,0.26260504201680673,0.029702235093190765,3.6947,-0.5160556087105903,36.6947
107,920190,雷神科技,bj,False,True,-0.7204701750692748,24.95,0.3427827100401056,0.011547277440661429,2.3647,-0.2510073707869558,8.5844
108,920088,科力股份,bj,False,True,-0.7266152850740173,44.2,0.18002124250661578,0.011940341278834431,8.4285,0.34947449920093043,31.2381
109,920533,骏创科技,bj,False,True,-0.7406251295474392,18.06,0.16218758616215515,0.01781641961231471,5.5897,-0.5248901817820967,23.6658
110,920370,新安洁,bj,False,True,-0.7458640986390266,2.72,0.6899882701994066,,-1.2843,-0.47390396659707723,12.6793
111,920394,民士达,bj,False,True,-0.7476292642882401,42.3,0.1359600821198896,0.019741387819563715,6.9892,0.08284504638959511,39.4209
112,920570,坤博精工,bj,False,True,-0.7513912555354517,23.7,0.2997871511227029,0.01184766743123614,1.6155,-0.46650420396854075,24.9499
113,920261,一诺威,bj,False,True,-0.7613869475129534,13.58,0.4121501875283353,0.05394383368037199,8.47,-0.14536374046249156,7.6721
114,920855,浙江大农,bj,False,True,-0.7620265531964655,12.18,0.6397134083930399,0.029848607860929365,2.062,-0.4505463579718737,28.758
115,920238,长鹰硬科,bj,False,True,-0.765467717782537,68.79,0.1175613082222379,0.019035834959310903,39.6609,,43.0113
116,920407,驰诚股份,bj,False,True,-0.7779497465010443,10.46,0.23819164900078604,0.016422302800987967,4.3238,-0.34732806928171156,38.1268
117,920914,远航精密,bj,False,True,-0.7988575825427473,16.59,0.6011783094865937,0.03252857635432728,3.1875,-0.4514275979279897,15.4194
118,920491,奥迪威,bj,False,True,-0.8021502587413848,21.1,0.3642854540818185,0.02827694439338885,1.2226,-0.2305516519101306,33.4131
119,920033,康普化学,bj,False,True,-0.8029086260600701,14.66,0.44159858688452197,0.02190714874077709,4.5237,-0.3349635300229836,36.3547
120,920081,欧伦电气,bj,False,True,-0.8046990251997269,41.12,0.3506434306953259,0.08206946359398595,16.8817,,23.2146
121,920663,明阳科技,bj,False,True,-0.8051500086852378,12.83,0.23646252069047055,0.05599668499624822,10.4696,-0.5358976780603129,40.3349
122,920089,禾昌聚合,bj,False,True,-0.8129014781829212,9.77,0.6871435442864015,0.08091662351113413,4.7425,-0.2427976572305648,13.724
123,920121,江天科技,bj,False,True,-0.8224105052932779,28.37,0.4327131112072696,0.060655320078124055,3.7565,,30.6136
124,920010,凯添燃气,bj,False,True,-0.8251152498831603,8.36,0.35709184402228256,0.014503452546878784,2.7971,-0.3543551013215588,15.1871
125,920156,海昌智能,bj,False,True,-0.8287526579163373,37.78,0.19086883493663154,0.054318305268875614,13.5393,,36.1241
126,920351,华光源海,bj,False,True,-0.8387751223142322,12.8,0.39422849483560674,0.01314722126904868,3.3818,-0.6303672062122452,8.8462
127,920242,建邦科技,bj,False,True,-0.8409359059448053,13.41,0.5448403617740002,0.06697923643670463,2.6064,-0.48048327364248256,25.9849
128,920183,海菲曼,bj,False,True,-0.8536017101725186,27.75,0.3529328721677137,0.05505577149652598,4.9253,,67.4823
129,920578,巨能股份,bj,False,True,-0.8575905110607018,16.05,0.21538726630481606,,3.7203,-0.4597945448104853,28.8522
130,688701,卓锦股份,sh,False,True,-0.8708222972368805,8.27,0.11700148591887116,,-7.53,-0.368421052631579,
131,920792,东和新材,bj,False,True,-0.8778510393798826,9.74,0.6619009796134498,0.04995354320481952,7.4706,-0.28861234878075903,28.8387
132,920117,龙鑫智能,bj,False,True,-0.8893819475625381,30.13,0.24860779634049324,0.04364791843077004,3.12,,27.0739
133,300268,佳沃食品,sz,False,True,-0.8909373153014559,12.42,,,-1.4,-0.09714285714285709,
134,920204,沪江材料,bj,False,True,-0.8947966968313593,12.47,0.42625745950554134,0.02079698194198058,4.3264,-0.4925998563992542,28.9117
135,920262,太湖雪,bj,False,True,-0.8949451495869635,13.42,0.34090134315129206,0.04198805020091282,7.3317,-0.463333930564898,44.6214
136,920839,万通液压,bj,False,True,-0.8964030451499359,23.69,0.23220173686899176,0.04272481799227535,9.2949,-0.2595796688345885,29.3583
137,688156,路德科技,sh,False,True,-0.896423305054147,19.24,0.39815257206561555,,1.16,-0.07271863117870714,
138,920002,万达轴承,bj,False,True,-0.9038197310161102,52.0,0.22936305878575197,0.019374926133094116,4.7323,-0.4776875521822267,32.5106
139,920098,科隆新材,bj,False,True,-0.9104416390535968,16.48,0.7104795737122558,0.04176341858639181,0.8673,-0.5609520326193134,33.0679
140,920180,爱得科技,bj,False,True,-0.9108764077040097,11.76,0.5702229571762559,0.05332963581191704,3.7555,,59.0461
141,920266,生物谷,bj,False,True,-0.9117086728689354,7.35,0.9615384615384615,,-0.5026,-0.39728353140916806,63.6146
142,300405,科隆股份,sz,False,True,-0.9145023022970298,5.65,0.24237723593000146,,-15.77,-0.29663608562691135,
143,920717,瑞星股份,bj,False,True,-0.9146301910607807,7.65,0.6265664160401002,,-2.492,-0.4407176287051482,30.3622
144,920299,灿能电力,bj,False,True,-0.9155562505478755,14.74,0.2114164904862579,0.015626489399770918,2.1992,-0.2588767915680522,48.4634
145,920222,益坤电气,bj,False,True,-0.9222692635254228,24.68,0.16150914141740422,0.027947793521701462,3.107,,28.9365
146,920045,蘅东光,bj,False,True,-0.9222862950874008,450.5,0.03106998825554444,0.010867013831535204,25.245,,30.6044
147,920037,广信科技,bj,False,True,-0.9227644883744235,42.35,0.16731921159187496,0.038969490785663904,6.5105,-0.4621414749383729,38.9482
148,920267,鑫汇科,bj,False,True,-0.9325945188742268,15.39,0.33002211148146926,,-1.4666,-0.3741056218057922,13.4465
149,920198,微创光电,bj,False,True,-0.933944982420449,7.45,0.36146755828664373,0.02735985597771813,0.8947,-0.3302919708029197,48.718
150,920221,易实精密,bj,False,True,-0.9355155885820097,12.48,0.292363466261256,0.03933384205102386,6.5946,-0.42249101386432364,31.228
151,920039,国义招标,bj,False,True,-0.9453830604622592,8.55,0.41335978835978837,0.02221289280724318,1.4285,-0.5333750584548369,44.2152
152,920060,万源通,bj,False,True,-0.9469823712199713,20.66,0.3473066370298336,0.036527278571637296,1.7024,-0.413837560989759,17.014
153,920896,旺成科技,bj,False,True,-0.9507818338292018,11.78,0.384926286616113,0.05156659309832718,14.2631,-0.43204414812011727,25.7339
154,920541,铁大科技,bj,False,True,-0.9531345809095162,9.66,0.3683512597613084,0.05589246290137775,6.8401,-0.5033772770167864,48.3064
155,920879,基康技术,bj,False,True,-0.9662387489816161,12.43,0.26037598291933556,0.031744419331081596,5.0971,-0.5033672230041635,53.6547
156,920271,邦德股份,bj,False,True,-0.9682880294359478,8.9,0.5590027391134217,0.07497600767754319,2.9481,-0.5049704711015957,33.488
157,920770,艾能聚,bj,False,True,-0.9711020901343576,9.72,0.49181134116952735,0.034219621530985865,0.5152,-0.4885881775208648,34.6964
158,603488,展鹏科技,sh,False,True,-0.9716207898246549,8.08,0.32259105132423627,,-4.28,-0.15600448933782274,
159,920368,连城数控,bj,False,True,-0.9732414873355437,23.05,0.7824113919098662,0.003205670703247216,0.4516,-0.19023912434503532,24.1167
160,920953,国子软件,bj,False,True,-0.9782646928074424,21.53,0.22300024530026982,0.02252049364922079,2.1464,-0.4592447163461306,56.3717
161,920260,中寰股份,bj,False,True,-0.9800657528501436,7.83,0.5574446736161436,0.03997697326340029,9.5952,-0.4716744960349778,31.2237
162,001366,播恩集团,sz,False,True,-0.9838924450287574,12.12,0.4132231404958678,,1.14,-0.2448377581120944,
163,920627,力王股份,bj,False,True,-0.9866375808503424,14.38,0.34858995363753614,0.02213623524619921,2.0861,-0.534290926307581,14.5206
164,920405,海希通讯,bj,False,True,-0.987468083525511,16.45,0.371843974268397,0.022455106628073825,0.1108,-0.2249391587606525,39.6673
165,688671,碧兴物联,sh,False,True,-0.9906745235075519,23.92,0.5323963158174945,,-1.71,-0.20612930310663313,
166,920833,美心翼申,bj,False,True,-0.9938340421824711,9.99,0.5383000484470044,0.01894276632582316,0.556,-0.4433879940613086,20.3497
167,301288,清研环境,sz,False,True,-0.9938753259102101,16.77,0.4326756663205262,,-1.36,0.018584703359542543,
168,920751,惠同新材,bj,False,True,-1.0018350565721188,15.61,0.30465513039239583,0.034440242734830796,5.8971,-0.2741298637080821,39.1649
169,920270,天铭科技,bj,False,True,-1.0025448104787615,12.6,0.3148614609571788,0.024797036258226417,1.4519,-0.3872683999304485,35.5672
170,920014,特瑞斯,bj,False,True,-1.0035267660708023,8.62,0.7487832272557096,0.00893432289893762,0.2102,-0.3061775904065147,28.9201
171,920651,天罡股份,bj,False,True,-1.0042127133091108,27.1,0.33360021350413666,0.04621541931249942,2.004,-0.29981254452124484,45.8745
172,920086,科马材料,bj,False,True,-1.0044831145872062,19.9,0.517170045510964,0.05570627196916101,6.4327,,50.319
173,600697,欧亚集团,sh,False,True,-1.0086531701506847,10.78,1.3104442405975625,,0.66,-0.25618515562649635,
174,920608,丰安股份,bj,False,True,-1.0104510428798668,13.24,0.5951318216985062,0.0411809035913866,7.106,-0.40849071509767687,34.0202
175,920181,赛英电子,bj,False,True,-1.0166685446036772,78.0,0.14764724121129796,0.027166973653468953,8.1642,,26.2051
176,688096,京源环保,sh,False,True,-1.0172995868733528,8.31,0.42556813345816663,,-8.09,-0.25849639546858916,
177,920030,德众汽车,bj,False,True,-1.0220500230023253,4.34,0.5619240278714318,,0.9965,-0.4563492063492063,9.3197
178,920807,奔朗新材,bj,False,True,-1.0221052068309857,9.22,0.5582849486377848,0.008228536069376433,-0.2496,-0.5783612468015817,26.4087
179,920139,华岭股份,bj,False,True,-1.0227088633059134,14.7,0.2612125486508372,,-0.8556,-0.38467645891226676,14.0819
180,920123,芭薇股份,bj,False,True,-1.0230392441799459,10.19,0.37571385632702137,0.03521982453483417,5.2179,-0.4711631414638452,22.2356
181,920175,东方碳素,bj,False,True,-1.0236272266670667,7.68,0.7084661707403471,,-2.1242,-0.423728813559322,7.0973
182,920072,科莱瑞迪,bj,False,True,-1.030923558104691,24.64,0.2681899857859308,0.03392901371750025,2.8634,,61.8819
183,920701,豪声电子,bj,False,True,-1.0323098632435368,13.08,0.47279088459174506,0.03581302734682768,0.163,-0.3736906735194824,12.1681
184,920834,三维装备,bj,False,True,-1.0387376080401431,9.22,0.2847785846504343,0.04203111142867951,2.2346,-0.4400958303657766,32.0609
185,301125,腾亚精工,sz,False,True,-1.0430189708550164,11.93,0.23502867349816675,,-3.57,-0.128960943257185,
186,920058,华洋赛车,bj,False,True,-1.0438463095115522,29.15,0.21815484630991078,0.02926629400918962,4.4838,-0.3112277742235736,17.7864
187,920225,利通科技,bj,False,True,-1.0499769321785841,14.5,0.4025764895330113,0.031021892149289753,1.2899,-0.42287363970469083,39.5819
188,920130,立方控股,bj,False,True,-1.0504860329146124,16.63,0.3042102701387199,,-1.7093,-0.5438992898644286,41.3938
189,002494,华斯股份,sz,False,True,-1.0518183889145747,4.79,0.6962818548948615,0.015289795132035027,0.66,-0.2134831460674157,
190,920166,海圣医疗,bj,False,True,-1.0642485031478766,20.43,0.4052684903748734,0.05596096163316471,5.3801,,49.5682
191,300242,佳云科技,sz,False,True,-1.0646073925879778,3.94,0.09698286312808527,,-2.47,-0.10991379310344829,
192,920802,保丽洁,bj,False,True,-1.072743083768562,10.3,0.5214851898206091,0.031460688296938565,2.3327,-0.4739129320049573,34.9727
193,300141,和顺电气,sz,False,True,-1.0732962790773404,9.74,0.24666995559940796,,-1.08,0.01441812564366618,
194,920061,西磁科技,bj,False,True,-1.0753736214879497,17.81,0.22004620970403785,0.004434739263939716,1.1806,-0.6166025070577648,26.3981
195,920634,新威凌,bj,False,True,-1.0814712050628688,16.76,0.27347809440463816,0.015871731018600083,0.7935,-0.4427916224271917,6.8278
196,920247,华密新材,bj,False,True,-1.0815037888511934,13.75,0.1854427445526194,0.017977431132955687,4.1671,-0.41678490387196454,30.422
197,688565,力源科技,sh,False,True,-1.0827016040620676,11.01,0.3016409266409266,0.0040095475345893646,0.11,-0.13024475524475532,
198,920027,交大铁发,bj,False,True,-1.0894877924123654,11.43,0.39207998431680063,0.03963174185468626,3.2624,-0.6110919399666481,38.1478
199,002084,海鸥住工,sz,False,False,-1.0913124115158597,3.95,0.5075884472869397,,-1.74,-0.03125,
200,920016,中草香料,bj,False,True,-1.0916190068158964,12.67,0.4025602834024395,0.02321715469125828,3.3207,-0.5449200587935327,27.7295
201,920050,爱伦医疗,bj,False,True,-1.0978909539751507,28.75,0.5387060281204546,0.05503486458671568,6.6554,,24.6822
202,920445,龙竹科技,bj,False,True,-1.0991744538751294,6.9,0.30230659935306387,0.02173261065158713,1.5818,-0.48159899492325087,26.6121
203,300912,凯龙高科,sz,False,True,-1.1015129099655665,19.06,0.20626637239330872,,-25.8,0.39003115264797494,
204,002319,乐通股份,sz,False,True,-1.1040258907401912,10.9,0.07827114690711563,,2.95,-0.17862595419847327,
205,920057,百甲科技,bj,False,True,-1.1057396102565842,4.87,0.8138020833333334,0.013856748929566145,-0.3464,-0.44328519696166746,13.0926
206,920765,美之高,bj,False,True,-1.109854524938669,13.94,0.25613441934327136,,-2.3578,-0.33787176733498614,26.4969
207,920077,吉林碳谷,bj,False,True,-1.1137637419838597,13.46,0.339570104248022,0.02618287692215045,3.956,-0.0565732707036366,15.649
208,920188,悦龙科技,bj,False,True,-1.1167173385240265,21.11,0.4548142083958703,0.05277574004781482,8.4667,,53.7483
209,920526,凯华材料,bj,False,True,-1.1187503732222566,19.06,0.14557524056308502,0.010464837622347033,3.843,-0.34479662696408686,29.1715
210,920112,巴兰仕,bj,False,True,-1.1230110915271914,15.34,0.5078462241633234,0.08082244924350188,3.029,,27.1886
211,920078,族兴新材,bj,False,True,-1.1250129003929237,21.49,0.3836856846871043,0.031234870609548496,10.1151,,20.8807
212,920363,莱赛激光,bj,False,True,-1.1276870725948642,9.92,0.28348688873139616,0.004147617007386491,0.5948,-0.4613292242487126,26.6233
213,920689,克莱特,bj,False,True,-1.1306718045387258,19.67,0.35000525007875116,0.03922153105168613,5.7799,-0.5496593490904835,27.7668
214,688118,普元信息,sh,False,True,-1.1313570513087718,19.81,0.4332567913002036,,-5.62,-0.43316912972085375,
215,000692,惠天热电,sz,False,True,-1.1342105677343293,4.19,0.0830668272625327,0.014690910586710897,-40.73,-0.04986876640419946,
216,603689,皖天然气,sh,False,True,-1.138942712681297,7.54,0.9518370454978108,0.08531185749507324,3.0,-0.12380952380952381,
217,601368,绿城水务,sh,False,True,-1.1463634201228583,4.59,1.1930326890956813,0.029197932786358724,0.52,-0.14829659318637278,
218,301198,喜悦智行,sz,False,True,-1.146610188550333,12.36,0.43327556325823224,,-0.6,-0.15081967213114755,
219,920119,美德乐,bj,False,True,-1.1471923466452465,51.52,0.3773015393902807,0.05358425051708802,9.8934,,32.4115
220,300535,达威股份,sz,False,True,-1.1486083183319813,16.99,0.5262327000999841,0.012184586741463783,-0.84,-0.353125,
221,300103,达刚控股,sz,False,True,-1.1487697125952323,7.46,0.1743527155435446,,-3.9,-0.12137931034482752,
222,920395,朗鸿科技,bj,False,True,-1.1568336658608196,6.69,0.24506800637176818,0.03534018461712444,4.0557,-0.5324636182842044,55.3022
223,920357,雅葆轩,bj,False,True,-1.1649239950304846,15.02,0.2711864406779661,0.047649906606183054,16.8626,-0.22895631847605313,19.0054
224,920005,鼎佳精密,bj,False,True,-1.1653157588138088,22.42,0.33636057854019513,0.027207922947162216,4.5538,-0.5377405541561713,29.3498
225,920015,锦华新材,bj,False,True,-1.1678562280803613,39.49,0.31472272927550826,0.027038719446247025,3.7951,,24.6055
226,301105,鸿铭股份,sz,False,True,-1.1679248539059737,46.12,0.35434605435668476,,-2.24,-0.01882057716436636,
227,688435,英方软件,sh,False,True,-1.1761280280153898,29.85,0.43457476858893573,,-1.11,-0.26960784313725494,
228,000544,中原环保,sz,False,True,-1.1815586699969112,7.17,1.347164219318335,0.14720819655238404,5.71,-0.140625,
229,688178,万德斯,sh,False,True,-1.1817230654382893,27.97,0.39064025938513225,,1.22,-0.06216984965461203,
230,300616,尚品宅配,sz,False,True,-1.184188194039332,10.4,1.23334977799704,,-3.37,-0.34590282813633066,
231,920950,迅安科技,bj,False,True,-1.1901298795015223,12.3,0.36493686592219543,0.04429482636428065,6.7508,-0.4871460127366677,38.3906
232,600897,厦门空港,sh,False,True,-1.1902922281687065,14.46,0.8241984669908514,0.08450942280064228,10.68,-0.002760524499655026,
233,000166,申万宏源,sz,False,True,-1.1912116193221123,4.44,1.031140441328109,0.08892050506846878,2.06,-0.12138728323699433,
234,600025,华能水电,sh,False,True,-1.193278805961989,9.68,0.39340650694362483,0.0473480364769273,10.38,0.11308203991130816,
235,688670,金迪克,sh,False,True,-1.1949372120383908,15.01,0.5667327854916407,,-4.87,-0.2172601086300543,
236,920455,汇隆活塞,bj,False,True,-1.2024469977704406,5.71,0.3481530480799359,0.02728892697210253,2.3495,-0.4712673132394226,33.6433
237,920924,广脉科技,bj,False,True,-1.202679921765862,14.04,0.21445881318492785,0.00950902977467403,2.3596,-0.5282814841027688,24.0088
238,600023,浙能电力,sh,False,True,-1.2070947223546622,4.86,1.1841326228537596,0.11356796474850374,9.84,0.028340080971659853,
239,920237,力佳科技,bj,False,True,-1.2095714003802962,12.13,0.459094665319989,0.03455341439564351,1.1215,-0.4169924661569989,25.9326
240,920184,国源科技,bj,False,True,-1.2102701400571079,10.65,0.44964028776978415,0.015313701168435398,0.2506,-0.5284346243296074,36.5085
241,600905,三峡能源,sh,False,True,-1.2104814792363345,3.7,0.8481764206955046,0.021817245660004408,4.19,-0.08313539192399055,
242,300635,中达安,sz,False,True,-1.211184917079462,12.22,0.1797365062817909,,0.48,-0.307909604519774,
243,920075,柏星龙,bj,False,True,-1.2139196408479132,15.08,0.4160599126274183,0.027380157052580855,1.5454,-0.5726148380128376,31.9817
244,920753,天纺标,bj,False,True,-1.2155411724642284,14.88,0.33843238121023417,0.029200831639685097,1.4235,-0.46604762753013607,42.8217
245,920857,泓禧科技,bj,False,True,-1.2167883718346844,21.24,0.21684918139434023,,-10.6489,-0.15681233933161953,4.6086
246,000900,现代投资,sz,False,True,-1.2208848439331996,3.64,2.024701356549909,0.07139083627225609,1.3,-0.11778846153846156,
247,002529,海源复材,sz,False,True,-1.221965450340098,6.92,0.0316958215398464,,-85.22,-0.033280507131537185,
248,300169,天晟新材,sz,False,True,-1.2238253321399275,5.45,0.03424317447924692,0.017528422336819154,20.13,-0.46459627329192554,
249,603053,成都燃气,sh,False,True,-1.2244139775732115,8.7,0.6297229219143576,0.0589219637512079,5.15,-0.10640495867768585,
250,920892,广咨国际,bj,False,True,-1.2250634539526224,9.94,0.2638243984803715,0.0639828014229775,1.6576,-0.43995674620130465,32.9238
251,300732,设研院,sz,False,True,-1.2288517452342138,5.94,1.254862592546116,,-1.58,-0.5607553366174056,
252,920011,晨光电机,bj,False,True,-1.2290570655696944,18.13,0.566475953095791,0.06034347506004176,2.2654,,17.5928
253,920799,艾融软件,bj,False,True,-1.2311238085705472,29.88,0.06268609935746748,0.0054616247131964325,1.8557,-0.5272834147443386,27.6581
254,688450,光格科技,sh,False,True,-1.2325195431481775,32.68,0.4337453914552158,,-7.12,-0.08831254103742614,
255,002682,龙洲股份,sz,False,True,-1.2336548991263068,4.53,0.20683806647775457,,-8.74,-0.1947261663286003,
256,688058,宝兰德,sh,False,True,-1.2339588508349204,22.5,0.3611412062116287,,-5.6,-0.38664097623635196,
257,002736,国信证券,sz,False,True,-1.2367265800786749,9.83,0.9962143853357243,0.10775629835563888,1.5,-0.23141762452107284,
258,920682,球冠电缆,bj,False,True,-1.239155064713157,5.67,0.5099699117752052,0.03456272962613496,2.8453,-0.36589998966568493,8.0207
259,603880,南卫股份,sh,False,True,-1.2407478094338737,8.68,0.0685960447520596,,-57.4,-0.18922651933701662,
260,688466,金科环境,sh,False,True,-1.242247495770657,13.78,0.670465973851827,0.01202683427262909,1.15,-0.4850352112676056,
261,000619,海螺新材,sz,False,True,-1.2444987183217153,4.81,1.1700011700011699,,-1.05,-0.3529411764705883,
262,920187,通领科技,bj,False,True,-1.2461558663108079,18.8,0.749512816669165,0.07450676521428146,2.4964,,31.3235
263,601838,成都银行,sh,False,True,-1.246300217418499,18.88,1.1495574203931487,0.16780775943079607,13.37,0.018774157923798995,
264,002133,广宇集团,sz,False,True,-1.2463320583616535,2.69,1.3914011409489355,0.03470137729766495,-0.14,-0.29393939393939383,
265,920007,酉立智能,bj,False,True,-1.2492044585724484,32.65,0.44702726866338843,0.03745248216325537,3.2789,-0.5975222542658014,13.2553
266,300621,维业股份,sz,False,True,-1.2503927640442767,7.2,0.3584486343107033,,-8.5,-0.3794549266247379,
267,920223,荣亿精密,bj,False,True,-1.2505814522459409,11.09,0.13679703424029765,,-4.7362,-0.05611775528978835,9.9569
268,600926,杭州银行,sh,False,True,-1.2530259258254757,16.82,1.1485012059262663,0.16105393696348907,4.57,0.0006357279084552303,
269,002884,凌霄泵业,sz,False,True,-1.253626528086287,16.04,0.43813529617946023,0.07817691435719033,3.89,0.01835443037974671,
270,920082,方正阀门,bj,False,True,-1.2545563445209131,7.85,0.33850111705368624,0.023405609856570423,4.0383,-0.5244488827217043,21.8297
271,300645,正元智慧,sz,False,True,-1.2550575349890616,12.83,0.5772672169947469,0.007237455860566071,-1.06,-0.4086307938199254,
272,920019,铜冠矿建,bj,False,True,-1.2571243992577106,14.62,0.30420101603139355,0.01168461813499473,1.8058,-0.44405962087107864,12.5338
273,688425,铁建重工,sh,False,True,-1.258118492689479,4.02,0.8697164724299878,0.05840507423284935,2.71,-0.32781456953642396,
274,601881,中国银河,sh,False,True,-1.258607825581094,12.03,0.9214891264283082,0.09749154260867869,2.13,-0.258487194758785,
275,600917,重庆燃气,sh,False,True,-1.2604435047719,4.79,0.7768800497203232,0.024104168574913345,1.29,-0.1753472222222222,
276,920706,铁拓机械,bj,False,True,-1.2610091271496475,13.44,0.4745408816969582,0.03459094478247484,2.4357,-0.5433436710676548,30.3756
277,600548,深高速,sh,False,True,-1.2637344307232068,8.25,1.121201928467317,0.056388857561745796,1.85,-0.16253716551040642,
278,920189,康美特,bj,False,True,-1.2650686855626057,20.87,0.21404109589041098,0.03363594471596126,8.1432,,41.0967
279,603860,中公高科,sh,False,True,-1.2650755986014062,26.1,0.48309178743961356,0.026808932736387764,0.08,-0.31830477908025256,
280,601688,华泰证券,sh,False,True,-1.267714706697385,18.64,1.0585371017254155,0.1042524577516915,2.27,0.031524547803617464,
281,920367,新赣江,bj,False,True,-1.2679346282169384,26.09,0.2619378159624905,0.0066962596702359965,0.7465,-0.02349137512525712,42.7629
282,603310,巍华新材,sh,False,True,-1.2691964852008881,14.59,0.8074283407347599,0.03510434767345936,1.77,-0.3093385214007782,
283,300195,长荣股份,sz,False,True,-1.2699830853757585,5.5,1.1462631820265934,,-1.24,-0.41895261845386533,
284,001289,龙源电力,sz,False,True,-1.2750895775450728,15.72,0.5836008170411439,0.03229890700498695,2.12,-0.0219780219780219,
285,920136,永励精密,bj,False,True,-1.2763226770215654,20.23,0.48030739673390976,0.06738771521951549,2.9495,,32.8905
286,301166,优宁维,sz,False,True,-1.277363132798187,29.0,0.7976389885937625,,-0.43,-0.27308388654194327,
287,920418,苏轴股份,bj,False,True,-1.2779500117287093,17.68,0.3205128205128205,0.04336569859972159,6.1246,-0.4162837645066264,36.8706
288,601456,国联民生,sh,False,True,-1.2791466952567534,8.74,1.0774701002047193,0.042892130580802344,0.93,-0.19434306569343074,
289,002910,庄园牧场,sz,False,True,-1.2813989362937561,9.44,0.5368262830148164,,-3.18,-0.21597633136094674,
290,920159,农大科技,bj,False,True,-1.2823642474383095,28.47,0.5135843048636434,0.06586400400453145,10.2687,,15.1496
291,920079,乔路铭,bj,False,True,-1.28502070488174,14.01,0.2916557295768075,0.07318983246847348,5.5447,,24.076
292,300929,华骐环保,sz,False,True,-1.2854221669713717,16.26,0.35727045373347627,,-5.17,0.25021132713440397,
293,600778,友好集团,sh,False,True,-1.2854605153631313,5.5,0.1475448536355052,0.008037964915890735,8.36,-0.33428165007112387,
294,603167,渤海轮渡,sh,False,True,-1.289703039060123,8.77,0.8607333448097779,0.06048801732376816,1.65,-0.10062893081760993,
295,601169,北京银行,sh,False,True,-1.2910801111019163,5.17,2.592688618096967,0.18765246762994933,2.1,-0.17990275526742305,
296,688560,明冠新材,sh,False,True,-1.2926361222795792,11.93,1.0683760683760684,,-5.47,-0.30512991339107265,
297,920018,宏远股份,bj,False,True,-1.2939269738263082,14.8,0.38125738686187044,0.04427384257107059,2.9837,,7.9932
298,002144,宏达高科,sz,False,True,-1.294239718111505,10.75,1.129305477131564,0.013585830522198568,1.1,-0.2613185067513899,
299,920675,秉扬科技,bj,False,True,-1.295183008171034,7.07,0.5189413596263622,0.03353116721993093,2.1263,-0.4780854832971493,22.1477
300,920218,新天力,bj,False,True,-1.2962321126614107,16.26,0.38898397386027694,0.050006500845109866,2.5228,,16.9482
301,920020,泰凯英,bj,False,True,-1.2981131972706934,15.18,0.35016457735135514,0.053124518559050565,3.4861,,18.098
302,920177,恒道科技,bj,False,True,-1.2990350028513624,24.09,0.3347952726907496,0.06357925790290175,4.1698,,45.7711
303,603721,中广天择,sh,False,True,-1.3012621786577834,17.28,0.21830247991617185,0.01211263784181864,-1.54,-0.2749244712990936,
304,920720,吉冈精密,bj,False,True,-1.3022651569825414,9.18,0.2247191011235955,0.023645189740825075,12.4253,-0.3922147568957298,20.6133
305,920245,威博液压,bj,False,True,-1.307432132915562,12.8,0.4018000642880103,0.017889247667689335,3.7601,-0.514862514057354,14.371
306,600283,钱江水利,sh,False,True,-1.3074914253427228,7.79,0.7276431637924762,0.045787545787545784,1.19,-0.21215242018537595,
307,601200,上海环境,sh,False,True,-1.3086328319150946,6.93,1.2669453946534905,0.06466172220030908,1.33,-0.15925925925925932,
308,688681,科汇股份,sh,False,True,-1.3091812469967283,16.83,0.3523608174770965,0.028396264187483495,0.41,-0.17090479006505033,
309,601018,宁波港,sh,False,True,-1.309496728330529,3.43,1.2281994595922376,0.07737722169347787,1.43,-0.04225352112676051,
310,601158,重庆水务,sh,False,True,-1.3096137469303448,4.12,0.8852691218130312,0.042206915180983254,1.54,-0.09150326797385622,
311,002188,中天服务,sz,False,True,-1.3124554962197343,5.4,0.2041649652919559,0.01633679945761826,1.75,-0.27348993288590606,
312,601901,方正证券,sh,False,True,-1.312540210879593,6.65,0.9574875526618154,0.07783615489394824,2.84,-0.12079701120797004,
313,920523,德瑞锂电,bj,False,True,-1.3136761906150232,15.39,0.47145349111310164,0.08742863637555845,6.7434,-0.4249398075990708,36.966
314,002591,恒大高新,sz,False,True,-1.3155669990522232,6.22,0.3424892115898349,,0.94,-0.17177914110429437,
315,300422,博世科,sz,False,True,-1.3162012620499137,4.07,0.26574541589157585,,-6.28,-0.23320895522388063,
316,688296,和达科技,sh,False,True,-1.3169063281247075,24.11,0.22038567493112948,,-2.22,-0.0813718897108271,
317,301167,建研设计,sz,False,True,-1.3186942749518802,14.27,0.6009615384615384,0.013282646753322655,1.08,-0.3431986340352875,
318,688193,仁度生物,sh,False,True,-1.319555706373269,46.58,0.4921502042423348,0.00742683270093853,1.1,-0.2019581493568824,
319,688538,和辉光电,sh,False,True,-1.3229644384551957,2.29,0.24008450974743112,,-12.53,-0.12734082397003743,
320,600874,创业环保,sh,False,True,-1.3232020299709373,5.57,1.2045290291496025,0.10105807807747112,2.62,-0.04869565217391314,
321,600958,东方证券,sh,False,True,-1.3245105419604148,8.93,1.0783996549121104,0.07624391954741609,1.87,-0.2131438721136768,
322,920566,梓橦宫,bj,False,True,-1.3263685538396388,9.7,0.6127826459954654,0.06509611441293069,10.3542,-0.33020435862113806,76.4743
323,920163,方大新材,bj,False,True,-1.3270865411031327,10.85,0.37016472330186934,0.03510299217905334,6.0693,-0.353557242620396,16.0991
324,002622,皓宸医疗,sz,False,True,-1.3308309928592128,2.47,0.12889920082495487,,-44.11,-0.3694267515923567,
325,600221,海航控股,sh,False,True,-1.3309244138530534,1.3,0.12378382392988885,0.06109817866329405,24.81,-0.125,
326,001213,中铁特货,sz,False,True,-1.3309372675734028,3.5,1.2379301807378065,0.024083792330275494,2.22,-0.18544600938967126,
327,300536,农尚环境,sz,False,True,-1.3320564971706566,8.8,0.10913932726518674,,-5.23,-0.3044315992292872,
328,920496,许昌智能,bj,False,True,-1.3346133947733978,6.09,0.5584096493187403,0.009786488187219434,1.9311,-0.47110372665027644,22.3961
329,920126,永大股份,bj,False,True,-1.334627766855721,9.87,0.4220299641274531,0.05955571437079388,4.4817,,24.7912
330,920062,科润智控,bj,False,True,-1.3368984143798615,7.15,0.5569789461958338,0.007317826371397251,0.6117,-0.35367222526149233,11.4284
331,920208,青矩技术,bj,False,True,-1.3420330017221447,11.98,0.46921921921921916,0.0886037816093991,7.0284,-0.4081162009205819,46.9704
332,920371,欧福蛋业,bj,False,True,-1.3434305810785474,6.82,0.4316484654897052,0.037740406388695996,1.2259,-0.39567447166330016,14.7739
333,300097,智云股份,sz,False,True,-1.343818950413003,8.78,0.07614406457016676,,-8.48,0.47744360902255645,
334,920527,夜光明,bj,False,True,-1.3452836287135077,13.41,0.4888302292613775,0.03218062340303656,3.8912,-0.37949554133877716,25.236
335,603709,中源家居,sh,False,True,-1.3461273196361154,11.81,0.2639497439687483,,-5.59,-0.1504897595725736,
336,601377,兴业证券,sh,False,True,-1.3466624918106005,5.81,1.1206993163734171,0.07313362976831266,3.44,-0.05379746835443033,
337,920304,迪尔化工,bj,False,True,-1.3491734261571127,9.89,0.3151492231571649,0.02862925967597404,3.1224,-0.4128480158804073,10.3237
338,002828,贝肯能源,sz,False,True,-1.3493942638314353,12.26,0.24481002741872304,,-20.61,0.1795634920634921,
339,920556,雅达股份,bj,False,True,-1.3505168316864378,6.52,0.5040322580645161,0.021099717263788665,4.4868,-0.41775126314757194,32.0447
340,688246,嘉和美康,sh,False,True,-1.3512214729558059,17.06,0.5495713343591998,,-1.11,-0.5722145804676754,
341,920961,创远信科,bj,False,True,-1.3519689233125196,19.25,0.2730971952918043,,-2.6698,-0.1775989523662752,41.0323
342,600281,华阳新材,sh,False,True,-1.3525247371770373,4.59,0.023828359560414424,,-11.07,-0.45058139534883723,
343,920837,华原股份,bj,False,True,-1.3527134813368784,9.38,0.4137360364087712,0.056023978262696436,3.8144,-0.4373198385471929,31.0141
344,600688,上海石化,sh,False,True,-1.353648589864905,2.84,0.7822889775483064,,1.28,-0.04513888888888884,
345,603717,天域生物,sh,False,True,-1.3567876702459616,6.31,0.20889910173386256,,-25.92,-0.34709677419354845,
346,300958,建工修复,sz,False,True,-1.3576913351829947,12.51,0.6282985674792662,,0.16,-0.25726435152374194,
347,920273,一致魔芋,bj,False,True,-1.3582133844930624,17.13,0.38575782123982566,0.031526248754713174,3.5124,-0.5991780296837581,13.9956
348,920191,瑞尔竞达,bj,False,True,-1.3587522180437646,8.47,0.6916107614634484,0.054400748554300105,5.4079,,37.3697
349,688067,爱威科技,sh,False,True,-1.3596803970663476,22.55,0.3403328455229214,0.019546062250299055,5.61,-0.36379430159833226,
350,603213,镇洋发展,sh,False,True,-1.3603311735306203,13.89,0.31047222825918225,0.012171669222717204,1.65,0.08150470219435735,
351,600448,华纺股份,sh,False,True,-1.3610761777164617,2.92,0.48718698236383123,,-4.91,-0.3023255813953488,
352,002857,三晖电气,sz,False,True,-1.3610782479904595,19.29,0.17900936218964253,,-9.88,-0.41366612111292966,
353,300935,盈建科,sz,False,True,-1.3625215368034362,29.36,0.31518895577898953,,-3.45,-0.2257829570284049,
354,601985,中国核电,sh,False,True,-1.3662583988858243,8.77,0.6651147322913202,0.04563459467353011,1.71,-0.008908685968819552,
355,301037,保立佳,sz,False,True,-1.3677589370075796,13.15,0.29836496001909535,,-9.69,-0.2842535787321063,
356,600303,曙光股份,sh,False,True,-1.3679644231624968,2.83,0.4870208931963181,,-6.39,-0.34794520547945207,
357,920871,派特尔,bj,False,True,-1.36970849868662,10.88,0.2805521265851195,0.014682110289076069,4.31,-0.42488759371842333,29.4936
358,601059,信达证券,sh,False,True,-1.3739667806311888,16.53,0.4010427110487267,0.03669118861105505,3.85,,
359,600029,南方航空,sh,False,True,-1.3778959683168845,5.03,0.406603236561763,0.03384587266505786,4.0,-0.11888111888111885,
360,000598,兴蓉环境,sz,False,True,-1.3781493077714957,7.15,0.9492168960607498,0.09489376642848331,2.6,0.05523255813953476,
361,000750,国海证券,sz,False,True,-1.3792454803927083,3.7,0.9665571235260004,0.03495049262719358,1.12,-0.1004784688995215,
362,601788,光大证券,sh,False,True,-1.3795333862039647,14.25,0.9355412105903266,0.06499415052645262,2.99,-0.19248035914702577,
363,688288,鸿泉技术,sh,False,True,-1.3803946684954242,18.19,0.41347942939838744,0.0012966181217163955,4.0,-0.48772395487723963,
364,300899,上海凯鑫,sz,False,True,-1.3819562947614232,28.5,0.3439617514532384,,-1.8,0.004901960784313708,
365,600892,大晟文化,sh,False,True,-1.3823446806522381,3.78,0.00414714398635092,,-321.44,-0.0033003300330032292,
366,920022,世昌股份,bj,False,True,-1.3830956273635424,18.13,0.4070998208760788,0.060727515637335285,6.4721,,23.0935
367,603982,泉峰汽车,sh,False,True,-1.3840272502127569,6.05,0.9603380389897245,,-14.55,-0.4407327586206896,
368,002058,威尔泰,sz,False,True,-1.3842163722054284,15.93,0.02772410083809957,0.0928272392250782,11.86,0.06382978723404253,
369,920083,金戈新材,bj,False,True,-1.3847152103448692,44.5,0.11102229327648992,0.014470188517616006,3.1309,,23.4761
370,600755,厦门国贸,sh,False,True,-1.385170830447825,5.68,1.5928639694170117,0.02822554468244851,0.74,-0.05775577557755773,
371,600137,浪莎股份,sh,False,True,-1.3867272982297063,18.04,0.3211510052026463,0.01758278855993445,1.39,-0.23511604439959632,
372,002743,富煌钢构,sz,False,True,-1.3873829722221318,4.47,1.1926058437686344,,-1.94,-0.4668820678513732,
373,000728,国元证券,sz,False,True,-1.389325160115418,7.09,1.2565971349585323,0.07523322299127294,1.39,-0.1440476190476191,
374,920069,普昂医疗,bj,False,True,-1.3895464348015434,33.18,0.4507956543298922,0.05541271389307563,16.1428,,52.0333
375,920110,雷特科技,bj,False,True,-1.391022280414684,25.41,0.36686477364443465,0.03981652545072307,3.962,-0.36668818064930697,45.681
376,920080,奥美森,bj,False,True,-1.392035209713776,20.75,0.325055259394097,0.046935796523934904,6.9406,,45.262
377,600051,宁波联合,sh,False,True,-1.3926089111912352,6.27,1.7543859649122808,0.03889764085808196,0.16,-0.2788586251621271,
378,601236,红塔证券,sh,False,True,-1.3938184149506676,6.78,0.8036647110825363,0.03500567091868883,0.77,-0.20391705069124422,
379,002780,三夫户外,sz,False,True,-1.3938807679212137,12.99,0.3820731287968517,0.03321177822502972,6.75,-0.15654038598999287,
380,600540,新赛股份,sh,False,True,-1.3953248924216717,4.05,0.16343073805321304,,-41.5,-0.375968992248062,
381,000027,深圳能源,sz,False,True,-1.397992021090299,6.14,1.1453441759248655,0.06850628887731894,2.36,-0.037993920972644424,
382,300707,威唐工业,sz,False,True,-1.3988928212336986,12.0,0.5364806866952789,0.012867545348446694,-1.0,-0.2761904761904761,
383,688638,誉辰智能,sh,False,True,-1.3989593379106053,33.09,0.41235412972660923,,-10.15,-0.34785838078732356,
384,300013,新宁物流,sz,False,True,-1.4000248219985656,3.98,0.08085708510208207,,-15.5,-0.19902912621359226,
385,002120,韵达股份,sz,False,True,-1.4012812080859038,6.62,1.1087703736556158,0.06968009866701971,2.25,-0.21479713603818618,
386,002566,益盛药业,sz,False,True,-1.402615090096076,6.74,1.0076582023377672,0.014920562922997958,0.72,-0.266109785202864,
387,605177,东亚药业,sh,False,True,-1.4033244636155708,20.64,0.7016559079427449,,-1.98,-0.3324009324009324,
388,001278,一彬科技,sz,False,True,-1.4045935051213867,15.87,0.6015399422521656,,-3.61,-0.33020266930301534,
389,002574,明牌珠宝,sz,False,True,-1.4046370065699556,4.77,1.079097874177188,,-13.29,-0.3058823529411765,
390,920275,驱动力,bj,False,True,-1.4058585161101478,6.29,0.22826359880389877,0.0022801751539346248,-0.2246,-0.40311010162349303,27.2002
391,688272,富吉瑞,sh,False,True,-1.4065215790925174,27.88,0.18809720863742382,,-19.98,-0.15258764607679465,
392,920169,七丰精工,bj,False,True,-1.4076384190148366,19.9,0.20945478918375468,0.017274110771962736,0.3288,-0.5554993678887484,21.1447
393,000702,正虹科技,sz,False,True,-1.410019328321386,5.45,0.175530981218185,,-3.79,-0.4483985765124554,
394,920220,朗信电气,bj,False,True,-1.4104983425820878,39.1,0.30013806350921424,0.05084478612140718,2.0735,,17.9791
395,920003,中诚咨询,bj,False,True,-1.4124980879130482,15.19,0.43382065853975965,0.07054325359594235,7.9101,,47.7307
396,920199,倍益康,bj,False,True,-1.4130860384790564,24.77,0.31214883256336623,0.003643587213632263,-0.5195,-0.4175669328323156,37.0658
397,601330,绿色动力,sh,False,True,-1.413144414992225,7.01,0.8250825082508251,0.06372552143407914,2.43,0.014534883720930258,
398,920161,龙辰科技,bj,False,True,-1.4140291293736336,27.51,0.19074141186793064,0.022866289372892014,4.9122,,32.7676
399,300665,飞鹿股份,sz,False,True,-1.4155041909588943,9.03,0.2114835571534313,,-5.13,-0.16201716738197436,
400,920008,成电光信,bj,False,True,-1.4156355626490695,18.76,0.2722495984318423,0.01674867936663194,5.1399,-0.5351430995757425,41.8621
401,920106,林泰新材,bj,False,True,-1.4158115025444806,34.73,0.3082804118626303,0.06411283859592884,7.7565,-0.6679757161828874,48.0788
402,601117,中国化学,sh,False,True,-1.4158206672508034,7.5,1.503307276007216,0.14322133424994987,2.28,-0.055696202531645644,
403,920028,新恒泰,bj,False,True,-1.4159032761387662,13.65,0.5052546483427648,0.05030737808006922,2.3087,,25.0147
404,300851,交大思诺,sz,False,True,-1.416420990326914,23.85,0.6456611570247934,0.039359076793494735,0.25,-0.25716332378223505,
405,600461,洪城环境,sh,False,True,-1.4168980980343466,8.91,0.8939746111210441,0.1029230135858378,3.07,0.04086265607264461,
406,920378,泰德股份,bj,False,True,-1.4170089879838073,6.8,0.37690336197798885,0.021489571111139763,2.1097,-0.43282617060408224,22.9116
407,601866,中远海发,sh,False,True,-1.4183435055424864,2.4,0.9875567845151096,0.048929424198536034,1.33,-0.032128514056224966,
408,301372,科净源,sz,False,True,-1.4200593022202053,29.35,0.36824274561791137,,-5.13,-0.0033234859675036477,
409,000545,金浦钛业,sz,False,True,-1.420444889092067,2.52,0.25716857400025717,,-2.23,-0.13454545454545463,
410,000507,珠海港,sz,False,True,-1.4205897629039952,4.97,1.3077023669412842,0.0505676215519203,1.01,-0.11700182815356486,
411,603937,丽岛新材,sh,False,True,-1.4226598098500784,11.71,0.6326311127981274,0.0009522480910996703,1.64,-0.11444652908067543,
412,600704,物产中大,sh,False,True,-1.424906129661245,4.88,1.6702856188408217,0.14307175048286716,2.1,-0.06704980842911867,
413,300949,奥雅股份,sz,False,True,-1.4250487652708963,22.27,0.2906385328566861,,-22.63,-0.34624867911236357,
414,301159,三维天地,sz,False,True,-1.4257060868550646,31.0,0.27074590496818735,0.009458590291702925,1.26,-0.305756358768407,
415,300556,丝路视觉,sz,False,True,-1.4258461467266454,15.88,0.20832031331375123,,2.76,-0.35480901978831114,
416,920339,恒太照明,bj,False,True,-1.4279973171038263,10.53,0.2591143471614023,0.009128943589518877,0.6859,-0.007342771286374727,18.2398
417,000820,神雾节能,sz,False,True,-1.4283781865494878,3.45,0.03855733861825921,,-73.59,0.0652173913043479,
418,600061,国投资本,sh,False,True,-1.429348479035967,6.26,1.3664935774801859,0.084071763657458,1.34,-0.15775401069518724,
419,000605,渤海股份,sz,False,True,-1.4293648382550006,5.86,1.0270103728047653,0.004244968650906513,0.68,-0.29755434782608703,
420,603022,新通联,sh,False,True,-1.4296893928478978,8.71,0.4901720503896868,0.03409269120885864,7.01,-0.2911025145067698,
421,920693,阿为特,bj,False,True,-1.430282286254728,22.18,0.21868917707262667,,0.6893,-0.5687089470234898,22.3814
422,002671,龙泉股份,sz,False,True,-1.4306550527940838,3.9,0.7487832272557096,0.025022958564482917,-0.45,-0.29614604462474636,
423,300126,锐奇股份,sz,False,True,-1.4316432269500936,6.34,0.5090872066384972,,-2.95,-0.35185185185185186,
424,300305,裕兴股份,sz,False,True,-1.4331643278948567,5.98,0.8621432882145013,,-2.42,-0.3189033189033189,
425,920036,觅睿科技,bj,False,True,-1.4333928897345043,28.6,0.3856090695253152,0.04359121898484769,4.4379,,39.8546
426,603863,松炀资源,sh,False,True,-1.4376305462118502,12.45,0.09504528908024673,,-82.36,-0.37573177221926557,
427,600854,春兰股份,sh,False,True,-1.4381054287905206,4.53,1.0535187526337968,0.05360234563864515,0.06,-0.24814814814814823,
428,600018,上港集团,sh,False,True,-1.4384481348311782,5.24,1.1909015124449207,0.11202097032564497,2.76,-0.07220216606498198,
429,600528,中铁工业,sh,False,True,-1.4408096088950981,6.96,1.6496205872649292,0.08846817357455655,1.14,-0.22742474916387967,
430,600858,银座股份,sh,False,True,-1.4411293434169106,4.82,1.1001100110011002,0.02311679064972052,2.57,-0.215547703180212,
431,301378,通达海,sz,False,True,-1.4436104253894408,24.23,0.5076399817249606,,-3.46,-0.36388221153846156,
432,301103,何氏眼科,sz,False,True,-1.4438029008790658,16.39,0.7415097137772505,0.0106149900643693,1.45,-0.3666234327712926,
433,920436,大地电气,bj,False,True,-1.4440572949793007,10.0,0.4074149521287431,0.00115137587690226,-2.5276,-0.52,12.5625
434,002513,蓝丰生化,sz,False,True,-1.4455976557476742,5.26,0.02029200190744818,,-37.02,-0.216696269982238,
435,605567,春雪食品,sh,False,True,-1.4457190292689934,9.02,0.6158773172384061,0.020483660184271005,0.77,-0.3145665773011618,
436,002316,亚联发展,sz,False,True,-1.4474247740505954,4.43,0.044961602791216304,0.00239986618346161,1.82,-0.3147113594040968,
437,688420,美腾科技,sh,False,True,-1.4476392733504035,22.05,0.7317430118542367,,0.27,-0.303964757709251,
438,300220,金运激光,sz,False,True,-1.4497983318238985,10.76,0.037264766163592325,,-4.39,-0.47273781902552203,
439,603908,牧高笛,sh,False,True,-1.4519667306619453,19.1,0.2731046537032991,,4.21,-0.39863584691170906,
440,600128,苏豪弘业,sh,False,True,-1.452616692653086,8.2,1.045696957021855,0.028113104642598103,0.61,-0.31509433962264155,
441,688370,丛麟科技,sh,False,True,-1.453185896264656,23.17,0.8267879288962381,0.012560541811531581,0.85,-0.1804541768045418,
442,688459,哈铁科技,sh,False,True,-1.4538172413045274,7.93,0.8931761343336907,0.019526368407898027,-0.1,-0.21992110453648916,
443,600692,亚通股份,sh,False,True,-1.454399312591793,6.25,0.4422430567840085,0.012189384021667849,0.18,-0.40157480314960625,
444,001202,炬申股份,sz,False,True,-1.4549710219416327,13.48,0.3820731287968517,0.03268614761064261,1.03,-0.04699378023496903,
445,605266,健之佳,sh,False,True,-1.4564121236941396,16.46,1.0647359454855196,0.05919296314054186,5.54,-0.234375,
446,600992,贵绳股份,sh,False,True,-1.4573022981359791,9.54,0.611321677466683,,-3.82,-0.4184852374839537,
447,920101,志高机械,bj,False,True,-1.4604272477083873,15.95,0.5392579810181191,0.05333930733575493,13.8618,,27.9403
448,600455,博通股份,sh,False,True,-1.460936988397849,23.83,0.2410858506714241,0.032538525614327365,9.39,-0.3002783576896312,
449,301049,超越科技,sz,False,True,-1.461300719479396,19.86,0.2816742718720072,,-3.37,-0.3102040816326531,
450,300106,西部牧业,sz,False,True,-1.4614254598941596,9.82,0.18155410312273057,,-13.63,-0.3363192182410423,
451,920414,欧普泰,bj,False,True,-1.4621366471732882,7.66,0.4392901071867861,,-5.1724,-0.5265922521339461,31.8956
452,688316,青云科技,sh,False,True,-1.463779629297096,46.15,0.024040310793137933,,-25.82,-0.4235325085548829,
453,600035,楚天高速,sh,False,True,-1.464529832708136,3.37,1.677289500167729,0.09259773691130989,2.63,-0.1690821256038647,
454,920665,科强股份,bj,False,True,-1.464991476538393,8.25,0.6746272684341902,0.022794204801371298,1.9477,-0.4901257997377052,30.4121
455,002723,小崧股份,sz,False,True,-1.4655385667276413,7.37,0.29954469206805656,,-4.09,-0.15920398009950243,
456,605122,四方新材,sh,False,True,-1.4662312838780398,11.54,0.87404947120007,,-17.96,-0.3317073170731707,
457,600149,廊坊发展,sh,False,True,-1.466363059230263,4.87,0.13538211602247344,0.007728512802281457,1.24,-0.2344582593250445,
458,300807,天迈科技,sz,False,True,-1.4711345149130761,35.94,0.1800698671084381,,-3.86,-0.2045401357360167,
459,600847,万里股份,sh,False,True,-1.4732380932295082,12.57,0.23714665148928096,,-8.02,-0.12671232876712335,
460,002205,国统股份,sz,False,True,-1.4789546483031026,10.49,0.13160665403242788,,-13.33,-0.36464857341684054,
461,603180,金牌家居,sh,False,True,-1.4796636037958202,15.25,1.1470520761642578,,-4.92,-0.35150645624103294,
462,688310,迈得医疗,sh,False,True,-1.480260119980489,15.05,0.33063316250619934,0.022928522623573273,-2.11,-0.2253602305475505,
463,688051,佳华科技,sh,False,True,-1.4804558607901372,24.24,0.3087658628462037,,-3.51,-0.40029761904761907,
464,600883,博闻科技,sh,False,True,-1.4809739176256622,7.71,0.5396654074473827,0.015457551245646768,1.04,-0.24765258215962438,
465,688251,井松智能,sh,False,True,-1.4814837855590042,20.68,0.4053341980462892,0.007138064442445787,-5.9,-0.18230803771890425,
466,688613,奥精医疗,sh,False,True,-1.4816510491569808,15.07,0.6953135864274789,0.006881663600885532,0.96,-0.35311572700296734,
467,000637,茂化实华,sz,False,True,-1.4824194972549278,3.99,0.23071776296057034,,-5.9,-0.19626168224299068,
468,301024,霍普股份,sz,False,True,-1.482445056934913,31.88,0.16675282229151728,,-5.67,-0.4223849372384937,
469,000663,永安林业,sz,False,True,-1.4836414493986818,5.64,0.479409367659044,,-1.37,-0.3389355742296919,
470,002848,高斯贝尔,sz,False,True,-1.4844401478350955,13.15,0.031951229643072815,,-7.46,0.5255754475703325,
471,300651,金陵体育,sz,False,True,-1.48769608436747,16.86,0.45957994393124685,0.026500736720480828,0.05,-0.23121110579224513,
472,600925,苏能股份,sh,False,True,-1.487988977173847,4.45,0.508336722244815,0.007148734423801283,1.25,-0.13078470824949684,
473,000028,国药一致,sz,False,True,-1.488337126871932,19.59,1.5755475027572081,0.09133254178463787,1.52,-0.10875331564986745,
474,002253,川大智胜,sz,False,True,-1.4902550221402606,9.4,0.39988803135122164,,-28.1,-0.1785365853658537,
475,601868,XD中国能,sh,False,True,-1.4905309979909667,2.5,1.0793308148947653,0.05138402881616336,1.14,0.003984063745019917,
476,301052,果麦文化,sz,False,True,-1.4909366155455714,22.27,0.2959981056121241,,-6.24,-0.6759521561221278,
477,920076,国亮新材,bj,False,True,-1.4910028167821276,12.68,0.6721333512568893,0.05475101973774261,10.4186,,20.5088
478,301063,海锅股份,sz,False,True,-1.4920941654955966,17.86,0.8478887569950823,0.019966775285924224,3.26,-0.46766342141863704,
479,300876,蒙泰高新,sz,False,True,-1.4936579722808512,15.5,0.42975632816193216,,-1.65,-0.4066604127579737,
480,920230,欧康医药,bj,False,True,-1.4940624710422947,10.31,0.40716612377850164,0.011608725582496829,0.5251,-0.45047658688865755,16.9234
481,920427,华维设计,bj,False,True,-1.4958970037457109,8.31,0.36683785766691124,,0.2804,-0.5260922330097088,8.5078
482,603855,华荣股份,sh,False,True,-1.49955374098325,15.95,0.4173100196135709,0.06467426804897136,4.2,-0.2202059833251594,
483,600831,广电网络,sh,False,True,-1.500243881760678,3.29,0.1515128558658202,,-53.02,-0.3530751708428246,
484,002033,丽江股份,sz,False,True,-1.5010876837169522,8.95,0.5082592121982211,0.05118257335742327,5.31,-0.03512880562060883,
485,301040,中环海陆,sz,False,True,-1.5012029825996505,27.28,0.2568911038610733,,-3.34,-0.19955406911928653,
486,002114,罗平锌电,sz,False,True,-1.501574638565669,7.44,0.28890044490668515,,-9.47,-0.16552667578659375,
487,603536,惠发食品,sh,False,True,-1.501574638565669,9.5,0.15319096786053493,,0.2,-0.17553191489361708,
488,301355,南王科技,sz,False,True,-1.503490424875293,9.97,0.7586677793794098,,0.13,-0.31392604248623135,
489,002381,双箭股份,sz,False,True,-1.506092189962587,5.47,0.9590486237652249,0.025173888635751453,0.79,-0.30354609929078014,
490,600287,苏豪时尚,sh,False,True,-1.5071940981231027,4.77,1.0964912280701753,0.01096206358654604,1.06,-0.2876949740034661,
491,301131,聚赛龙,sz,False,True,-1.5073365427695034,33.3,0.589066918001885,0.008181598766214906,0.35,-0.429056754596323,
492,000790,华神科技,sz,False,True,-1.5076810370879825,4.02,0.28798525515493606,,0.85,-0.14928909952606628,
493,002076,星光股份,sz,False,True,-1.5076810370879825,2.06,0.13324627909765618,,-2.31,-0.08673469387755095,
494,603023,威帝股份,sh,False,True,-1.5076810370879825,3.98,0.34464931931759435,,-1.0,-0.16625916870415647,
495,603356,华菱精工,sh,False,True,-1.5078846659699037,16.6,0.13645915777407822,,-16.63,-0.0730337078651686,
496,920125,鸿仕达,bj,False,True,-1.508367879235572,120.0,0.10471971767564114,0.01308186500300229,4.0189,,34.3568
497,300565,科信技术,sz,False,True,-1.5084105599955884,9.55,0.2186604858635996,,-18.23,-0.3498039215686275,
498,002011,盾安环境,sz,False,True,-1.5088969193326827,9.79,0.648802958541491,0.1004348830435787,2.87,-0.18004866180048662,
499,920346,威贸电子,bj,False,True,-1.5106502063374232,14.28,0.4221903233977878,0.04076940011904665,10.452,-0.5142885610147635,29.9017
500,600511,国药股份,sh,False,True,-1.510779660359059,26.26,0.949397132820659,0.09729898030668639,4.68,-0.0645718232044199,
501,603879,永悦科技,sh,False,True,-1.5108733754125125,5.51,0.11703024061417469,,-2.71,-0.39518413597733715,
502,920171,志晟信息,bj,False,True,-1.5112602177725616,15.85,0.13759132624279366,0.006472977906431809,0.4907,-0.49168568633844145,25.4316
503,600097,开创国际,sh,False,True,-1.5115428114749618,8.54,1.0949304719150335,0.012542015752771786,-1.56,-0.32704402515723274,
504,000635,英 力 特,sz,False,True,-1.5122081549625497,6.3,0.3963378383734295,,-25.08,-0.36403033586132183,
505,600202,哈空调,sh,False,True,-1.512746933422298,5.03,0.4203800235412813,,0.87,-0.29284525790349414,
506,920599,同力股份,bj,False,True,-1.513108004408672,17.49,0.4715424152402509,0.10393929944912171,11.1414,-0.29596519122770426,20.722
507,920035,精创电气,bj,False,True,-1.5131317417852912,23.13,0.36345133386639533,0.03917942609976649,5.4702,,45.9484
508,600706,曲江文旅,sh,False,True,-1.5135622909226867,7.82,0.22501743885151101,,-3.21,-0.36625119846596355,
509,920374,云里物里,bj,False,True,-1.5139338990234614,14.35,0.21439903949230307,0.01101567861537326,2.5778,-0.544923177211499,39.9245
510,920193,吉和昌,bj,False,True,-1.513938048865246,32.03,0.21757577076216794,0.02559718226217658,8.8702,,33.722
511,920012,创达新材,bj,False,True,-1.5145755507365506,54.97,0.31240237425804435,0.02550877246685135,5.0888,,31.663
512,688078,龙软科技,sh,False,True,-1.516678386261699,22.78,0.3983111606787222,,-2.25,-0.40785232932903603,
513,002982,湘佳股份,sz,False,True,-1.517261448675202,12.37,0.6270771932024832,0.005969368781036987,-0.71,-0.3044831880448319,
514,603214,爱婴室,sh,False,True,-1.517768069410461,13.74,0.6245706077072013,0.04377402099402047,0.72,-0.3797669491525423,
515,000952,广济药业,sz,False,True,-1.5185644773125475,6.32,0.286820593718629,,-5.07,-0.269774011299435,
516,605001,威奥股份,sh,False,True,-1.5186638135054478,5.73,1.2155099064057373,0.03626289145791329,-1.53,-0.3821656050955414,
517,000958,电投产融,sz,False,True,-1.5202842297623294,5.25,0.4713868200245121,0.03428015110690608,2.46,-0.19818456883509838,
518,300554,三超新材,sz,False,True,-1.5215994716283288,20.34,0.21314235778076177,,-0.77,-0.2804442681475605,
519,300928,华安鑫创,sz,False,True,-1.5216664133407196,25.09,0.5043627376809402,,-11.81,-0.36982082866741317,
520,920433,大唐药业,bj,False,True,-1.5218918566362336,4.74,0.3129890453834116,,-19.3852,-0.4261874197689346,52.4904
521,003003,天元股份,sz,False,True,-1.5227935179532712,11.02,0.6761782405842179,0.030600597935683666,4.47,-0.2524271844660194,
522,603818,曲美家居,sh,False,True,-1.522809623126886,3.73,0.8061265618702137,,-7.23,-0.335483870967742,
523,300513,恒实科技,sz,False,True,-1.523546412297719,7.28,0.23623907394283017,,-4.91,-0.3049568965517241,
524,600210,紫江企业,sh,False,True,-1.523760147034834,6.04,0.7543753771876887,0.11858879335902758,3.16,0.010033444816053505,
525,001336,楚环科技,sz,False,True,-1.5245736429450136,18.53,0.4231013327691982,0.023362084271710385,4.77,-0.18171926006528838,
526,688092,爱科科技,sh,False,True,-1.5254656382902343,22.58,0.35659522875583927,0.024799803585555603,0.89,-0.2171474358974359,
527,002702,海欣食品,sz,False,True,-1.5262431093998126,4.77,0.3910680067263697,,-4.74,-0.07829977628635343,
528,300670,大烨智能,sz,False,True,-1.5268164126473158,6.47,0.21482277121374865,,1.6,-0.31633986928104574,
529,002760,凤形股份,sz,False,True,-1.5272433161555026,17.33,0.4479684630202034,0.011046794220317263,0.93,-0.35126990959965565,
530,002629,仁智股份,sz,False,True,-1.5300854102663743,4.73,0.03129018833564359,0.004119452590661943,-6.29,-0.47509578544061304,
531,920821,则成电子,bj,False,True,-1.5312249360025878,17.26,0.21904365540052134,0.0023268784948260695,0.3376,-0.41793349981355554,25.0429
532,300675,建科院,sz,False,True,-1.5313923566622332,12.7,0.2641100810817949,,-3.99,-0.30831769856160096,
533,300374,中铁装配,sz,False,True,-1.532819758518816,10.59,0.2727024815925825,,-4.7,-0.43898398674765315,
534,301113,雅艺科技,sz,False,True,-1.5335946228143715,16.45,0.3484077764615706,0.004017585776460724,0.64,-0.24729960204661738,
535,300155,安居宝,sz,False,True,-1.533929215497961,4.31,0.49399792520871405,,-0.71,-0.2992277992277992,
536,920925,锦好医疗,bj,False,True,-1.5346441227375893,11.63,0.31984647369262753,0.00462465812214832,-1.6265,-0.52486077198741,43.5904
537,688616,西力科技,sh,False,True,-1.5349483208173538,10.78,0.4710537472325592,0.052561312771347776,11.69,-0.32494608195542773,
538,601900,南方传媒,sh,False,True,-1.5362703580666661,11.77,0.8491126772522714,0.10275591360282785,5.38,-0.17948717948717952,
539,002981,朝阳科技,sz,False,True,-1.5373441283609648,23.46,0.3260834121368246,0.00897021887334051,0.71,-0.23320570831883047,
540,002712,思美传媒,sz,False,True,-1.537749849320369,4.69,0.5419466724474312,,0.24,-0.32830820770519265,
541,000686,东北证券,sz,False,True,-1.5378704948971118,7.8,1.1193194537721065,0.09778420980580056,3.74,-0.011249999999999982,
542,002775,文科股份,sz,False,True,-1.538644712524636,3.49,,,-22.82,-0.32053742802303264,
543,002771,真视通,sz,False,True,-1.5394375984819433,12.16,0.2321532211259431,,-2.24,-0.37700386954118303,
544,000955,欣龙控股,sz,False,True,-1.5400954473598953,4.09,0.2932379332590464,,-0.48,-0.283433133732535,
545,603176,汇通集团,sh,False,True,-1.541148843146674,4.94,0.45526974732529024,0.008931298664413598,-5.38,-0.45827633378932964,
546,688369,致远互联,sh,False,True,-1.541159564451985,19.17,0.3458173392813915,,-15.38,-0.5093457943925234,
547,301006,迈拓股份,sz,False,True,-1.5430308680378548,13.5,0.701213098660683,0.046576401600365164,7.02,-0.3276167947959787,
548,002105,信隆健康,sz,False,True,-1.5438578708095807,5.85,0.37720191618573423,,0.99,-0.38980891719745214,
549,002715,登云股份,sz,False,True,-1.5446245524905793,14.18,0.23781212841854935,,1.42,-0.31399888455103175,
550,688009,中国通号,sh,False,True,-1.5451222143921102,4.97,0.909835319807115,0.06927750490138347,1.03,-0.07007575757575757,
551,688695,中创股份,sh,False,True,-1.5451933957530721,19.05,0.46994689600075196,,-3.59,-0.5093759606517061,
552,920116,星图测控,bj,False,True,-1.5466612276753662,42.92,0.06261740763932373,0.010577354307521767,4.6632,-0.1560936829399936,52.7391
553,603385,惠达卫浴,sh,False,True,-1.547137241036222,5.46,1.6926201760324984,,-0.87,-0.3703190013869625,
554,300717,华信新材,sz,False,True,-1.547310358852479,17.95,0.4016064257028112,0.02794529429189419,1.67,-0.3021793797150042,
555,301505,苏州规划,sz,False,True,-1.547310358852479,16.06,0.5308419152776304,0.011579662869695211,0.24,-0.4098837209302325,
556,603086,先达股份,sh,False,True,-1.5476627033052064,5.57,0.8766546857192952,0.05656908499505021,1.03,-0.47058823529411764,
557,603029,天鹅股份,sh,False,True,-1.5477374335476024,15.89,0.4927807618390578,0.03939163558010092,2.04,-0.2948100588550028,
558,002797,第一创业,sz,False,True,-1.5479234402010336,6.33,0.6644959797993223,0.03460866254823582,1.12,-0.12121212121212122,
559,300800,力合科技,sz,False,True,-1.5479866372025808,9.88,0.8739730816290857,0.020726978027330593,1.03,-0.2847682119205298,
560,920942,恒立钻具,bj,False,True,-1.5480172283618088,16.14,0.5109339873288371,0.012409272704936036,1.3824,-0.7137578231669327,31.6089
561,603041,美思德,sh,False,True,-1.5483731805332734,10.93,0.7638252367858235,0.0293826413231591,0.93,-0.24742268041237103,
562,301163,宏德股份,sz,False,True,-1.5485724221049713,23.2,0.6054001695120474,0.021789103269454945,0.29,-0.2973352033660589,
563,300977,深圳瑞捷,sz,False,True,-1.5491989977264355,16.1,0.5640794223826715,0.009011566345404325,2.16,-0.30283114256825083,
564,300886,华业香料,sz,False,True,-1.5494520821350317,24.35,0.3278043663541598,0.00877658757498497,1.14,-0.3237014103887169,
565,300350,华鹏飞,sz,False,True,-1.549603042825217,4.28,0.3646308113035551,,-0.78,-0.43407407407407406,
566,600030,中信证券,sh,False,True,-1.5501935304462644,27.27,0.6934812760055479,0.09307260593989371,6.65,0.002510760401721601,
567,300823,建科智能,sz,False,True,-1.5515991396857907,14.96,0.4955401387512389,0.0262816924358661,3.54,-0.22743902439024388,
568,920056,能之光,bj,False,True,-1.5532726617202557,15.65,0.4309044684793381,0.04532927183057731,2.726,,18.6121
569,600159,大龙地产,sh,False,True,-1.5540104547442963,2.49,0.7052683546089288,,-1.08,-0.24742268041237114,
570,000800,一汽解放,sz,False,True,-1.55471852556855,6.13,0.8779631255487269,0.026346295710823055,0.37,-0.10443490701001434,
571,688395,正弦电气,sh,False,True,-1.554988738357835,21.91,0.4172751929897767,0.022914494563536163,3.19,-0.2640251078854452,
572,600567,山鹰国际,sh,False,True,-1.5552458764594324,1.33,1.7908309455587392,,-3.37,-0.31937172774869105,
573,000707,双环科技,sz,False,True,-1.5556248966885768,4.57,1.015228426395939,,-2.75,-0.3746223564954684,
574,603028,赛福天,sh,False,True,-1.5556391158110427,6.96,0.23245542667193567,,-9.54,-0.2796092796092795,
575,002778,中晟高科,sz,False,True,-1.5562213286503876,15.53,0.1656369569178275,0.007519616800327855,-1.76,-0.24017467248908297,
576,300713,英可瑞,sz,False,True,-1.556921054112619,13.01,0.21458306510450198,,-20.44,-0.40159574468085113,
577,601665,齐鲁银行,sh,False,True,-1.5571155176584297,6.56,1.252975817566721,0.14628865677755348,2.97,0.05972696245733777,
578,600099,林海股份,sh,False,True,-1.5575725322558571,9.01,0.27908015181960255,0.012774801958632636,0.76,-0.3505067567567567,
579,600232,金鹰股份,sh,False,True,-1.5582775230775572,6.39,0.41257529499133594,0.015718475810837573,1.21,-0.2415730337078651,
580,002800,天顺股份,sz,False,True,-1.558489302801767,13.74,0.23168527871739028,,-1.57,-0.28266331658291455,
581,002330,得利斯,sz,False,True,-1.5585003949984928,4.01,0.902445627650934,,0.4,-0.29702970297029707,
582,603968,醋化股份,sh,False,True,-1.5595963722587365,10.37,0.8256274768824307,,-1.04,-0.2995319812792512,
583,002858,力盛体育,sz,False,True,-1.5598982808240065,11.44,0.2442062077218003,,-1.29,-0.2893258426966293,
584,000014,沙河股份,sz,False,True,-1.5600586499352695,9.95,0.573394495412844,,-0.61,-0.29792332268370614,
585,300074,华平股份,sz,False,True,-1.5601066427211636,3.74,0.4141987325518784,,-21.87,-0.40037593984962405,
586,300025,华星创业,sz,False,True,-1.5603437700046165,5.1,0.1643223346917313,,-1.1,-0.4323943661971831,
587,603073,彩蝶实业,sh,False,True,-1.5611360659526963,16.63,0.7192174913693901,0.031077809511674378,5.04,-0.2501344809037117,
588,920505,九菱科技,bj,False,True,-1.5614724335051553,28.06,0.18717828731867103,0.007997971714373235,1.1968,-0.6502207657751168,15.7899
589,300585,奥联电子,sz,False,True,-1.561644351281892,15.69,0.236032761347275,,-0.9,-0.18528428093645488,
590,003042,中农联合,sz,False,True,-1.5646494326337896,13.78,0.623208276205908,,0.16,-0.35581787521079256,
591,300838,浙江力诺,sz,False,True,-1.5658151236449342,13.75,0.5013285205795358,,0.14,-0.27820025348542454,
592,002893,京能热力,sz,False,True,-1.5661276150320977,9.83,0.542947116950809,0.025075854459740716,13.51,-0.15496809480401108,
593,002500,山西证券,sz,False,True,-1.5662183058255037,5.25,0.9949258780220872,0.0493415371862495,4.99,-0.13036303630363033,
594,920168,通宝光电,bj,False,True,-1.566812206923492,14.93,0.7288098535092193,0.0626680286518227,15.8903,,20.1895
595,000856,冀东装备,sz,False,True,-1.5669329488733201,8.31,0.22343372955581375,0.011364372465034668,1.52,-0.42175732217573214,
596,920046,亿能电力,bj,False,True,-1.567953728872113,20.1,0.12706480304955528,0.00755027539629508,4.0717,0.3420823462211944,23.7481
597,920100,三协电机,bj,False,True,-1.5679568949882066,31.46,0.1464965353569388,0.018344853901583528,5.4532,,21.4601
598,002799,环球印务,sz,False,True,-1.5690090680776614,6.69,0.5974072525240457,,0.84,-0.3074204946996467,
599,688393,安必平,sh,False,True,-1.5698051048505708,19.58,0.6449116471043467,,-3.97,-0.47540453074433653,
600,002817,黄山胶囊,sz,False,True,-1.5703567190095202,6.54,0.49805757545572266,0.030454008356579895,3.09,-0.2991347342398022,
601,002069,獐子岛,sz,False,True,-1.5706470812885385,3.49,0.01155548365476837,,44.88,-0.3085846867749419,
602,000726,鲁  泰Ａ,sz,False,True,-1.572380683729347,5.9,2.031281738777168,0.111724353674614,0.95,-0.14792899408284022,
603,601518,吉林高速,sh,False,True,-1.5731031889482538,2.76,1.1171936096525528,0.09422140144912515,1.98,0.041984732824427384,
604,920454,同心传动,bj,False,True,-1.573260943209782,10.55,0.2940744008234083,0.024512026825962156,4.328,-0.5209886436939273,31.1813
605,603836,海程邦达,sh,False,True,-1.5735023790427927,9.08,0.6695232994108195,0.01836260638835076,2.94,-0.20140986908358505,
606,000538,云南白药,sz,False,True,-1.5738595024707605,49.5,0.47662170535246173,0.05951211964316533,4.84,-0.04351087771942985,
607,000910,大亚圣象,sz,False,True,-1.5738974581231433,5.29,2.2639800769753227,,-1.48,-0.36074270557029176,
608,002820,桂发祥,sz,False,True,-1.574106431374918,9.33,0.44391175034403163,,-0.83,-0.29342934293429346,
609,001373,翔腾新材,sz,False,True,-1.5743622791056022,28.1,0.437120251781265,,-4.06,-0.28132530120481936,
610,600011,华能国际,sh,False,True,-1.5747288529027101,6.64,0.6188501763723003,0.11256697735152417,4.77,-0.015277777777777835,
611,600419,天润乳业,sh,False,True,-1.57560025920971,8.64,0.9081002542680713,0.04313524192400433,2.17,-0.3238180196253345,
612,688651,盛邦安全,sh,False,True,-1.57598412065685,22.3,0.39940887486519955,,-1.72,-0.3038200642627633,
613,300961,深水海纳,sz,False,True,-1.5760761954233602,11.66,0.2675513698630137,,-30.73,-0.505564387917329,
614,300729,乐歌股份,sz,False,True,-1.5761684300698402,10.15,1.0576414595452142,0.06013482227153277,6.96,-0.3263009845288326,
615,000590,古汉医药,sz,False,True,-1.576204371507377,9.05,0.24953835404501673,,-1.26,-0.3521008403361344,
616,920006,晟楠科技,bj,False,True,-1.5764522903876101,14.94,0.2329861839192936,0.0017622409219480587,0.1772,-0.5238010451237863,35.8758
617,300642,透景生命,sz,False,True,-1.5792137912460107,13.5,0.6485504896556197,,-0.39,-0.34691501746216524,
618,600125,铁龙物流,sh,False,True,-1.5801323925241282,5.41,1.1098779134295227,0.0763213127265789,2.76,-0.05584642233856896,
619,002679,福建金森,sz,False,True,-1.5803534743020673,9.25,0.34153005464480873,0.00397049919101079,-2.89,-0.22244289970208542,
620,300612,宣亚国际,sz,False,True,-1.5814598719109856,11.56,0.20790885275895046,,-7.58,-0.3509766855702583,
621,920124,南特科技,bj,False,True,-1.5833041192144437,12.27,0.5917860101787193,0.048843627127750505,2.3023,,22.8102
622,603208,江山欧派,sh,False,True,-1.5839033268296794,11.21,0.485649069982031,,-9.33,-0.364247311827957,
623,603900,莱绅通灵,sh,False,True,-1.5841962143367114,6.34,0.9175995595522113,0.039059448480587455,2.68,-0.5323741007194245,
624,301296,新巨丰,sz,False,True,-1.5853990536994658,6.28,0.9902951079421667,0.013630199069057403,0.23,-0.37670514165792224,
625,920642,通易航天,bj,False,True,-1.5866354306387533,9.57,0.22996964400699108,,-14.7678,-0.5065392354124748,22.6699
626,920985,海泰新能,bj,False,True,-1.5874236315075387,4.5,0.37302297821545805,,-24.0036,-0.5694444444444444,3.6001
627,000679,大连友谊,sz,False,True,-1.5882582069896083,6.0,0.06763108595234714,,-8.68,-0.41122565864833915,
628,300340,科恒股份,sz,False,True,-1.5914381137232156,9.04,0.02585562734801416,,-33.29,-0.5749718151071026,
629,601009,南京银行,sh,False,True,-1.5921203222557487,11.78,1.326435866825839,0.1568086307470363,6.26,-0.02931034482758621,
630,600463,空港股份,sh,False,True,-1.5936380494805567,8.03,0.36845983787767134,,0.73,-0.41413311421528354,
631,603096,新经典,sh,False,True,-1.5939324695893582,14.86,0.7903264048051845,0.03241333484595563,2.44,-0.278270509977827,
632,920055,隆源股份,bj,False,True,-1.5940085308409515,26.11,0.6896551724137931,0.08421407217145986,3.4422,,25.2251
633,600648,外高桥,sh,False,True,-1.5941531073595812,9.02,1.3008976193573565,0.07413777764597729,0.09,-0.2176744186046512,
634,002855,捷荣技术,sz,False,True,-1.5947943666816773,10.0,0.08405621679779436,,-8.9,-0.5334773218142548,
635,688426,康为世纪,sh,False,True,-1.5949990547488369,21.22,0.5606323933396872,,-1.15,-0.38095238095238093,
636,920158,长江能科,bj,False,True,-1.5956174564406087,7.96,0.3524725952557189,0.03578265614656576,-0.4989,,28.0147
637,300157,新锦动力,sz,False,True,-1.598345136712888,3.82,,,24.61,-0.1417004048582996,
638,002909,集泰股份,sz,False,True,-1.599528492302257,5.15,0.4234596654668643,,-1.48,-0.31211180124223614,
639,600168,武汉控股,sh,False,True,-1.6007519030030004,4.41,1.2386968908708038,0.024057892913507063,1.36,-0.14609053497942381,
640,300549,优德精密,sz,False,True,-1.6011658016795836,14.2,0.2913073875553484,0.002831920157975834,1.44,-0.4466330737517178,
641,001201,东瑞股份,sz,False,True,-1.601638676192201,11.81,0.9975062344139651,,-6.21,-0.3664166185804961,
642,920278,鹿得医疗,bj,False,True,-1.6026291308186593,6.2,0.35587188612099646,0.012755817928557215,0.9173,-0.5186117162549251,21.6249
643,002267,陕天然气,sz,False,True,-1.604589289151067,7.03,0.8979078746520608,0.0634775543367865,8.83,-0.08015267175572516,
644,300583,赛托生物,sz,False,True,-1.6050931568078437,12.72,0.7317965605561654,,-4.15,-0.39702643171806173,
645,301515,港通医疗,sz,False,True,-1.6051613493886796,19.08,0.642137032042638,,-0.05,-0.30742954739538864,
646,301519,舜禹股份,sz,False,True,-1.6051613493886796,12.05,0.7064641469445426,,-1.94,-0.3085831062670299,
647,300625,三雄极光,sz,False,True,-1.6056785278858623,9.5,0.6913238852402351,,-2.74,-0.30952380952380953,
648,301001,凯淳股份,sz,False,True,-1.6059394926221722,23.52,0.40863027133050017,,-1.41,-0.3676609105180534,
649,600560,金自天正,sh,False,True,-1.6063493486460323,11.0,0.4012841091492777,0.0205402496461942,0.64,-0.42937853107344637,
650,301298,东利机械,sz,False,True,-1.60744486562821,12.79,0.5080010160020321,0.026308727657313038,0.45,-0.3915283342873497,
651,301390,经纬股份,sz,False,True,-1.607987319322707,31.04,0.5042101547925175,,0.56,-0.34371781668383117,
652,300694,蠡湖股份,sz,False,True,-1.6080949203576271,10.41,0.6676458806249166,0.06034675243951746,1.82,-0.2849503437738732,
653,300923,研奥股份,sz,False,True,-1.6087113764284309,24.48,0.595202666507946,0.016481062435208825,3.03,-0.287569573283859,
654,603059,倍加洁,sh,False,True,-1.6090899120413653,24.62,0.45116174148432214,0.04924264807264275,1.75,-0.3879766212079043,
655,600148,长春一东,sh,False,True,-1.6091208994017407,15.22,0.2234736748011084,0.0076612795102910134,0.97,-0.3915320820602357,
656,002377,国创高新,sz,False,True,-1.609833887967623,2.69,0.16126951361114694,0.009175793522623836,1.72,-0.25230769230769223,
657,600919,江苏银行,sh,False,True,-1.609889231382567,12.13,1.2190661952944044,0.1623455687777002,6.23,0.04705882352941182,
658,002282,博深股份,sz,False,True,-1.609967703662697,5.87,1.1766090128250382,0.04275642094551549,0.99,-0.26832460732984287,
659,300359,全通教育,sz,False,True,-1.610016877674377,4.02,0.20134903855834088,,-3.96,-0.4526484751203852,
660,601800,中国交建,sh,False,True,-1.6100492663663368,5.87,3.0599755201958385,0.14065884603482715,1.31,-0.33333333333333337,
661,300597,吉大通信,sz,False,True,-1.6115824868078037,7.72,0.44515669515669515,,-8.98,-0.3486328125,
662,300165,天瑞仪器,sz,False,True,-1.6117031734851803,5.13,0.4152823920265781,,1.19,0.1124694376528117,
663,002098,浔兴股份,sz,False,True,-1.6120162145723906,7.0,0.6070171178827243,0.07345757457780258,13.79,-0.33619763694951676,
664,601398,工商银行,sh,False,True,-1.612432385386473,7.89,1.4021312394840157,0.13205504054089745,2.01,0.03609625668449201,
665,301170,锡南科技,sz,False,True,-1.6135163322277994,22.9,0.7878358150161505,0.0432084896040374,5.66,-0.3102012491325469,
666,300425,中建环能,sz,False,True,-1.6135579453460411,3.99,0.8688852202624033,0.005479382999556718,0.01,-0.3249097472924187,
667,301032,新柴股份,sz,False,True,-1.61409705697268,9.92,0.5327650506126798,0.04693271256998841,8.56,-0.30521472392638027,
668,002661,克明食品,sz,False,True,-1.614321096905748,7.92,0.8921402444464269,0.01576334800901033,1.48,-0.33041788143828954,
669,600319,亚星化学,sh,False,True,-1.6165164918890063,6.26,0.13910914503519461,,-39.97,-0.2603719599427754,
670,301272,英华特,sz,False,True,-1.6180799004615893,33.84,0.5163155720776539,0.018721963859120967,3.54,-0.2592125189298333,
671,002877,智能自控,sz,False,True,-1.6188219026794612,7.31,0.4664396660291991,0.009186524104061271,0.5,-0.2620380739081747,
672,003016,欣贺股份,sz,False,True,-1.6196896130559197,6.8,0.9424182452172275,0.010421671240043395,0.67,-0.23192019950124687,
673,002722,物产金轮,sz,False,True,-1.6198163059005768,12.8,1.0489877268435959,0.06216044854979674,2.86,-0.3052064631956912,
674,601818,光大银行,sh,False,True,-1.6198419244270001,3.07,2.780867630700779,0.20850274181105483,1.99,-0.21628498727735368,
675,601229,上海银行,sh,False,True,-1.6199058537399427,9.87,1.8014772113132769,0.17280707817792215,2.41,-0.0767676767676767,
676,600218,全柴动力,sh,False,True,-1.619929024303375,7.52,0.9986019572598361,0.020087662559409265,0.95,-0.22816593886462877,
677,601288,农业银行,sh,False,True,-1.619991361397357,6.86,1.177301624676242,0.1225775609516922,2.28,0.02777777777777768,
678,603151,邦基科技,sh,False,True,-1.6202519036242884,15.75,0.5128731151913016,0.03220933490944346,8.05,-0.5381727158948686,
679,688737,中自科技,sh,False,True,-1.6202790157717608,17.66,0.8403361344537815,,0.19,-0.31739314430808296,
680,605003,众望布艺,sh,False,True,-1.621382324354258,21.91,0.5944596361907026,0.028285902589008666,2.03,-0.21333922261484106,
681,603332,苏州龙杰,sh,False,True,-1.6216702271489851,11.49,0.5253756435851634,0.03942207241834703,4.18,-0.29830747531734847,
682,002623,亚玛顿,sz,False,True,-1.622156492407831,15.5,0.9145783793671118,,-3.87,-0.34315589353612164,
683,301429,森泰股份,sz,False,True,-1.6227768887473413,17.15,0.6690305746972637,0.024064956129584973,1.17,-0.26235177865612647,
684,002535,林州重机,sz,False,True,-1.6233505245807711,2.48,0.29933846199898223,,0.89,-0.49029126213592233,
685,002813,路畅科技,sz,False,True,-1.623363276125401,20.28,0.08330001332800213,,-10.86,-0.24694376528117357,
686,601577,长沙银行,sh,False,True,-1.6234646821386072,9.68,1.8953752843062928,0.21149250259078317,10.93,-0.05241521068859201,
687,600000,浦发银行,sh,False,True,-1.6238362083436257,9.22,2.4551927326295115,0.16373579591970397,2.14,-0.33185513673318556,
688,301503,智迪科技,sz,False,True,-1.6253599532079739,21.6,0.4884720593982024,0.0371437910438891,9.72,-0.3937082936129648,
689,301022,海泰科,sz,False,True,-1.625555785914516,22.62,0.6229365227683299,0.01486369987217218,3.73,-0.38190954773869346,
690,600533,栖霞建设,sh,False,True,-1.625819546379841,2.14,0.5901445854234287,,-4.17,-0.3138686131386862,
691,600661,昂立教育,sh,False,True,-1.625827214421656,8.49,0.10899420150847976,0.04718739530296667,11.73,-0.3406496927129061,
692,000548,湖南投资,sz,False,True,-1.626132692534622,4.45,0.9313588525658936,0.01697962953844273,0.75,-0.2767857142857143,
693,688292,浩瀚深度,sh,False,True,-1.62622953944389,17.0,0.3619516432604604,,-4.84,-0.31899313501144166,
694,003017,大洋生物,sz,False,True,-1.626280433036183,22.48,0.5150391429748661,0.044740727484228894,8.82,-0.22916666666666674,
695,300644,南京聚隆,sz,False,True,-1.6266490039421144,21.0,0.4653976823195421,0.054963174672969115,2.31,-0.4998686629892304,
696,603076,乐惠国际,sh,False,True,-1.6266490039421144,20.28,0.5278158978148422,0.010506828387769212,0.64,-0.3521832498210451,
697,002397,梦洁股份,sz,False,True,-1.6268905791152035,3.48,0.4808385824878589,0.022178604300431372,2.72,-0.12568306010928965,
698,603321,梅轮电梯,sh,False,True,-1.6270264201209839,6.26,0.6626466105625869,0.01581975602772254,0.45,-0.37305122494432075,
699,002022,科华生物,sz,False,True,-1.6283814201928903,5.53,0.8910273545397843,,-1.88,-0.4094292803970224,
700,603136,天目湖,sh,False,True,-1.6286103810816699,8.98,0.5695409499943046,0.03790017850984078,0.76,-0.33253012048192765,
701,603066,音飞储存,sh,False,True,-1.6290760341858816,8.95,0.5795421616922631,0.04759955446817018,8.17,-0.3165174938974775,
702,300387,富邦科技,sz,False,True,-1.6291387567104947,7.23,0.6926646810279143,0.02544089063469934,3.81,-0.30582010582010577,
703,600020,中原高速,sh,False,True,-1.6291500721308554,3.79,1.3978194017332959,0.07656967840735068,4.45,-0.15990990990990994,
704,688285,高铁电气,sh,False,True,-1.6295518371421291,7.54,0.5999880002399952,0.020739530166683603,0.72,-0.2941798941798941,
705,000705,浙江震元,sz,False,True,-1.6299579224401273,6.93,0.8370302167908261,,-0.69,-0.3510074231177094,
706,002790,瑞尔特,sz,False,True,-1.6299579224401273,5.88,0.8410428931875525,,0.04,-0.31788931788931785,
707,002209,达 意 隆,sz,False,True,-1.6301167868116808,12.9,0.3577561534058386,0.05689673811000415,12.63,-0.4033251231527093,
708,002524,光正眼科,sz,False,True,-1.6313680044017256,3.93,0.055554012388544766,,15.8,-0.27521008403361336,
709,603018,华设集团,sh,False,True,-1.6320589939753274,5.2,1.2733987011333248,0.06678509890873148,1.25,-0.2729927007299269,
710,600689,上海三毛,sh,False,True,-1.632970455415526,10.63,0.22185739006966324,0.005441492797368059,0.84,-0.3090909090909091,
711,601005,重庆钢铁,sh,False,True,-1.633768379126305,1.19,1.2000480019200768,,-1.45,-0.23225806451612907,
712,600969,郴电国际,sh,False,True,-1.6342126596031352,8.56,1.1479738261967627,0.03232145627553395,1.43,0.03489932885906044,
713,301010,晶雪节能,sz,False,True,-1.6361145791268326,17.49,0.43869269576661546,0.003960841536236155,1.01,-0.2928994082840237,
714,002968,新大正,sz,False,True,-1.6370866668457407,9.1,0.6050704907121679,0.04620324808834061,2.74,-0.25093632958801493,
715,301231,荣信文化,sz,False,True,-1.6376393121956723,26.26,0.36647487814710306,,-1.47,-0.1544461778471139,
716,600369,西南证券,sh,False,True,-1.6378475682117815,4.01,0.9983028850953379,0.042300289756984834,1.17,-0.07936507936507953,
717,688113,联测科技,sh,False,True,-1.638170694314094,35.55,0.44155958846646354,0.042394797310474054,2.81,-0.19626400996264004,
718,003011,海象新材,sz,False,True,-1.6386203065842528,20.31,0.6657789613848203,0.041294329462678185,7.05,-0.20493358633776082,
719,600928,西安银行,sh,False,True,-1.6390734116346424,3.58,2.2552999548940007,0.16930500296283754,1.85,-0.06860158311345654,
720,600512,腾达建设,sh,False,True,-1.6391003595501625,2.01,1.9394879751745542,0.003689746894432283,0.64,-0.17948717948717952,
721,002343,慈文传媒,sz,False,True,-1.639108622133043,4.92,0.4100377234705593,,-1.37,-0.4706601466992665,
722,000995,皇台酒业,sz,False,True,-1.6393401054477694,10.9,0.08548031388371258,0.0030313355215534016,-2.92,-0.35793871866295257,
723,600028,中国石化,sh,False,True,-1.6397370746949238,5.33,1.3090718680455558,0.055781470511125614,3.04,-0.059782608695651995,
724,600573,惠泉啤酒,sh,False,True,-1.6397722422465624,9.76,0.5661231884057971,0.03655572005629581,3.53,-0.24653061224489792,
725,603755,日辰股份,sh,False,True,-1.6397756044977487,23.06,0.33386752136752135,0.03726601600202727,10.94,-0.24803591470258135,
726,600628,新世界,sh,False,True,-1.6402696695089443,6.1,1.0820168794633196,0.01737951650185092,1.11,-0.24234354194407448,
727,003030,祖名股份,sz,False,True,-1.6414295555543716,21.8,0.3693853427895981,0.01024363460545617,2.51,0.042089249492900604,
728,300335,迪森股份,sz,False,True,-1.6418103898125145,5.28,0.7666360012266176,0.01623458323389651,0.83,-0.1442622950819672,
729,603017,中衡设计,sh,False,True,-1.6418103898125145,9.39,0.57567209717345,0.018752683977894338,1.4,-0.11962224554039858,
730,300743,天地数码,sz,False,True,-1.6418658535819532,14.61,0.306654400490647,0.05233848344010384,5.82,-0.3621197252208047,
731,920252,天宏锂电,bj,False,True,-1.6420759691984697,16.21,0.1595736192892591,0.005040040602567094,0.2668,-0.2730735064470772,11.3308
732,300176,鸿特科技,sz,False,True,-1.6422289190739685,4.57,0.4046125834513454,0.019812808584493705,5.05,-0.27531645569620256,
733,600768,富邦新材,sh,False,True,-1.642230292078923,15.18,0.23716914903709324,0.05290865321023253,12.15,-0.02020202020202022,
734,688129,东来技术,sh,False,True,-1.642302053475667,20.87,0.4109814236396515,0.04063587009525048,2.21,-0.292485549132948,
735,300437,清水源,sz,False,True,-1.6424435601894287,10.92,0.5163688939378291,,-0.13,0.04705882352941182,
736,000504,南华生物,sz,False,True,-1.6427127619995778,8.14,0.10115621554366408,0.01425921252072933,2.21,-0.3500439753737906,
737,920200,振宏股份,bj,False,True,-1.643027927264316,26.8,0.4390393818325504,0.049137875966173486,4.9664,,18.1175
738,603787,新日股份,sh,False,True,-1.6432175500927966,10.13,0.6622516556291391,0.01966765594976094,1.63,-0.2737254901960785,
739,300230,永利股份,sz,False,True,-1.6446351625122329,4.25,0.9484066767830045,0.051579892094865736,5.23,-0.17791411042944794,
740,603128,华贸物流,sh,False,True,-1.6454757812602978,5.4,0.892936869363336,0.06548188116348207,7.83,-0.16803953871499178,
741,600802,福建水泥,sh,False,True,-1.6458786447322953,4.55,0.40144520272982737,,-8.27,-0.2857142857142857,
742,600807,济高发展,sh,False,True,-1.6460757578396874,2.59,0.12903891813771035,,-7.73,-0.29268292682926833,
743,003008,开普检测,sz,False,True,-1.6460763554751119,19.36,0.5177859472893905,0.039795609748332565,3.14,-0.2830769230769231,
744,002576,通达动力,sz,False,True,-1.646596158636708,13.96,0.5662834815108443,0.03539133973916583,3.2,-0.2627070245573958,
745,601668,中国建筑,sh,False,True,-1.6469857335316276,4.42,2.7159152634437804,0.2077274615704196,2.75,-0.1280148423005565,
746,001219,青岛食品,sz,False,True,-1.6478156030688393,12.42,0.4448794376723908,0.046147172562737086,6.09,-0.16200716845878138,
747,301156,美农生物,sz,False,True,-1.6479095342831307,11.43,0.3554670837480449,0.02821758011676435,1.8,-0.320136518771331,
748,603617,君禾股份,sh,False,True,-1.6480020514623512,6.67,0.5992329817833173,0.018292069473279857,1.12,-0.23559539052496803,
749,002142,宁波银行,sz,False,True,-1.6481800792860486,33.9,1.0844810758052272,0.13902791680569457,5.84,0.15894279507603182,
750,603506,南都物业,sh,False,True,-1.6487088562461754,10.58,0.6234025310142759,0.05913101066723432,3.85,-0.3499627699180937,
751,300564,筑博设计,sz,False,True,-1.6487849194307633,12.3,0.6256256256256256,0.023426390766253816,1.95,-0.3635307781649244,
752,300514,友讯达,sz,False,True,-1.6491864426321028,9.9,0.514588586425153,0.014606643101282462,-3.16,-0.3926247288503254,
753,688244,永信至诚,sh,False,True,-1.649261346448232,14.95,0.4200445247196203,,-2.48,-0.5081655905810862,
754,300837,浙矿股份,sz,False,True,-1.6495149504171935,22.76,0.6202319667555666,0.03164847406882277,5.27,-0.1998391636509852,
755,300030,阳普医疗,sz,False,True,-1.649710827834704,6.74,0.3125,0.014433721792899186,4.73,-0.3541202672605791,
756,301177,迪阿股份,sz,False,True,-1.649878333123765,24.59,0.6396724876863047,0.015846127760989686,2.22,-0.2797909407665504,
757,688500,慧辰股份,sh,False,True,-1.6499888480357439,35.72,0.2677304489839629,,-3.79,-0.6374275782155272,
758,300381,溢多利,sz,False,True,-1.6500977487231305,6.21,0.8605851979345955,,0.64,-0.3032258064516129,
759,603357,设计总院,sh,False,True,-1.6503108462145508,6.02,1.1827321111768183,0.08895768283027763,0.5,-0.33333333333333337,
760,920885,星辰科技,bj,False,True,-1.6504988945486876,11.71,0.20708650003106296,0.011569534638608232,2.6786,-0.5452539626712235,37.9699
761,000652,泰达股份,sz,False,True,-1.650503470320725,3.4,1.0922992900054616,,1.03,-0.21945701357466063,
762,000809,和展能源,sz,False,True,-1.6506577271293852,3.38,0.9554748710108925,,0.36,-0.026755852842809347,
763,002863,今飞凯达,sz,False,True,-1.6506837130391268,4.63,1.0180189351521938,0.023123739756183287,1.75,-0.23738317757009342,
764,688211,中科微至,sh,False,True,-1.6507482168699157,30.71,0.8676789587852494,,0.08,-0.20900692840646662,
765,002949,华阳国际,sz,False,True,-1.6508471694060334,11.31,0.6619009796134498,0.0417458097643449,0.28,-0.34519572953736666,
766,002136,安 纳 达,sz,False,True,-1.6511892309555218,12.33,0.4266575646386211,,4.3,0.07451701931922727,
767,603817,海峡环保,sh,False,True,-1.6514400258030133,5.66,1.013273887931908,0.0726295529651015,6.62,-0.1023489932885907,
768,603856,东宏股份,sh,False,True,-1.6523963512417474,11.41,0.8684324793747287,0.07804147123781577,8.97,-0.08030431107354175,
769,600805,悦达投资,sh,False,True,-1.6524151954737394,4.61,1.0955302366345312,0.020899340416816445,1.38,-0.274822695035461,
770,002391,长青股份,sz,False,True,-1.6526431984063918,5.1,1.261193088661874,0.015761062295598725,1.29,-0.18476499189627227,
771,300930,屹通新材,sz,False,True,-1.6534341016852014,24.97,0.37884527958781633,0.024402504673079646,6.07,-0.3572274881516587,
772,688015,交控科技,sh,False,True,-1.6535076673293936,15.49,0.9187798603454612,0.053052367992445344,5.86,-0.3382151029748284,
773,601996,丰林集团,sh,False,True,-1.653725310209607,2.5,0.8356313194618533,,-4.61,-0.08225108225108224,
774,002673,西部证券,sz,False,True,-1.6539967826817275,6.47,1.0556317956296843,0.060415294736015375,0.93,-0.22473246135552916,
775,300703,创源股份,sz,False,True,-1.6541549157453206,13.2,0.3245278120334913,0.008850607063138461,7.6,-0.6173486088379705,
776,688060,云涌科技,sh,False,True,-1.6549720835360642,34.12,0.4318162190171863,,-1.13,-0.28727272727272735,
777,600467,好当家,sh,False,True,-1.6553067179631364,2.32,1.0150223304912709,0.010392784913001997,0.87,-0.11814345991561193,
778,300906,日月明,sz,False,True,-1.655619929743473,30.98,0.37790038545839316,0.02373842158487198,1.61,-0.4199157007376185,
779,001872,招商港口,sz,False,True,-1.655968830186818,23.17,1.1407711613050422,0.08089829466394849,1.73,0.06440162271805283,
780,600615,鑫源智造,sh,False,True,-1.6559720855250455,9.36,0.3416934326522244,,-0.58,-0.3641928079571538,
781,000419,通程控股,sz,False,True,-1.6560126948419343,4.86,1.2784454103809768,0.04287429257417252,2.18,-0.22996515679442509,
782,003037,三和管桩,sz,False,True,-1.6565177116812964,5.57,0.8369601606963508,0.010397507093699214,1.71,-0.4220994475138121,
783,300950,德固特,sz,False,True,-1.657161359272413,16.5,0.3269469692015955,0.02910970867003563,11.21,-0.5177918190887929,
784,300659,中孚信息,sz,False,True,-1.6577648666841358,10.08,0.44509725374994435,,-6.81,-0.4207792207792208,
785,603238,诺邦股份,sh,False,True,-1.6579337192478414,12.15,0.6934812760055479,0.054677077182162144,3.61,-0.4148067501360915,
786,003027,同兴科技,sz,False,True,-1.6584371362064505,16.52,0.7909515146721506,0.018370769900595763,1.06,-0.2423614707405488,
787,605259,绿田机械,sh,False,True,-1.6586898453690648,17.33,0.6147415011987459,0.06474419568285704,4.81,-0.37765567765567776,
788,600167,联美控股,sh,False,True,-1.6587900785657124,5.62,0.9416195856873822,0.04722617085484092,4.45,-0.06446280991735531,
789,600444,国机通用,sh,False,True,-1.658894498097198,14.05,0.37118147062098655,0.028702475875569025,4.29,-0.3180778032036613,
790,300898,熊猫乳品,sz,False,True,-1.658992246732292,20.42,0.41064388961892245,0.043952180028129395,1.62,-0.31969407265774374,
791,002942,新农股份,sz,False,True,-1.6591092717599563,15.74,0.5212677231025855,0.04077887654195127,3.61,-0.2566225165562914,
792,920970,大禹生物,bj,False,True,-1.6591749983632482,5.84,0.38031490073781093,,-10.6099,-0.4624277456647399,12.7621
793,603030,全筑股份,sh,False,True,-1.65939576050728,2.03,0.26152679341998586,,-41.7,-0.3470149253731344,
794,300266,兴源环境,sz,False,True,-1.6595297236674675,1.84,0.010683772098047113,,-104.3,-0.38909090909090915,
795,002999,天禾股份,sz,False,True,-1.6599932445606291,5.94,0.5964807634953773,0.02614734552148266,0.68,-0.2666666666666666,
796,002732,燕塘乳业,sz,False,True,-1.6605598799046581,13.67,0.7014590347923682,0.02276929242146871,0.0,-0.29982668977469673,
797,301229,纽泰格,sz,False,True,-1.660759689181869,12.08,0.5649398339076889,0.00870932960806275,3.04,-0.5357454228421971,
798,301539,宏鑫科技,sz,False,True,-1.660759689181869,14.54,0.35856430850873106,0.0012646180360330146,3.43,-0.3698967043777668,
799,603628,清源股份,sh,False,True,-1.660759689181869,9.55,0.5033725963958522,0.01150127261581494,4.36,-0.3221374045801526,
800,600833,第一医药,sh,False,True,-1.6607940290264476,10.46,0.5063803929511849,0.03268539975878175,1.97,-0.29217791411042937,
801,603677,奇精机械,sh,False,True,-1.6608886018999882,13.41,0.43209609817223354,0.005079741786565505,0.48,-0.3749365804160325,
802,300371,汇中股份,sz,False,True,-1.6609637389628065,10.32,0.5676335357892944,0.032040601850665165,5.66,-0.3204837490551776,
803,000553,安道麦A,sz,False,True,-1.6610284479929829,5.46,1.3863856924996534,,2.45,-0.2623188405797102,
804,001387,雪祺电气,sz,False,True,-1.6610577668877828,11.95,0.603974149906384,0.04123337264248192,0.89,-0.2795031055900622,
805,300543,朗科智能,sz,False,True,-1.661102333599155,7.61,0.6065752759917505,,0.65,-0.46912590216519645,
806,300796,贝斯美,sz,False,True,-1.661102333599155,6.66,0.7143367383384528,,0.34,-0.43367826904985896,
807,301118,恒光股份,sz,False,True,-1.6613614173926496,22.18,0.5567308762943993,0.001784489361231326,4.43,-0.23937267849773014,
808,000557,西部创业,sz,False,True,-1.6614950570369773,3.61,1.213444970270598,0.05296049147336087,4.62,-0.3791887125220459,
809,000985,大庆华科,sz,False,True,-1.6616548533055655,15.71,0.2993295019157088,0.0010620555894764311,0.62,-0.26758328926493924,
810,600774,汉商集团,sh,False,True,-1.6624744377576448,7.17,0.699741095794556,,-0.37,-0.46160794941282746,
811,600279,重庆港,sh,False,True,-1.662554136266944,4.31,1.3178703215603584,0.011424680508809572,0.01,-0.2762923351158646,
812,605166,聚合顺,sh,False,True,-1.662696803340365,8.17,0.7766990291262136,0.03781147200060499,3.12,-0.37254901960784315,
813,301057,汇隆新材,sz,False,True,-1.6633587187106667,21.42,0.3133912062427528,0.015609244418914658,4.59,0.027932960893854775,
814,300824,北鼎股份,sz,False,True,-1.6634285870826035,7.52,0.3104144032283098,0.04292471862846939,6.25,-0.42466887417218546,
815,300449,汉邦高科,sz,False,True,-1.6636929011641697,6.88,0.10476030841434797,,-27.53,-0.23743718592964824,
816,300509,新美星,sz,False,True,-1.663736857568719,8.78,0.2633242047609016,0.0490352318140584,3.69,-0.19548872180451127,
817,600054,黄山旅游,sh,False,True,-1.6639832582066567,11.1,0.5934013766911939,0.03584589134393416,0.72,-0.06964746345657791,
818,603839,安正时尚,sh,False,True,-1.664893187176744,7.08,0.6137228427642077,,-11.42,-0.22310756972111556,
819,002663,普邦股份,sz,False,True,-1.6649152940283016,1.63,0.6875687568756876,,-23.98,-0.20765027322404372,
820,002234,民和股份,sz,False,True,-1.6649412040688985,7.81,0.6144393241167435,,-5.69,-0.2676822633297061,
821,300150,世纪瑞尔,sz,False,True,-1.6651276593213071,4.22,0.6369832473405949,0.015416444412926382,3.25,-0.32096474953617804,
822,688529,豪森智能,sh,False,True,-1.665287524823405,15.73,0.3744617112900206,,-64.13,-0.4404444444444444,
823,002442,龙星科技,sz,False,True,-1.6653229639971818,4.88,0.7483349547257352,0.00806789944170136,0.48,-0.3056835637480799,
824,603231,索宝蛋白,sh,False,True,-1.6653584800468055,16.06,0.6585879873551107,0.05757118677244412,1.57,-0.19437939110070246,
825,603700,宁水集团,sh,False,True,-1.6655124052284778,11.34,0.7243752263672583,0.033478294347859566,0.66,-0.1322580645161291,
826,920593,鼎智科技,bj,False,True,-1.6655970495369408,23.44,0.16441148907485656,0.005458247138513938,0.9716,-0.3891255459230212,44.8054
827,600249,两面针,sh,False,True,-1.6664282115561297,5.21,0.7466587023071755,,-1.79,-0.20538720538720545,
828,301223,中荣股份,sz,False,True,-1.66645105089836,16.16,0.9539254030334827,0.050226017076845805,2.69,-0.10807669959325983,
829,300610,晨化股份,sz,False,True,-1.666893546547241,10.3,0.5417118093174431,0.03176166049961092,4.7,-0.30112721417069244,
830,601065,江盐集团,sh,False,True,-1.6672219348003077,6.83,1.0258514567090686,0.04609760707321683,0.58,-0.2142857142857144,
831,300947,德必集团,sz,False,True,-1.667458300775225,13.95,0.5623031938821412,,0.31,-0.4611913357400722,
832,301126,达嘉维康,sz,False,True,-1.6677333813734336,10.0,0.7303534910896874,,0.4,-0.43661971830985913,
833,920152,昆工科技,bj,False,True,-1.6677825868612763,12.77,0.10538074061584506,,-31.1495,-0.4171867498799807,13.8897
834,300741,华宝股份,sz,False,True,-1.6678264974098091,13.35,0.8314625426124552,0.009686130623283135,0.65,-0.3563829787234043,
835,601512,中新集团,sh,False,True,-1.6679622310975426,7.63,1.3487995683841383,0.08009739843649878,0.77,-0.03394255874673624,
836,688619,罗普特,sh,False,True,-1.6682126134284683,14.41,0.24235961319405733,,-6.43,-0.14046822742474918,
837,002295,精艺股份,sz,False,True,-1.6682914473203927,9.05,0.5727048851726705,,0.55,-0.340669014084507,
838,600235,民丰特纸,sh,False,True,-1.6685077900399043,5.74,0.748671108781912,0.004938786214267264,-0.08,-0.24774774774774777,
839,603172,万丰股份,sh,False,True,-1.6685135775223232,17.37,0.48005376602179445,0.022379375167845314,1.25,-0.1667615253272624,
840,301469,恒达新材,sz,False,True,-1.669025750485217,28.49,0.549782835779867,0.039198316040342907,3.84,-0.1735191637630662,
841,002159,三特索道,sz,False,True,-1.6696049223484508,13.23,0.6310342651605982,0.0570645971239443,1.4,-0.18981481481481477,
842,600853,龙建股份,sh,False,True,-1.6697835718462173,3.27,1.0990218705352237,0.11843990951190914,1.74,-0.2153846153846154,
843,301027,华蓝集团,sz,False,True,-1.6702594431415654,20.28,0.3016227302889546,,-0.91,-0.08625730994152048,
844,600386,北巴传媒,sh,False,True,-1.6704829681014477,3.35,0.6218132073125233,,-0.56,-0.34978540772532196,
845,301098,金埔园林,sz,False,True,-1.6707616391464575,8.97,0.49783442027181757,,-1.62,-0.32044760935910477,
846,920592,华信永道,bj,False,True,-1.6709589921977088,19.0,0.21626297577854672,,-9.7119,-0.6078471233990648,19.7662
847,002729,好利科技,sz,False,True,-1.6709754314996648,13.51,0.22922636103151864,0.01638801577182638,8.65,-0.17197020988490175,
848,688070,纵横股份,sh,False,True,-1.671031341107854,33.21,0.1971453355413611,0.00689600479961934,-3.17,-0.47992384908272756,
849,000529,广弘控股,sz,False,True,-1.6712323655618124,4.93,1.1185682326621924,0.03709460236440995,-0.07,-0.2712418300653595,
850,300784,利安科技,sz,False,True,-1.6716721138420576,40.55,0.3575387035646609,0.020540587173224933,0.96,-0.3585664655330042,
851,601366,利群股份,sh,False,True,-1.6717942109570036,3.51,1.2973533990659054,,0.15,-0.2709251101321586,
852,920300,辰光医疗,bj,False,True,-1.671870176552075,9.57,0.19519812609798945,,-4.4365,-0.5060908084163898,41.139
853,002633,申科股份,sz,False,True,-1.672030898140877,14.18,0.16676672670268827,0.005481578606933539,2.76,-0.222020568663037,
854,301065,本立科技,sz,False,True,-1.6722466406944663,19.21,0.6805035726437564,0.03642085020832726,0.76,-0.3189341945902301,
855,688718,唯赛勃,sh,False,True,-1.6723229741371946,14.03,0.3309285856112251,0.020635107333510795,1.23,-0.2023319615912208,
856,002700,万憬能源,sz,False,True,-1.6724308922824784,6.25,0.540891389009087,0.029823593444774157,0.86,-0.27963917525773196,
857,002862,实丰文化,sz,False,True,-1.6724543868158988,13.28,0.129366106080207,,2.29,-0.3695187165775401,
858,002495,佳隆股份,sz,False,True,-1.6728634272407665,2.37,0.49932591002147103,0.008878274418584004,0.22,-0.25182481751824826,
859,000565,渝三峡Ａ,sz,False,True,-1.6729989354454335,5.93,0.49917635900763746,0.010769862048837018,0.64,-0.3816254416961131,
860,002888,惠威科技,sz,False,True,-1.6731179004649086,17.35,0.14860165839450767,0.007204886065534202,5.51,-0.2146596858638744,
861,688132,邦彦技术,sh,False,True,-1.6733129372223077,13.2,0.5879240402140044,,-3.67,-0.47151459008800367,
862,301041,金百泽,sz,False,True,-1.6734067136196,25.17,0.253324889170361,0.008346012317044977,-0.03,-0.22799851466765686,
863,601988,中国银行,sh,False,True,-1.673505414903999,6.13,1.383891502906172,0.12418657791465898,1.82,0.10275229357798166,
864,301331,恩威医药,sz,False,True,-1.6735240736164585,21.84,0.4833720030935808,0.021424607876114346,1.15,-0.44906204906204905,
865,300647,超频三,sz,False,True,-1.6739724794822806,5.65,0.17003043544794516,,3.94,-0.3154848046309695,
866,603331,百达精工,sh,False,True,-1.6742620270154112,12.52,0.41159038524860053,,0.06,-0.02333931777378817,
867,002995,天地在线,sz,False,True,-1.6745496454195667,16.5,0.27401764673644985,,-0.04,-0.24562306900102993,
868,000573,粤宏远Ａ,sz,False,True,-1.6746020143836426,3.62,0.709622480840193,,2.55,-0.16625916870415647,
869,301314,科瑞思,sz,False,True,-1.6748649385922427,42.3,0.45073469755701795,0.007551495535933413,1.81,-0.21524663677130051,
870,603810,丰山集团,sh,False,True,-1.6749245450284427,12.16,0.7685804319422028,0.01791389150630748,0.82,-0.39376103590347256,
871,600016,民生银行,sh,False,True,-1.6749784146934652,3.51,3.745318352059925,0.19088705213125395,1.64,-0.2616033755274262,
872,002420,毅昌科技,sz,False,True,-1.675271202783209,5.83,0.34799554565701557,0.08295932504293145,5.03,-0.2768777614138439,
873,601318,中国平安,sh,False,True,-1.6752813615249793,54.92,1.0338054378166028,0.16020249595488698,9.01,-0.030509691313711285,
874,301192,泰祥股份,sz,False,True,-1.675489803539029,19.84,0.32498131357446947,0.027396209460459054,1.47,-0.3820720058780308,
875,002072,凯瑞德,sz,False,True,-1.6758618214342254,7.3,0.08609556607834697,,-1.95,-0.12109375,
876,300956,英力股份,sz,False,True,-1.6758753867740614,10.99,0.5686341407938132,0.001810449224955739,-0.42,-0.4338368580060423,
877,301135,瑞德智能,sz,False,True,-1.6758753867740614,16.64,0.5686664771111744,0.007886777423310948,-0.3,-0.3788738542121344,
878,301278,快可电子,sz,False,True,-1.6762844932308243,27.39,0.5795421616922631,0.006423709139589126,1.44,-0.30637461387250775,
879,002878,元隆雅图,sz,False,True,-1.6763212887923815,12.09,0.39902637564343,,-0.29,-0.42389006342494717,
880,300032,金龙机电,sz,False,True,-1.6763212887923815,3.76,0.2143530823973249,,1.01,-0.38661710037174724,
881,603518,锦泓集团,sh,False,True,-1.6763801361822277,8.08,1.3770311209033326,0.08894264977942223,2.88,-0.2994296577946768,
882,688517,金冠电气,sh,False,True,-1.6768855306231734,15.72,0.3766194636938837,0.03540700350529335,2.45,-0.05616526791478382,
883,300971,博亚精工,sz,False,True,-1.6772547547777827,17.47,0.5156765676567656,0.03530724363410397,3.16,-0.261842105263158,
884,002873,新天药业,sz,False,True,-1.6774470128631693,8.39,0.6150818058801821,0.004110873548296393,0.28,-0.34671532846715336,
885,000987,越秀资本,sz,False,True,-1.6779033768333904,7.49,0.886053517632465,0.11070641765103123,3.76,0.048678720445062496,
886,605258,协和电子,sh,False,True,-1.6781065779252762,27.77,0.49002793159210073,0.027008704905591072,2.36,-0.26555099463214393,
887,300966,共同药业,sz,False,True,-1.678273427275377,24.31,0.2615815218812943,,0.39,-0.03875315922493672,
888,300786,国林科技,sz,False,True,-1.6786535245133518,15.63,0.38881760566118434,,0.43,-0.09398496240601506,
889,603237,五芳斋,sh,False,True,-1.6787519030236153,14.17,0.583192395171167,0.03944757614368385,-3.54,-0.2215041128084606,
890,301009,可靠股份,sz,False,True,-1.679110463164852,8.94,0.552791597567717,0.00798575979313688,0.14,-0.4728116710875332,
891,601007,金陵饭店,sh,False,True,-1.6791405925066816,6.7,0.6183527083848628,0.02499550080985423,0.52,-0.1713520749665327,
892,003038,鑫铂股份,sz,False,True,-1.6792929617963117,10.75,1.0763104079216446,,-0.28,-0.47592997811816196,
893,002016,世荣兆业,sz,False,True,-1.6793690355699045,4.47,1.364256480218281,0.042000042000042,2.8,-0.27517985611510787,
894,603195,公牛集团,sh,False,True,-1.6797816724651131,39.84,0.2479666732791113,0.05781483066036099,24.23,-0.14846679902934035,
895,300904,威力传动,sz,False,True,-1.6797953077617562,38.7,0.2000880387370443,,-9.27,-0.38655607395887326,
896,600716,凤凰股份,sh,False,True,-1.6798987103514933,3.49,1.2489072061945798,,-7.29,-0.2284263959390863,
897,002398,垒知集团,sz,False,True,-1.679935557875566,4.1,1.2853470437017995,0.016041116590043602,0.76,-0.3133208255159474,
898,601880,辽港股份,sh,False,True,-1.680050144028039,1.45,1.1911852293031566,0.042767209525112905,0.88,-0.07006369426751602,
899,600861,北京人力,sh,False,True,-1.680444168007382,12.94,1.0333781130515656,0.11489762621504239,16.01,-0.35768645357686457,
900,002641,公元股份,sz,False,True,-1.6805355018106933,3.93,1.1258725512272012,0.014269060253960734,-0.59,-0.11848341232227477,
901,605136,丽人丽妆,sh,False,True,-1.6805695372610114,7.91,0.7656381594058648,,0.93,-0.2766393442622951,
902,601319,中国人保,sh,False,True,-1.6805827323464522,7.04,1.0257462303826033,0.1368644357763635,2.76,-0.08966376089663763,
903,600655,豫园股份,sh,False,True,-1.6806780721178294,4.59,1.6733601070950468,,0.54,-0.2390924956369983,
904,000755,山西高速,sz,False,True,-1.6807494388106963,4.8,0.7996161842315689,0.06677573369837402,8.43,-0.05219206680584554,
905,000757,浩物股份,sz,False,True,-1.680896983075741,4.28,0.7067637288854336,0.015796191222372462,1.16,-0.3186372745490983,
906,603182,嘉华股份,sh,False,True,-1.6810668068168526,13.07,0.5247966413014957,0.041418672365875986,5.02,-0.21205519244734927,
907,600519,贵州茅台,sh,False,True,-1.6810943534188736,1304.66,0.15405472023662806,0.04993084577859665,17.72,-0.04943291717953224,
908,603801,志邦家居,sh,False,True,-1.6814348361428744,6.95,1.0436234606553956,0.02262213123098327,-2.95,-0.45010615711252655,
909,300423,昇辉科技,sz,False,True,-1.6820738612975137,5.76,0.4016709511568124,,-14.22,-0.24320457796852646,
910,300771,智莱科技,sz,False,True,-1.6824545842383838,11.21,0.7408504963698325,0.034088391198377394,0.79,-0.20370370370370372,
911,301276,嘉曼服饰,sz,False,True,-1.682493658365313,20.1,0.8338892595063375,0.04269563138299689,4.97,-0.32054905127169975,
912,002656,摩登大道,sz,False,True,-1.6828091824760791,2.95,0.19628241113313838,,-0.34,0.14222222222222225,
913,000978,桂林旅游,sz,False,True,-1.6830398497465033,6.1,0.37512191462225225,0.004300884734998837,-1.1,-0.14837712519319934,
914,300614,百川畅银,sz,False,True,-1.6832277157740305,10.58,0.42562247286656735,,-44.4,-0.4088471849865951,
915,603917,合力科技,sh,False,True,-1.6837384673575122,12.19,0.6756300249983109,0.008280825995831432,-0.33,-0.2253108997805413,
916,603320,迪贝电气,sh,False,True,-1.6839382766347226,17.09,0.4692852785208128,0.029377807416721264,2.77,-0.22959959452610246,
917,601816,京沪高铁,sh,False,True,-1.6845289205014802,4.91,0.8758868354208637,0.05557562453108066,1.49,-0.07677902621722854,
918,605069,正和生态,sh,False,True,-1.6846727233558887,10.44,0.31095494262881307,,-1.88,-0.16371681415929218,
919,301258,富士莱,sz,False,True,-1.6846857591028654,26.06,0.7793624814901411,0.01573512126271201,3.45,-0.41354389721627405,
920,301586,佳力奇,sz,False,True,-1.6850314579687031,30.76,0.5079236082893133,0.019615420074028594,4.44,-0.5237305011616329,
921,600405,动力源,sh,False,True,-1.6851087938337153,4.51,0.01395636403221687,,-140.21,-0.4095826893353941,
922,002355,兴民智通,sz,False,True,-1.685457205277085,4.7,0.2546278613805923,,-26.77,-0.37076923076923074,
923,300995,奇德新材,sz,False,True,-1.685486584211931,26.14,0.2650551314673452,0.009319916381710223,1.08,-0.4856887298747764,
924,300575,中旗股份,sz,False,True,-1.6855268975845679,5.86,0.7158196134574087,,2.46,-0.24781341107871724,
925,301388,欣灵电气,sz,False,True,-1.6859039232029487,23.71,0.405465677330414,0.009215867881318054,0.5,-0.3357548957675299,
926,603168,莎普爱思,sh,False,True,-1.6859780587102065,5.54,0.6393044367727911,,-1.97,-0.4212454212454212,
927,920469,富恒新材,bj,False,True,-1.6861474757683268,5.46,0.3622532149972831,,-8.2865,-0.6783625730994152,1.6874
928,688314,康拓医疗,sh,False,True,-1.6864978962250672,30.76,0.29280004684800753,0.03497347262101696,1.79,-0.25120283616105343,
929,601857,中国石油,sh,False,True,-1.6865570883262264,11.17,0.7946598855689765,0.0773766229746669,2.98,0.3273164861612514,
930,600638,新黄浦,sh,False,True,-1.686565768512712,4.86,1.4289797084881395,0.03921261077562544,2.96,-0.25,
931,001231,农心科技,sz,False,True,-1.6868115685313656,20.86,0.4921259842519685,0.032499187520311994,6.65,-0.226605504587156,
932,002830,名雕股份,sz,False,True,-1.6868115685313656,13.7,0.2684131415074082,0.016994808086129687,6.3,-0.10649960845732176,
933,300519,新光药业,sz,False,True,-1.686869936039565,14.08,0.38371512988757145,0.024874693730333443,6.48,-0.26639102185469576,
934,000897,津滨发展,sz,False,True,-1.687113599199162,1.76,1.0573059843518715,,-0.05,-0.30290456431535273,
935,300175,朗源股份,sz,False,True,-1.687185883815742,5.79,0.18279196446524212,,-1.13,0.07858546168958758,
936,603282,亚光股份,sh,False,True,-1.6873208420493717,15.44,0.6373486297004461,0.03201260015942275,-0.25,-0.2838499184339315,
937,600241,时代万恒,sh,False,True,-1.687710847310254,7.28,0.47723584995704876,,-1.22,-0.2680652680652681,
938,688501,青达环保,sh,False,True,-1.6881775913504635,13.04,0.5070479667376534,0.05930037418536111,2.46,-0.47149017728797327,
939,301011,华立科技,sz,False,True,-1.6886580486269303,14.64,0.42048608191068876,0.020844146234192323,-1.1,-0.510989010989011,
940,603586,金麒麟,sh,False,True,-1.6886745226523256,13.3,0.8620689655172414,0.017628600641681064,0.77,-0.3613041154462855,
941,688298,东方生物,sh,False,True,-1.688874116936327,18.71,1.5625,,-1.59,-0.37298245614035086,
942,603616,韩建河山,sh,False,True,-1.6889917325149288,5.41,0.10159710651440647,,-4.61,-0.21680672268907564,
943,002696,百洋股份,sz,False,True,-1.6889932692099567,6.09,0.6459113809585325,0.008008046485108238,-1.41,-0.2682170542635659,
944,688335,复洁科技,sh,False,True,-1.6890262394030633,19.47,0.39261876717707106,,0.94,0.2993719469644105,
945,301100,风光股份,sz,False,True,-1.6891166927216794,15.81,0.632071297642374,,-1.05,-0.24934793948878464,
946,001965,招商公路,sz,False,True,-1.689451193442488,9.29,1.1104941699056081,0.0733455086877755,1.79,-0.11451758340847606,
947,301353,普莱得,sz,False,True,-1.6898312207993942,18.85,0.54935999560512,0.02910843766282532,5.58,-0.26611328125,
948,002809,红墙股份,sz,False,True,-1.690248876419141,8.43,0.8158603247124092,,-0.66,-0.4269387755102041,
949,300094,国联水产,sz,False,True,-1.6903333603419937,2.82,0.02986393988986179,,-1711.19,-0.37684729064039413,
950,000972,中基健康,sz,False,True,-1.6905630644311267,3.55,0.0023713096197628737,,-302.33,-0.10875331564986745,
951,002660,茂硕电源,sz,False,True,-1.6906153499136194,7.34,0.3804595951909907,,-3.06,-0.3638275499474237,
952,600215,派斯林,sh,False,True,-1.6910114884933611,6.42,0.8361204013377926,,-0.92,-0.29960578186596587,
953,300667,必创科技,sz,False,True,-1.691057192959025,14.28,0.3561760934606069,,0.67,-0.20179640718562875,
954,603276,恒兴新材,sh,False,True,-1.6912883663324638,15.88,0.5450185306300415,0.022158946120522507,1.44,-0.17763904653802498,
955,688161,威高骨科,sh,False,True,-1.6914553414934956,21.71,0.4831151263346055,0.03006497040103664,1.05,-0.34577922077922085,
956,002890,弘宇股份,sz,False,True,-1.6920185685515077,14.33,0.24837315582931796,0.0044672991468798825,1.47,-0.14915966386554613,
957,000731,四川美丰,sz,False,True,-1.6920675302710162,6.21,1.1203226529240422,,-0.84,-0.18544935805991436,
958,000890,法尔胜,sz,False,True,-1.6921363294076184,7.04,0.006619053607715169,,-46.99,0.4414414414414414,
959,600798,宁波海运,sh,False,True,-1.6922955274230418,3.26,1.0041168792047395,0.016665805600043996,0.69,-0.20854271356783927,
960,600719,大连热电,sh,False,True,-1.6923867059440463,6.9,0.12869681604077116,,13.95,0.05084745762711873,
961,300550,和仁科技,sz,False,True,-1.6926039255462717,11.4,0.3716090672612412,0.006542854058368801,-2.84,-0.264,
962,300269,联建光电,sz,False,True,-1.6926160383725564,4.77,0.03184186058359762,,-21.3,-0.19691119691119685,
963,601916,浙商银行,sh,False,True,-1.6926346290663432,2.95,2.2655188038060716,0.1601332308480656,2.87,-0.12499999999999989,
964,603779,威龙股份,sh,False,True,-1.6926616350698778,7.9,0.18674485051074718,,-2.48,-0.07978723404255317,
965,600408,安泰集团,sh,False,True,-1.6927488728450164,2.86,0.3934219844204894,,-6.54,0.10087719298245612,
966,300240,飞力达,sz,False,True,-1.6929673595555181,6.05,0.64263222157959,0.0019861272980485904,1.7,-0.41448931116389554,
967,601500,通用股份,sh,False,True,-1.6932469234335576,3.98,0.974184120798831,0.035752080771100876,2.06,-0.1831896551724137,
968,002492,恒基达鑫,sz,False,True,-1.6934742347614753,5.39,0.743549706297866,,1.21,-0.32093663911845727,
969,600894,广日股份,sh,False,True,-1.6937753013620567,7.72,1.3601741022850926,0.10876658690450293,0.1,-0.22083333333333321,
970,000570,苏常柴Ａ,sz,False,True,-1.6940886439829899,5.03,0.9976057462090983,0.023229936884261487,2.97,-0.2046979865771812,
971,002652,扬子新材,sz,False,True,-1.6942035170359822,3.93,0.11668611435239207,,-11.9,-0.12082262210796924,
972,688597,煜邦电力,sh,False,True,-1.6944259700342552,6.65,0.35620146755004634,0.02108099105955169,-2.62,-0.3098086124401914,
973,688013,天臣医疗,sh,False,True,-1.6949802602957278,25.22,0.2817298211015636,0.03991298968249216,15.06,-0.37289088863892017,
974,301036,双乐股份,sz,False,True,-1.6950305280848024,22.13,0.7457121551081283,0.01008596265974904,-0.32,-0.5066055540576975,
975,300664,鹏鹞环保,sz,False,True,-1.69529553040047,4.5,1.289324394017535,0.03214100903483764,3.97,-0.20727272727272716,
976,603768,常青股份,sh,False,True,-1.695353601174362,11.24,0.8186655751125665,,0.32,-0.22239382239382233,
977,601878,浙商证券,sh,False,True,-1.6954280049058479,9.15,0.9008197459688315,0.062317332319638055,1.99,-0.16126126126126117,
978,600538,国发股份,sh,False,True,-1.6956285671019526,5.13,0.2515470141369422,,-1.67,-0.251177394034537,
979,301299,卓创资讯,sz,False,True,-1.6957592309257807,42.68,0.22514409221902015,0.02586365199938962,6.26,-0.388110198163364,
980,300883,龙利得,sz,False,True,-1.6967399359126385,6.56,0.6217745445501461,,-0.24,-0.24548192771084332,
981,002363,隆基机械,sz,False,True,-1.696782213350375,6.44,0.8143322475570033,0.024522546028818898,3.11,-0.28274173806609537,
982,002375,亚厦股份,sz,False,True,-1.6968805061659697,3.58,1.7352073572791948,0.0685593621236948,0.79,-0.12239583333333326,
983,300412,迦南科技,sz,False,True,-1.69785649801883,4.56,0.4497211728728189,0.008902222439832104,-0.2,-0.3456140350877194,
984,603326,我乐家居,sh,False,True,-1.69785649801883,6.99,0.5343307507347048,0.06419968670552888,0.76,-0.3406466512702079,
985,601628,中国人寿,sh,False,True,-1.6979024216339067,37.64,0.562334814148344,0.13608774938080073,3.26,0.010782347041123463,
986,920096,嘉晨智能,bj,False,True,-1.6981684387863711,33.2,0.30314972564949827,0.03273033152552802,6.1015,,33.9562
987,603585,苏利股份,sh,False,True,-1.6982131270335654,9.98,1.0135819987837016,0.060721984394450014,1.87,-0.31044776119402984,
988,000797,中国武夷,sz,False,True,-1.6982515885247715,2.37,1.243781094527363,,-2.08,-0.17712177121771222,
989,688367,工大高科,sh,False,True,-1.698341079706191,28.94,0.23465915757362432,0.0032021149328708624,1.69,0.18159806295399528,
990,001211,双枪科技,sz,False,True,-1.6984048837524803,24.3,0.355277649483071,,0.29,0.047132311186825815,
991,688606,奥泰生物,sh,False,True,-1.6986755518277443,47.64,1.077354018530489,0.04948976056853837,5.58,-0.4139424420229114,
992,002926,华西证券,sz,False,True,-1.698759403154098,8.23,1.1678150181011329,0.07234528959819427,1.56,-0.14389233954451353,
993,603609,禾丰股份,sh,False,True,-1.6989567910173404,6.32,1.1173184357541899,,0.13,-0.317829457364341,
994,002818,富森美,sz,False,True,-1.69899565386554,11.01,0.725268349289237,0.09647574117488159,6.48,-0.07813871817383677,
995,301636,泽润新能,sz,False,True,-1.6991650029777645,39.98,0.41013862685587726,0.00022494590219761576,3.13,-0.3589100035855146,
996,603183,建研院,sh,False,True,-1.6995964279214124,4.66,0.6885155604516663,,-0.38,-0.12418300653594783,
997,600278,东方创业,sh,False,True,-1.6998926858743626,6.14,1.4316392269148175,0.03453980885669779,0.47,-0.23294723294723296,
998,601228,广州港,sh,False,True,-1.6999574543356093,3.05,0.9358914365933552,0.03426769926667124,1.08,-0.08408408408408419,
999,603909,建发合诚,sh,False,True,-1.7000074894436523,9.57,0.4696379091720283,0.04657683547664405,4.44,-0.21560975609756106,
1000,001255,博菲电气,sz,False,True,-1.7002088522048044,25.8,0.4016064257028112,0.004855641770172764,1.72,-0.3604479811376363,
1001,300960,通业科技,sz,False,True,-1.7002088522048044,16.54,0.27334353815875795,0.018461118116079818,1.59,-0.5844424726412304,
1002,301577,美信科技,sz,False,True,-1.7002287870211414,55.16,0.2940311673037342,,-2.59,-0.17218543046357615,
1003,688317,之江生物,sh,False,True,-1.7005224502622678,17.17,1.0131712259371835,,-0.77,-0.35347043701799485,
1004,002347,泰尔股份,sz,False,True,-1.7005930575792156,5.85,0.3696721008465491,,-1.81,-0.3009575923392612,
1005,600470,六国化工,sh,False,True,-1.7008765094774043,5.39,0.5420347986340723,,-5.93,-0.0964912280701754,
1006,300813,泰林生物,sz,False,True,-1.7014452397248834,20.37,0.32664793885150584,0.007208926958431164,0.6,-0.3048433048433049,
1007,688355,明志科技,sh,False,True,-1.7018799441609431,17.39,0.5136370640505419,0.03242552667161697,0.29,-0.22187822497420018,
1008,002441,众业达,sz,False,True,-1.7019954228012044,7.72,1.080613788631943,0.043969959723516895,2.11,-0.1584821428571429,
1009,002802,洪汇新材,sz,False,True,-1.7022014027255827,11.95,0.30076092514060576,0.022417704606389942,4.41,-0.27641099855282203,
1010,688171,纬德信息,sh,False,True,-1.7022312275450648,26.36,0.26834831611431637,0.004126221103557834,-0.02,-0.1854419410745234,
1011,002259,升达林业,sz,False,True,-1.7024400517719924,3.81,0.15984910244728978,0.068864357874295,16.79,-0.16144578313253022,
1012,605151,西上海,sh,False,True,-1.7028090233426498,19.18,0.5335040546308152,0.007839380500795306,-0.54,-0.23418972332015808,
1013,000926,福星股份,sz,False,True,-1.703339054782663,2.17,1.5142337976983646,,-76.92,-0.302491103202847,
1014,000531,穗恒运Ａ,sz,False,True,-1.703491369984756,5.6,1.1916110581506196,0.0683433570256971,2.78,-0.09779179810725558,
1015,002939,长城证券,sz,False,True,-1.703527458027459,7.95,1.0171905197843556,0.07380182733324478,1.9,-0.06451612903225812,
1016,600007,中国国贸,sh,False,True,-1.7037126872617763,19.0,0.5252652589557727,0.06250859493180312,3.04,-0.02532299741602073,
1017,300915,海融科技,sz,False,True,-1.7037485778858221,19.97,0.6112843083318051,,-1.19,-0.32852807283763275,
1018,002187,广百股份,sz,False,True,-1.7041404700388407,5.28,1.0814318157240186,,0.6,-0.26250000000000007,
1019,601211,国泰海通,sh,False,True,-1.7042154903464228,17.64,1.067463706233988,0.10425137090552741,5.43,-0.012332990750257067,
1020,601555,东吴证券,sh,False,True,-1.704305542635284,7.89,1.1159468809284678,0.08605629803017134,8.21,-0.22613065326633164,
1021,603035,常熟汽饰,sh,False,True,-1.7048526245838918,11.03,1.332267519317879,0.08169667657919677,1.33,-0.22501850481125085,
1022,002200,交投生态,sz,False,True,-1.705207712225317,6.54,0.45400889857441207,0.030177655860048107,3.97,-0.09188361408882095,
1023,300640,德艺文创,sz,False,True,-1.7053047225518727,6.7,0.38992435467519304,0.004935853646016371,1.59,-0.16323529411764703,
1024,600671,天目药业,sh,False,True,-1.705460991087922,19.84,0.030554503122670218,0.006764810537951263,5.17,0.2964453386988597,
1025,301185,鸥玛软件,sz,False,True,-1.7059387950573812,16.29,0.4352367688022284,0.02092584299758516,0.35,-0.2472127968977218,
1026,603288,海天味业,sh,False,True,-1.7059427514848897,35.67,0.2013449844964362,0.034881490137258664,5.82,-0.027400976668475296,
1027,600356,恒丰纸业,sh,False,True,-1.7061510816052017,8.81,1.0617965597791463,0.07804938965377291,1.85,-0.17206703910614518,
1028,688592,司南导航,sh,False,True,-1.7064745327402253,23.65,0.3461165720614703,0.0068820187989225515,1.65,-0.30796982617251545,
1029,000586,汇源通信,sz,False,True,-1.7068659886209951,12.74,0.1292273496762855,,-1.74,-0.1397306397306397,
1030,001234,泰慕士,sz,False,True,-1.7069015404626229,21.9,0.3879427396516274,0.01710410412978594,2.52,-0.24782788580885406,
1031,002875,安奈儿,sz,False,True,-1.7070169864347222,12.86,0.22614201718679333,,2.43,-0.34825581395348826,
1032,301578,辰奕智能,sz,False,True,-1.7070736374180102,22.54,0.38984834899224197,0.0054425856200356814,2.73,-0.2595204513399153,
1033,000417,合百集团,sz,False,True,-1.7072798607990387,5.5,1.1107408641563923,0.03479362163328219,1.35,0.1276595744680853,
1034,688455,科捷智能,sh,False,True,-1.707632213374996,16.76,0.3268401098182769,0.010663481840090425,3.18,-0.13367942894224527,
1035,300334,津膜科技,sz,False,True,-1.7079133927644812,8.29,0.21871309216569707,,-6.06,-0.002673796791443861,
1036,301300,远翔新材,sz,False,True,-1.7079947217966027,31.83,0.403893533664526,0.041080583672932824,1.51,-0.3607777244359097,
1037,300987,川网传媒,sz,False,True,-1.708328227797704,13.09,0.3554670837480449,0.00889201097274154,0.27,-0.39434447300771214,
1038,603230,内蒙新华,sh,False,True,-1.7087059991997149,9.16,0.874202290410001,0.025457924415422408,0.84,-0.35325264750378216,
1039,300982,苏文电能,sz,False,True,-1.7088366301360454,14.59,0.9435742592942064,,-0.3,-0.29271991911021233,
1040,000701,厦门信达,sz,False,True,-1.7093297958241507,4.97,,0.14869888475836432,16.14,-0.28640776699029125,
1041,600742,富维股份,sh,False,True,-1.7094163527855026,7.58,1.5142337976983646,0.07955512772575755,5.51,-0.27263479145473035,
1042,002247,聚力文化,sz,False,True,-1.7095432588086379,2.37,0.3406574689150059,0.019845798148387033,2.24,-0.29893238434163705,
1043,001209,洪兴股份,sz,False,True,-1.7096619600769887,17.5,0.5696707303178763,0.009945033798197363,1.63,-0.20736329182458035,
1044,603289,泰瑞机器,sh,False,True,-1.7096619600769887,8.74,0.5799791207516529,0.030584126226805765,0.37,-0.2607392607392607,
1045,002666,德联集团,sz,False,True,-1.7101148510806776,4.17,1.0840108401084012,0.012888524573260953,1.57,-0.27042801556420226,
1046,688081,兴图新科,sh,False,True,-1.7102974927381986,28.3,0.13524296398479868,,-0.77,0.04155844155844157,
1047,000633,合金投资,sz,False,True,-1.7105283158282514,5.29,0.09831294978174525,0.0026341992824441152,1.18,-0.2893939393939393,
1048,002599,盛通股份,sz,False,True,-1.7108474216419474,5.75,0.39715636045911273,0.0031227438175917897,-0.63,-0.3506637168141592,
1049,300510,金冠股份,sz,False,True,-1.7110326627203833,3.38,0.6878525244187647,,-1.59,-0.4027777777777778,
1050,002486,嘉麟杰,sz,False,True,-1.7124879300110163,2.55,0.5119279205487868,0.018241284770168932,0.14,-0.2508833922261484,
1051,920931,无锡鼎邦,bj,False,True,-1.7130398704512326,10.05,0.41450777202072536,0.002279023593363848,0.9035,-0.5255504551721083,13.791
1052,000153,丰原药业,sz,False,True,-1.7131355279023526,5.92,0.7933989209774674,0.03577036854210709,1.7,-0.25072046109510093,
1053,000883,湖北能源,sz,False,True,-1.713620984271818,4.49,1.188636633781053,0.06478320301112328,5.13,0.03571428571428559,
1054,603600,永艺股份,sh,False,True,-1.714089190107017,9.55,0.7439922624804701,0.07835701020991843,3.07,-0.1641651031894934,
1055,000055,方大集团,sz,False,True,-1.71414474370763,3.51,1.483019427554501,,0.5,-0.23933649289099523,
1056,300609,汇纳科技,sz,False,True,-1.714163030835883,24.98,0.3058291026974127,,-8.9,-0.4888984694977365,
1057,688468,科美诊断,sh,False,True,-1.7147578468712998,6.25,0.5663797009515179,0.015289888643741008,3.11,-0.3678815489749431,
1058,600795,国电电力,sh,False,True,-1.7155821298399925,5.16,0.6546644844517184,0.07050595070223928,5.0,0.1128668171557563,
1059,601686,友发集团,sh,False,True,-1.7157481550425933,5.2,0.8682816705739342,0.08791517943488124,1.88,-0.15110356536502545,
1060,601798,蓝科高新,sh,False,True,-1.7159631937869342,7.67,0.4759185227489054,0.020025392197306185,0.95,-0.23318872017353587,
1061,002616,长青集团,sz,False,True,-1.7170109225825843,4.74,0.9137426900584795,0.0733159330185636,2.67,-0.22895622895622902,
1062,600322,津投城开,sh,False,True,-1.7170989510721055,2.59,0.02656077769957104,,0.15,-0.12720848056537093,
1063,300279,和晶科技,sz,False,True,-1.7171969784438401,5.51,0.38809329762874994,0.013592940370489182,6.25,-0.3769035532994923,
1064,688075,安旭生物,sh,False,True,-1.7173162981052401,29.08,1.3937282229965156,0.006773424873912697,1.34,-0.3426197458455523,
1065,601111,中国国航,sh,False,True,-1.7173166370580686,5.88,0.3650567663271639,0.01649593375233005,3.9,-0.1824417009602195,
1066,002795,永和智控,sz,False,True,-1.7174101619195667,7.08,0.14262079981744538,,15.25,-0.09012131715771221,
1067,000421,南京公用,sz,False,True,-1.7177023057345016,5.52,0.8785030308354563,0.031297337222549106,2.96,-0.2321428571428571,
1068,603639,海利尔,sh,False,True,-1.7177395523933303,10.64,0.9443762394938143,0.04094970557161694,5.3,-0.30916552667578656,
1069,002521,齐峰新材,sz,False,True,-1.7183473289981555,6.69,1.0493179433368311,0.04570509246140205,2.02,-0.20713463751438432,
1070,301512,智信精密,sz,False,True,-1.7184089248148673,30.87,0.45772874994278395,0.013167822582025658,3.23,-0.2309074573225517,
1071,301097,天益医疗,sz,False,True,-1.718519896024053,33.2,0.37567151282918215,,1.58,-0.07386192342478148,
1072,301601,惠通科技,sz,False,True,-1.7186463538498915,16.03,0.589622641509434,0.028953700138109148,-1.09,-0.5886627906976745,
1073,601825,沪农商行,sh,False,True,-1.7195035448027034,8.91,1.5323322096230463,0.14358738728390097,2.73,-0.06514285714285717,
1074,920579,机科股份,bj,False,True,-1.7196177143809908,14.24,0.24588148512417013,,-5.7434,-0.5368782161234991,5.0653
1075,300517,海波重科,sz,False,True,-1.7197519764730465,10.18,0.5125576627370579,0.0022691646841731207,0.33,-0.33776387802971064,
1076,301212,联盛化学,sz,False,True,-1.7205761147705867,23.79,0.5252100840336135,0.0034127794255814437,0.45,-0.3179723502304148,
1077,600517,国网英大,sh,False,True,-1.720637769587208,4.85,0.8640055296353897,0.08352683717278361,10.78,-0.06273764258555137,
1078,605300,佳禾食品,sh,False,True,-1.7208199380724594,9.55,0.6648494116082707,0.010303977644490103,0.62,-0.3647570703408267,
1079,300636,同和药业,sz,False,True,-1.7209835944956458,6.83,0.831186102568365,0.024784805922577226,3.09,-0.2329749103942652,
1080,688509,正元地信,sh,False,True,-1.7210307430493108,4.13,0.34668053388802217,,-14.95,-0.21940928270042193,
1081,920832,齐鲁华信,bj,False,True,-1.7212259291137741,5.99,0.882223202470225,,-0.7911,-0.32326263838868874,12.0466
1082,601066,中信建投,sh,False,True,-1.7215029135702988,24.79,0.455414882958375,0.0653705858511904,6.08,0.029832935560859086,
1083,601375,中原证券,sh,False,True,-1.7216175846420163,3.99,0.7855459544383347,0.028151330291112907,1.16,-0.07798165137614699,
1084,600526,菲达环保,sh,False,True,-1.7218677961721331,4.72,1.1148272017837235,0.07582075972401243,3.13,-0.15243902439024393,
1085,002332,仙琚制药,sz,False,True,-1.7224403107292516,8.44,0.72811999417504,0.04785581998554754,1.54,-0.18489065606361843,
1086,600665,天地源,sh,False,True,-1.7228730172280655,3.45,0.4754207473614148,,-82.64,-0.20771513353115734,
1087,301083,百胜智能,sz,False,True,-1.7230570669127114,13.66,0.341705108491372,0.00759168861929959,0.65,-0.3282657657657658,
1088,603117,万林物流,sh,False,True,-1.7230570669127114,3.77,0.45392646391284613,0.003253816564138907,-0.59,-0.4356775300171527,
1089,002912,中新赛克,sz,False,True,-1.7231518136121173,18.74,0.5107774032076821,0.00842621834691078,-5.02,-0.3812873724938445,
1090,603955,大千生态,sh,False,True,-1.7235995206072083,19.14,0.5500852632157984,,-0.88,-0.5361643835616439,
1091,000953,中哲精化,sz,False,True,-1.7236802817862622,6.16,0.06844299041113705,0.0027121122662599946,0.62,-0.394768133174792,
1092,603335,迪生力,sh,False,True,-1.7237739041817075,6.62,0.09960258568312434,0.01809466768238068,-7.02,0.03171641791044766,
1093,301233,盛帮股份,sz,False,True,-1.723779990601558,32.7,0.4216029343564231,0.03333711153930779,3.54,-0.33459178857951866,
1094,000789,万年青,sz,False,True,-1.7242754700011917,4.08,1.9833399444664817,,-0.31,-0.3637873754152824,
1095,000514,渝 开 发,sz,False,True,-1.7243071701057913,3.94,1.103996467211305,,0.88,-0.35431654676258995,
1096,002224,三 力 士,sz,False,True,-1.7243071701057913,3.62,0.984930562395351,,0.57,-0.3006396588486142,
1097,603797,联泰环保,sh,False,True,-1.7252746771726213,4.74,1.238390092879257,0.04619641792975373,2.42,-0.1982758620689654,
1098,601658,邮储银行,sh,False,True,-1.7253658856867884,5.04,1.7056114617090226,0.14519688697874317,2.23,-0.11265164644714032,
1099,603188,亚邦股份,sh,False,True,-1.7254758034837332,4.66,0.2653505280475508,,1.98,-0.19823788546255505,
1100,300650,太龙股份,sz,False,True,-1.725719329273808,11.63,0.5112474437627812,0.014665939236080559,0.53,-0.30905377808032675,
1101,300639,凯普生物,sz,False,True,-1.72592475695465,5.97,0.9865824782951854,,0.82,-0.199108469539376,
1102,603819,神力股份,sh,False,True,-1.7265508111025563,13.61,0.27408524050979854,0.008824084810043925,2.45,-0.0969305331179322,
1103,301023,奕帆传动,sz,False,True,-1.7273565872092824,27.75,0.31918289179699966,0.02306459239099097,3.13,-0.30828304991771804,
1104,002836,新宏泽,sz,False,True,-1.7285185357507054,9.81,0.1757407472496573,0.018938927640039165,11.1,-0.16243654822335019,
1105,300052,中青宝,sz,False,True,-1.7290698543818401,10.42,0.12625306163674468,,-15.35,-0.1601123595505617,
1106,301337,亚华电子,sz,False,True,-1.729357716354008,25.73,0.4043508147668917,,-1.36,-0.3154121863799283,
1107,000685,中山公用,sz,False,True,-1.7293909495564979,11.11,1.1798017932987257,0.1323451561672843,3.03,0.15433403805496826,
1108,300778,新城市,sz,False,True,-1.7294770613544956,10.22,0.5773338721782807,,-1.42,-0.42517662170841364,
1109,002753,永东股份,sz,False,True,-1.729675791939533,6.82,0.9078529278256923,0.0036285220703040667,1.46,-0.21409214092140927,
1110,688819,天能股份,sh,False,True,-1.7299784130975555,21.82,0.8080808080808081,0.05875060953757395,0.44,-0.22193784277879347,
1111,003023,彩虹集团,sz,False,True,-1.7299987484809336,27.07,0.5451373746184038,0.009986308770675403,1.51,-0.28246753246753253,
1112,600668,尖峰集团,sh,False,True,-1.730095371448429,7.24,1.8328445747800588,,-0.33,-0.4290375203915171,
1113,600138,中青旅,sh,False,True,-1.73050723897413,6.95,1.2520345561537498,0.01596452044975247,-0.59,-0.30957230142566194,
1114,600642,申能股份,sh,False,True,-1.7309591638294435,8.49,0.9171787581399614,0.09122672578158497,9.62,0.09358974358974348,
1115,001218,丽臣实业,sz,False,True,-1.731708944804278,23.41,0.7730364873222015,0.08313242996092776,6.37,0.09325605900948375,
1116,001324,长青科技,sz,False,True,-1.7317841696054677,17.6,0.4746760336070632,0.011933658406188319,2.04,-0.19183673469387752,
1117,002286,保龄宝,sz,False,True,-1.7319041458709965,7.77,0.7799703611262772,0.05229742592069618,6.74,-0.31333333333333335,
1118,600551,时代出版,sh,False,True,-1.7320605563187532,6.83,1.2901561088891755,0.08657184164278726,0.85,-0.23542857142857143,
1119,603329,上海雅仕,sh,False,True,-1.732096650679972,10.44,0.5646846236376983,0.02624396388830569,7.44,-0.28006456820016146,
1120,301555,惠柏新材,sz,False,True,-1.7324024288064968,30.46,0.4020908725371934,0.027614316366176884,1.2,-0.18414173685739177,
1121,603970,中农立华,sh,False,True,-1.7325130708730483,10.6,0.5709391949757351,0.06090022715784729,10.95,-0.30000000000000004,
1122,000407,胜利股份,sz,False,True,-1.7327599970642753,4.06,0.8727526618956188,0.04699424790405655,3.23,0.089337175792507,
1123,300730,科创信息,sz,False,True,-1.7330587445478027,11.16,0.0590831477137776,,-7.97,-0.2904953145917001,
1124,603020,爱普股份,sh,False,True,-1.7343156828480621,9.86,0.8946944618412813,0.023632002457728257,1.01,-0.01196953210010876,
1125,605500,森林包装,sh,False,True,-1.7344753572871725,6.92,0.9004952723998199,0.008512239323311022,-0.11,-0.3725690890481065,
1126,605169,洪通燃气,sh,False,True,-1.7348950945187385,10.79,0.660676532769556,0.03389060789583383,4.81,-0.4212432106216053,
1127,600257,大湖股份,sh,False,True,-1.7353741164588408,5.51,0.3077964849641417,0.009246536709675391,2.07,-0.1289134438305708,
1128,300965,恒宇信通,sz,False,True,-1.7356384598866952,42.66,0.48369933249492114,0.010762976651874749,-0.27,-0.34266477675407503,
1129,600359,新农开发,sh,False,True,-1.7356657628817507,6.55,0.2698909640505236,,3.31,-0.24829467939972716,
1130,001277,速达股份,sz,False,True,-1.7359151531761896,31.89,0.6483402489626556,0.03710134603683422,0.91,-0.5248784137673027,
1131,000411,英特集团,sz,False,True,-1.7362535853543448,9.58,0.998801438274071,0.08881310170876407,1.48,-0.16467341306347738,
1132,600918,中泰证券,sh,False,True,-1.7362617919477457,5.59,1.0165700925078784,0.055935919810265355,3.51,-0.18731563421828912,
1133,301359,东南电子,sz,False,True,-1.7365528811798143,16.85,0.4245383145828911,0.017050182095944784,0.6,-0.36001809136137486,
1134,603602,纵横通信,sh,False,True,-1.7368232850032415,11.44,0.3451131971286582,,1.64,-0.392293114339861,
1135,002331,皖通科技,sz,False,True,-1.7369111434437674,6.8,0.49549103161232777,,-22.35,-0.2343195266272189,
1136,600469,风神股份,sh,False,True,-1.7370495772828192,5.22,1.0055304172951232,0.05559416261292564,1.09,-0.16694214876033053,
1137,002869,金溢科技,sz,False,True,-1.737105295216766,15.93,0.7153587524143359,,-1.25,-0.4867289719626168,
1138,003005,竞业达,sz,False,True,-1.737105295216766,13.33,0.5838734162433584,,-2.14,-0.5210260723296889,
1139,600280,中央商场,sh,False,True,-1.7375946012558336,2.92,0.0806868060934676,,-144.06,-0.27826086956521734,
1140,600790,轻纺城,sh,False,True,-1.7375963758581228,3.34,1.2150668286755772,0.06198513596439574,5.87,-0.1680216802168022,
1141,301336,趣睡科技,sz,False,True,-1.7381527102923835,40.79,0.39797827038643685,0.013715558518116197,0.96,-0.2033782241497376,
1142,000659,珠海中富,sz,False,True,-1.7383127455554168,2.59,0.02048869638620373,,-40.39,-0.1843003412969283,
1143,002337,赛象科技,sz,False,True,-1.7384218653675685,4.6,0.4927322000492732,0.018551395714256562,0.56,-0.31907894736842113,
1144,300988,津荣天宇,sz,False,True,-1.7384708085823168,14.34,0.4629200999907416,0.033025317208171784,7.14,-0.0833872010342599,
1145,300086,康芝药业,sz,False,True,-1.7386754145735022,6.42,0.30389594602808,,-1.32,-0.19640387275242055,
1146,600229,城市传媒,sh,False,True,-1.7387870745685061,5.08,0.8233163181294254,,-14.51,-0.3442389758179232,
1147,001238,浙江正特,sz,False,True,-1.738802090443664,24.66,0.3048780487804878,0.009986458362460504,3.65,-0.27124600638977636,
1148,000068,华控赛格,sz,False,True,-1.7391737601125292,3.08,0.18879323365050596,,-3.1,-0.2556818181818181,
1149,000928,中钢国际,sz,False,True,-1.7397106013983266,5.05,1.1863803535413453,0.06048765144595731,2.31,-0.20578778135048226,
1150,300884,狄耐克,sz,False,True,-1.740033550200161,12.36,0.40814660626096894,0.003980955110750172,-0.15,-0.3083853083853083,
1151,603102,百合股份,sh,False,True,-1.7400516038640041,37.77,0.7089181908407769,0.04907565994493711,3.62,-0.2939282428702852,
1152,605155,西大门,sh,False,True,-1.7401310777797432,13.9,0.517437648763324,0.04104416351994746,1.46,-0.06367041198501866,
1153,000541,佛山照明,sz,False,True,-1.7403387252259788,4.91,0.9115770282588879,0.02337082012881996,0.38,-0.24528301886792458,
1154,300845,捷安高科,sz,False,True,-1.7405990604413895,12.23,0.3268507926131721,0.013173286682334097,4.82,-0.14849785407725324,
1155,000822,山东海化,sz,False,True,-1.7410107350342672,4.3,0.9271277582050806,,-7.89,-0.3333333333333335,
1156,002393,力生制药,sz,False,True,-1.74102192145813,13.82,1.0532968190436065,0.03560175872688111,1.75,-0.2811684924360982,
1157,301567,贝隆精密,sz,False,True,-1.7410225491164115,35.23,0.28647549202165756,,0.56,-0.31710105166895286,
1158,301320,豪江智能,sz,False,True,-1.741045195999994,13.29,0.4369101712687871,,0.54,-0.4865481076151391,
1159,603987,康德莱,sh,False,True,-1.7410834176324417,7.46,0.873743993010048,0.07172520638928138,3.97,-0.2214839424141749,
1160,301173,毓恬冠佳,sz,False,True,-1.7410904011246215,31.59,0.5581291510855612,0.06157294238619781,1.16,-0.4053763440860215,
1161,002806,华锋股份,sz,False,True,-1.7411161715118568,14.09,0.3726198904497522,,-1.42,-0.023770491803278615,
1162,603042,华脉科技,sh,False,True,-1.7411161715118568,13.7,0.29797377830750893,,2.18,-0.0997506234413964,
1163,600050,中国联通,sh,False,True,-1.741142624960079,4.25,1.2903225806451613,0.05205594973477493,2.41,-0.15000000000000002,
1164,300631,久吾高科,sz,False,True,-1.7412242591137235,21.42,0.5065342923715935,0.026823890429772373,1.17,-0.4218215728940006,
1165,301616,浙江华业,sz,False,True,-1.7412242591137235,34.5,0.5288486963879634,0.07053678493334274,1.01,-0.32584033613445373,
1166,600630,龙头股份,sh,False,True,-1.7413348892415723,6.6,0.2901662652699997,0.019132091788123563,3.04,-0.31931818181818183,
1167,600425,青松建化,sh,False,True,-1.7415346010317594,3.62,1.1063170704723972,0.0500713516761385,1.93,-0.22377622377622375,
1168,002852,道道全,sz,False,True,-1.7415575898677436,7.82,0.8192692118630183,0.02581964461841147,0.77,-0.398989898989899,
1169,000798,中水渔业,sz,False,True,-1.7417010485327462,8.7,0.17147952534467384,0.03135700578223187,18.75,-0.11031175059952036,
1170,300095,华伍股份,sz,False,True,-1.7417367396131436,7.92,0.468099049758929,,1.16,-0.3395225464190982,
1171,300808,久量股份,sz,False,True,-1.7417599251692832,19.72,0.2944380649530371,,-2.9,-0.5251009809578764,
1172,601811,新华文轩,sh,False,True,-1.7418296644239435,11.97,1.0532968190436065,0.1060164325470448,1.65,-0.19079386257505004,
1173,600320,振华重工,sh,False,True,-1.7419684622548857,4.04,0.7531821947729155,0.040159352309965944,2.28,-0.10434782608695647,
1174,002357,富临运业,sz,False,True,-1.742384873424612,10.89,0.5184301933744622,0.05001100242053252,3.7,-0.23836126629422727,
1175,603350,安乃达,sh,False,True,-1.7425559103540236,27.9,0.4200798151648813,0.03404162610039556,1.98,-0.30623161273067667,
1176,000089,深圳机场,sz,False,True,-1.7426682018613975,6.51,0.9017132551848512,0.07113944041716168,6.12,-0.074964639321075,
1177,300844,山水比德,sz,False,True,-1.7427546619179495,23.37,0.3512222534419781,,-3.26,-0.5462645647703908,
1178,301088,戎美股份,sz,False,True,-1.7429689352929147,12.49,0.8880206020779682,0.025098763634903345,3.1,-0.23093220338983045,
1179,300940,南极光,sz,False,True,-1.7430466655503696,13.45,0.39203387172651716,0.021720856583700234,7.58,-0.5285505124450951,
1180,000812,陕西金叶,sz,False,True,-1.7441833035997385,3.54,0.5574136008918618,,0.64,-0.32059447983014855,
1181,301136,招标股份,sz,False,True,-1.7442854815196247,11.17,0.4707211447938241,0.0004152254537189294,0.37,-0.22213622291021662,
1182,301082,久盛电气,sz,False,True,-1.7443980757874278,9.35,0.3754458419373006,0.013367536403143511,-0.66,-0.4293628808864266,
1183,600346,恒力石化,sh,False,True,-1.7445048137848393,18.76,0.5448106782892945,0.08504341466318556,10.02,0.06760374832663985,
1184,300479,神思电子,sz,False,True,-1.7446338311834149,14.62,0.18470290537670156,0.015444659468425711,-5.85,-0.44263775971093045,
1185,603878,武进不锈,sh,False,True,-1.7448225036377545,5.0,0.9230201218386561,0.011313356208939588,-1.93,-0.23570190641247823,
1186,688175,高凌信息,sh,False,True,-1.7448302306182055,18.91,0.5445140212360469,,0.13,-0.006892230576441172,
1187,603001,奥康国际,sh,False,True,-1.7448862031390668,8.07,0.729447808009337,,0.74,-0.3074204946996467,
1188,002313,日海智能,sz,False,True,-1.7450712576131397,8.75,0.02627340632085609,,16.81,-0.5066844919786097,
1189,002593,日上集团,sz,False,True,-1.7455467411230257,4.39,0.7006726457399103,0.036281179138321996,1.3,-0.18436873747494986,
1190,688148,芳源股份,sh,False,True,-1.7456117115904477,6.29,0.11503508570113885,0.02826080198503873,8.46,0.06980802792321117,
1191,001215,千味央厨,sz,False,True,-1.7457957609266677,30.9,0.6191567085629373,0.021560134448998423,1.22,0.0603418207185209,
1192,300388,节能国祯,sz,False,True,-1.7460952338734625,6.91,1.0201999591920017,0.08037486838615301,1.88,-0.1542416452442159,
1193,300332,天壕能源,sz,False,True,-1.746118487547171,4.96,0.9155832265152902,,1.84,-0.11583011583011582,
1194,601326,秦港股份,sh,False,True,-1.7463057248374223,3.39,1.094570928196147,0.08517597356137781,2.06,0.0652173913043479,
1195,002966,苏州银行,sz,False,True,-1.746659196902712,8.7,1.3320900492873318,0.1407954945441746,2.68,-0.03140096618357491,
1196,600377,宁沪高速,sh,False,True,-1.7472597194810642,12.19,0.7057163020465772,0.07733174545482666,3.15,-0.108108108108108,
1197,600828,茂业商业,sh,False,True,-1.747447993833944,3.88,1.0009008107296566,,-0.27,-0.184652278177458,
1198,688203,海正生材,sh,False,True,-1.7477176562782186,11.44,0.6361323155216285,0.0046051880206165055,0.07,-0.3695965417867435,
1199,002352,顺丰控股,sz,False,True,-1.747783265980712,32.94,0.5787037037037037,0.06577952020417964,2.52,-0.27956989247311825,
1200,301062,上海艾录,sz,False,True,-1.748361873486456,7.14,0.43563493792202135,,1.25,-0.35622817229336434,
1201,000708,中信特钢,sz,False,True,-1.748449179754233,13.94,0.6231694397706736,0.0869882913759808,6.74,0.14814814814814814,
1202,300140,节能环境,sz,False,True,-1.7484657974107776,5.4,0.8634832915983076,0.054595583217317716,4.07,-0.16352201257861632,
1203,300254,仟源医药,sz,False,True,-1.7486140864695705,9.54,0.1794172527630257,0.007255282934268588,8.16,-0.4006595218466612,
1204,601088,中国神华,sh,False,True,-1.7486783895105802,46.89,0.4728579534707774,0.050704025392575916,2.22,0.24693042291950906,
1205,603808,歌力思,sh,False,True,-1.7486987023754712,8.45,0.8529512111907198,0.053664190958657106,1.56,-0.14765906362545023,
1206,300582,英飞特,sz,False,True,-1.7487810097733993,11.06,0.26627612834509384,,0.96,-0.3196314670446492,
1207,603190,亚通精工,sh,False,True,-1.7490321756842113,16.42,0.7862871520679352,0.04376291005846725,5.05,-0.18186968838526907,
1208,605033,美邦股份,sh,False,True,-1.7499983821233387,19.25,0.4574565416285453,0.024435121088242553,4.29,-0.23279924599434487,
1209,600908,无锡银行,sh,False,True,-1.7506727730357354,5.53,1.9062142584826536,0.1916516539537736,2.68,-0.08503401360544216,
1210,002035,华帝股份,sz,False,True,-1.7506784501683392,4.71,0.9641342074816815,0.0740905386382159,7.86,-0.26953748006379574,
1211,300190,维尔利,sz,False,True,-1.7507157597845484,3.58,0.9030976248532466,,0.21,-0.09595959595959591,
1212,601860,紫金银行,sh,False,True,-1.7510627688241174,2.56,2.181500872600349,0.1335060010947492,2.06,-0.11418685121107264,
1213,603266,天龙股份,sh,False,True,-1.7511842053245248,15.5,0.5263989050902774,0.035785985492361484,1.84,-0.33712984054669703,
1214,603587,地素时尚,sh,False,True,-1.7514399802115916,11.57,0.68259385665529,0.05091494149873222,2.7,-0.12822580645161286,
1215,001319,铭科精技,sz,False,True,-1.7517449043214126,19.5,0.5111429155591903,0.05054921724537096,10.16,-0.3885420492104298,
1216,920438,戈碧迦,bj,False,True,-1.7519762785096369,106.0,0.06424505634291441,0.002110713241665057,1.1816,3.7775174162483554,28.9126
1217,600333,长春燃气,sh,False,True,-1.752120889330264,6.26,0.5080010160020321,0.003037905157816135,-0.46,0.041044776119402826,
1218,600727,鲁北化工,sh,False,True,-1.7521994768938345,7.44,0.8512087163772557,0.03348479622827255,5.13,-0.12,
1219,002462,嘉事堂,sz,False,True,-1.7523233093254567,11.96,1.2583364791745313,0.02961243248365394,0.87,-0.23493150684931507,
1220,600749,西藏旅游,sh,False,True,-1.7524883122438497,14.12,0.32456994482310936,0.003868639569683483,-1.92,-0.4597938144329897,
1221,001222,源飞宠物,sz,False,True,-1.7525492184263436,14.23,0.5241914347119568,0.04167639115793685,8.22,-0.38835877862595425,
1222,601336,新华保险,sh,False,True,-1.7526224846550238,59.43,0.6664445184938355,0.19905251005215177,5.26,0.0027928371940200147,
1223,002767,先锋电子,sz,False,True,-1.7526441909029915,17.85,0.3252032520325203,0.010481257415489621,1.54,-0.22784176264396594,
1224,600653,申华控股,sh,False,True,-1.7526664996523453,1.66,0.19359210144226116,,-27.53,-0.18229166666666663,
1225,301220,亚香股份,sz,False,True,-1.7527016702708913,27.47,0.5619871866921434,0.01586422759455476,6.58,-0.4702042535270583,
1226,003029,吉大正元,sz,False,True,-1.7530307659383466,16.5,0.32062586168200324,,-1.31,-0.427807486631016,
1227,300810,中科海讯,sz,False,True,-1.7530307659383466,23.65,0.27599911680282624,,-1.82,-0.5175131348511384,
1228,603722,阿科力,sh,False,True,-1.7530307659383466,29.03,0.3126856571089084,,-3.93,-0.34110642520466394,
1229,601921,浙版传媒,sh,False,True,-1.7531426126510532,7.37,0.8878629139660835,0.07666595111778957,4.44,-0.12752525252525249,
1230,601238,广汽集团,sh,False,True,-1.7532784987338934,5.12,1.996805111821086,,-0.63,-0.3227091633466136,
1231,002763,汇洁股份,sz,False,True,-1.7535243417763913,7.36,0.5323396326856534,0.024140886211932843,8.57,0.021638330757341562,
1232,600503,华丽家族,sh,False,True,-1.753568272632886,2.12,1.015950421619425,,-0.15,-0.3503401360544218,
1233,300187,永清环保,sz,False,True,-1.7538005276423583,4.57,0.4005126561999359,0.04334727670734086,7.38,-0.18994413407821242,
1234,301066,万事利,sz,False,True,-1.7540992736761618,11.85,0.4628343978524484,0.013237528924000699,1.16,-0.3187660668380463,
1235,000589,贵州轮胎,sz,False,True,-1.7542311403339501,4.25,1.3914011409489355,0.11112592790149799,1.96,-0.04943820224719098,
1236,688026,洁特生物,sh,False,True,-1.7545463605331393,15.54,0.49662296384584825,0.012630664221370075,-0.35,-0.42970690511674114,
1237,301332,德尔玛,sz,False,True,-1.7546078915036805,7.75,0.8309098462816784,0.035725003215250295,0.73,-0.32522522522522523,
1238,600731,湖南海利,sh,False,True,-1.7547540791024194,5.88,0.9883376161296699,0.07113741614677072,1.39,-0.33416149068322987,
1239,300538,同益股份,sz,False,True,-1.7547956576241353,15.07,0.33167495854063017,,0.91,-0.2773255813953488,
1240,605180,华生科技,sh,False,True,-1.7550546248021175,12.55,0.5415064710023285,0.01018110143227735,2.29,-0.35744680851063826,
1241,000828,东莞控股,sz,False,True,-1.7554398301276954,9.93,1.0050251256281406,0.08152417599439114,5.31,-0.08488805970149249,
1242,603006,联明股份,sh,False,True,-1.7554606473291954,11.11,0.48144046988589856,0.03677525172659807,6.9,-0.22861710631494803,
1243,605005,合兴股份,sh,False,True,-1.7556103366578224,15.78,0.33620225927918235,0.03151571688801205,9.89,-0.22578919208132697,
1244,000965,天保基建,sz,False,True,-1.7557148465567498,3.12,1.591089896579157,,1.16,-0.28333333333333344,
1245,002386,天原股份,sz,False,True,-1.7559272197226665,5.9,0.996512207274539,0.01992027904326884,1.0,0.0412757973733584,
1246,002394,联发股份,sz,False,True,-1.7561913566689311,9.6,1.339764201500536,0.04468614684761577,0.47,-0.1642411642411643,
1247,300600,国瑞科技,sz,False,True,-1.7562163545468912,9.81,0.4156967076820751,,-0.35,-0.5750237416904084,
1248,600956,新天绿能,sh,False,True,-1.756646197167458,7.05,0.779423226812159,0.05003502451716201,2.73,-0.09622886866059821,
1249,600793,宜宾纸业,sh,False,True,-1.7569080042192844,13.93,0.09194218675296972,,-11.42,-0.5273004963726613,
1250,300218,安利股份,sz,False,True,-1.7570550279392698,12.56,0.5764353239566521,0.033219942595939196,0.36,-0.5184707903780068,
1251,002998,优彩资源,sz,False,True,-1.75722076624396,7.85,0.6281012499214873,0.033796114798642744,4.57,-0.09827357237715806,
1252,300410,正业科技,sz,False,True,-1.7573061670757046,7.78,0.09656144687672,0.014028747709806937,4.64,-0.17887154861944776,
1253,603278,大业股份,sh,False,True,-1.7573532581995353,8.93,0.634437254155564,,-1.27,-0.21585482330467998,
1254,001205,盛航股份,sz,False,True,-1.7579632433179995,14.6,0.7906388361796332,0.04627123271191068,3.29,-0.2501525320317267,
1255,600368,五洲交通,sh,False,True,-1.7580794468035066,4.06,1.1179429849077698,0.08478959462094811,4.3,-0.09855769230769229,
1256,600738,丽尚国潮,sh,False,True,-1.7584112711710203,4.01,0.6987631891551953,0.061477551472079964,4.85,-0.3003875968992249,
1257,920876,慧为智能,bj,False,True,-1.7584435947430432,15.31,0.2584780810587262,0.0018260544368740286,0.2537,-0.5258819319668828,13.8556
1258,600785,新华百货,sh,False,False,-1.7584550228488605,10.71,0.6770022341073725,0.016869295015292017,2.99,-0.14126807563959964,
1259,601588,北辰实业,sh,False,True,-1.7587411777127249,1.68,1.029336078229542,,-15.12,-0.10497237569060769,
1260,920392,佳合科技,bj,False,True,-1.7588917578732612,13.48,0.3305020325875004,0.01753813667820676,0.8107,-0.6412682108300531,13.7486
1261,000913,钱江摩托,sz,False,True,-1.7590302477305795,11.4,0.8880206020779682,0.1418942887548776,18.2,-0.3169469598965071,
1262,600694,大商股份,sh,False,True,-1.7591291961797497,14.43,1.6730801405387319,0.09148963422444238,3.0,-0.17422012948793408,
1263,688357,建龙微纳,sh,False,True,-1.7592666284509684,26.56,0.66203243958954,0.03369624185814556,0.88,-0.2873248019500304,
1264,002367,康力电梯,sz,False,True,-1.7595146915998159,5.35,0.8560178051703476,0.06978902776905414,1.01,-0.3020689655172414,
1265,000156,华数传媒,sz,False,True,-1.7596207800528376,6.67,1.2281994595922376,0.036288025314526455,0.74,-0.19702602230483268,
1266,002899,英派斯,sz,False,True,-1.7596410548987036,19.14,0.6252735571812669,0.022554729050039923,0.85,-0.21029281277728473,
1267,601598,中国外运,sh,False,True,-1.75978043127334,6.61,0.8803591865481117,0.08558346527450897,1.63,0.13295880149812733,
1268,920149,旭杰科技,bj,False,True,-1.7598595844530318,7.79,0.20512399745646245,,2.3883,-0.5468653010552451,18.4604
1269,301206,三元生物,sz,False,True,-1.7598716539381407,23.58,0.8939746111210441,0.019407075043277777,2.16,-0.21314952279957577,
1270,688030,山石网科,sh,False,True,-1.76013018834664,16.16,0.2336284839847674,,-4.94,-0.29396984924623104,
1271,605099,共创草坪,sh,False,True,-1.760678021873642,34.03,0.24345709068776628,0.05199153577797535,6.02,0.03965344885038302,
1272,300980,祥源新材,sz,False,True,-1.7611704332870146,22.45,0.45924225028702637,0.019304013111285705,1.22,-0.20190713101160862,
1273,603511,爱慕股份,sh,False,True,-1.7613643507723378,12.61,0.8745845723281441,0.03131301744761332,2.09,-0.2672010688042752,
1274,300121,阳谷华泰,sz,False,True,-1.7613702869792254,9.57,0.8430281571404485,0.0457188837277349,1.64,-0.3382679496669134,
1275,600372,中航机载,sh,False,True,-1.7614255000043686,10.82,0.7243752263672583,0.021897746283952454,0.47,-0.1066030230708035,
1276,001322,箭牌家居,sz,False,True,-1.7614351146485836,6.18,0.7830853563038371,0.009158934999038311,-1.38,-0.338963963963964,
1277,300239,东宝生物,sz,False,True,-1.7614430186434482,4.98,0.584726932522512,0.018528228682809695,2.13,-0.23777403035413158,
1278,002769,普路通,sz,False,True,-1.7616204627223624,6.9,0.45991813457204617,0.006073946656170887,1.37,-0.2952710495963091,
1279,002225,濮耐股份,sz,False,True,-1.762565117680309,3.54,0.9916699722332408,0.008015196813157746,0.37,-0.5400271370420624,
1280,605077,华康股份,sh,False,True,-1.76259411291669,10.78,0.9139932364500503,0.03326790645064706,1.32,-0.4169570267131243,
1281,920122,中纺标,bj,False,True,-1.7626124706389825,22.3,0.16544513012259485,0.01145442570373128,6.3159,-0.5055203838074687,45.4064
1282,688186,广大特材,sh,False,True,-1.7630046021273984,13.54,1.2448649321548613,0.03604863682079862,0.11,-0.4746959591996861,
1283,600935,华塑股份,sh,False,True,-1.7630885235431755,2.25,0.7343761474627305,,-0.26,-0.1195219123505975,
1284,300289,利德曼,sz,False,True,-1.7633273149363222,5.75,0.5227391531625719,,-0.24,-0.5169258920402562,
1285,300162,雷曼光电,sz,False,True,-1.7633391789664943,7.44,0.26468330642386384,,-1.68,-0.120051085568327,
1286,600109,国金证券,sh,False,True,-1.763524181453876,8.53,1.1425959780621573,0.07550874013667082,6.42,-0.08260869565217388,
1287,300865,大宏立,sz,False,True,-1.763619643311266,29.46,0.30959752321981426,0.0043452793753921614,1.22,-0.40663534938344104,
1288,600817,宇通重工,sh,False,True,-1.7636406667914901,9.55,0.4831384674847812,0.05782920721939823,4.2,-0.24034334763948506,
1289,600479,千金药业,sh,False,True,-1.7637552045561413,9.8,0.6433350488934637,0.06388143605468251,2.42,-0.11875589066918002,
1290,600004,白云机场,sh,False,True,-1.7638826623811548,7.45,1.1032656663724625,0.06979877014567003,0.79,-0.15714285714285714,
1291,603381,永臻股份,sh,False,True,-1.7641487662636817,15.45,0.9123255177447313,,0.73,-0.36745283018867925,
1292,603177,德创环保,sh,False,True,-1.764359074477679,10.39,0.15220931825446354,,-3.58,-0.17364657814096007,
1293,603080,新疆火炬,sh,False,True,-1.7644032475350249,19.64,0.578904712284358,0.07675186123263489,6.53,-0.18131359851988904,
1294,001335,信凯科技,sz,False,True,-1.7644268237228973,31.0,0.34693311129614207,0.026952797565623323,5.46,-0.25804776739356194,
1295,002905,金逸影视,sz,False,True,-1.764570012947638,7.66,0.022628120417805615,,-33.17,-0.27608008429926234,
1296,920068,天工股份,bj,False,True,-1.7650452579224187,15.52,0.13191741969527077,0.008976999132821885,0.0074,-0.31263208919049923,7.0312
1297,688576,西山科技,sh,False,True,-1.7652901527570093,40.61,0.632071297642374,0.017372391101166382,0.42,-0.26614400660202187,
1298,300993,玉马科技,sz,False,True,-1.7653621699114557,9.76,0.5308419152776304,0.04869948037654438,1.75,-0.4185303514376997,
1299,300994,久祺股份,sz,False,True,-1.7655175980743343,11.32,0.4670714619336758,0.04709073442709412,1.38,-0.4046597179644389,
1300,000882,华联股份,sz,False,True,-1.765560682191028,1.42,1.6837851490149858,,-0.57,-0.3092783505154638,
1301,688038,中科通达,sh,False,True,-1.7656463950055992,17.87,0.2848515923204011,,-0.39,-0.08557046979865757,
1302,300452,山河药辅,sz,False,True,-1.7663692057470168,12.58,0.34062265821922477,0.060928427376360984,9.3,-0.16171138506163873,
1303,601963,重庆银行,sh,False,True,-1.7665114350950215,11.21,1.4647722279185587,0.14718436313326072,5.21,0.10080645161290325,
1304,301035,润丰股份,sz,False,True,-1.766902614360874,56.05,0.3758409441124516,0.04849495894901725,6.54,0.032277346084877534,
1305,300110,华仁药业,sz,False,True,-1.7672071591971092,2.8,0.25794469665703673,,-55.25,-0.268361581920904,
1306,301283,聚胶股份,sz,False,True,-1.7672292174690523,25.34,0.5487871803314675,0.06159114565690036,4.41,-0.13235294117647056,
1307,000554,泰山石油,sz,False,True,-1.7672451870810226,6.41,0.38893858659717634,0.055206527619825765,5.65,-0.06038291605301915,
1308,603280,南方路机,sh,False,True,-1.767462387080997,26.35,0.48557832378362625,0.03330402579063757,6.88,-0.5812622921509029,
1309,301059,金三江,sz,False,True,-1.7674705795342764,11.3,0.2507774099709098,0.03202408210974653,12.09,-0.17238562091503262,
1310,603656,泰禾智能,sh,False,True,-1.7678578887618654,17.16,0.4231013327691982,0.010751624570472598,1.14,-0.14270941054808695,
1311,000521,长虹美菱,sz,False,True,-1.7679864041135,4.81,1.1860989206499823,0.01033628055146124,0.99,-0.32000000000000006,
1312,301575,艾芬达,sz,False,True,-1.768010537489544,25.87,0.45112103577389817,0.036452049151943076,4.17,,
1313,000695,滨海能源,sz,False,True,-1.7680520170856482,13.95,0.10748411922138505,,-8.13,0.0885328836424959,
1314,002094,青岛金王,sz,False,True,-1.768234949663481,4.67,0.4574983987556044,0.00627282917768855,0.53,-0.5155709342560553,
1315,601999,出版传媒,sh,False,True,-1.7684002911742132,6.01,0.8109642364771713,0.03162185323033042,0.25,-0.22948539638386656,
1316,001227,兰州银行,sz,False,True,-1.7686385623815792,2.12,2.5490695895997963,0.15222090297439644,1.49,-0.11297071129707115,
1317,603037,凯众股份,sh,False,True,-1.7689260403170899,10.04,0.37123658907821955,0.02637729020822233,0.93,-0.26294165981922757,
1318,600582,天地科技,sh,False,True,-1.7690952208531185,4.78,1.316829075585989,0.07296287648844267,1.66,-0.19565217391304357,
1319,603284,林平发展,sh,False,True,-1.7691483904300889,42.39,0.6998880179171332,0.06577778947160702,5.2,,
1320,600622,光大嘉宝,sh,False,True,-1.7692403230080167,2.21,0.6029544769369912,,-5.59,-0.3254237288135594,
1321,600177,雅戈尔,sh,False,True,-1.7696491523059417,8.02,1.1444266422522316,0.06919218128351497,2.17,0.10729613733905574,
1322,001239,永达股份,sz,False,True,-1.7698853636619682,11.88,0.47598648198391164,0.01117122471253646,0.19,-0.37022016222479737,
1323,001379,腾达科技,sz,False,True,-1.7698853636619682,15.9,0.47348484848484845,0.018494338882867955,1.75,-0.3674832962138085,
1324,600663,陆家嘴,sh,False,True,-1.7698873309664949,9.35,0.541829215431296,0.03225629562249812,4.34,-0.19930069930069927,
1325,300132,诺斯贝尔,sz,False,True,-1.76989546231282,6.22,0.4584842510659759,0.05391678483428676,1.49,0.011608623548921893,
1326,600796,钱江生化,sh,False,True,-1.7699551489070182,5.09,0.7881462799495587,0.039091971681775715,1.05,-0.22644628099173558,
1327,002936,郑州银行,sz,False,True,-1.7699879209140033,1.77,2.8710881424059718,0.12114017129220221,1.9,-0.16190476190476188,
1328,600156,华升股份,sh,False,True,-1.7700542440986022,7.9,0.11628177399474406,,-1.57,-0.037292817679558055,
1329,002551,尚荣医疗,sz,False,True,-1.7703208009963027,3.28,0.8930963650977941,,-5.62,-0.3987068965517241,
1330,300247,融捷健康,sz,False,True,-1.7704606502273124,3.67,0.39203387172651716,0.02289335360158239,2.05,-0.2384937238493724,
1331,001333,光华股份,sz,False,True,-1.7706974882255473,20.81,0.6664445184938355,0.04312519675871021,1.38,-0.2149062642889803,
1332,600067,冠城新材,sh,False,True,-1.7708193659497544,2.76,1.4560279557367501,0.005022606752995232,-0.37,-0.13148788927335653,
1333,603458,勘设股份,sh,False,True,-1.7709512110083654,9.22,0.9134088417975886,,-0.62,-0.2061855670103092,
1334,688303,大全能源,sh,False,True,-1.771396948179319,17.63,0.9941346058256287,,-4.27,-0.3642585551330799,
1335,301089,拓新药业,sz,False,True,-1.7717796929980398,23.14,0.5036768409388536,,-0.71,-0.37692979900961254,
1336,300992,泰福泵业,sz,False,True,-1.7718408544499733,23.98,0.3780718336483932,,-1.0,-0.23085846867749416,
1337,603313,梦百合,sh,False,True,-1.7719921489867625,6.05,0.98405825624877,,-1.12,-0.3376932223543401,
1338,600658,电子城,sh,False,True,-1.7720448992966462,3.9,0.9288500835965076,,-2.89,-0.30308880308880304,
1339,600886,国投电力,sh,False,True,-1.7721343966878313,13.94,0.6185439475474732,0.06661559471072179,10.18,-0.021203830369356913,
1340,300701,森霸传感,sz,False,True,-1.7721609690215334,9.56,0.3710850526940775,0.028067733053404473,0.84,-0.22807017543859653,
1341,002274,华昌化工,sz,False,True,-1.7722521963350735,6.15,0.8975854950184005,,2.34,-0.20119225037257815,
1342,600192,长城电工,sh,False,True,-1.7724818399517535,6.94,0.24777006937561946,,-7.47,-0.4323062558356676,
1343,605138,盛泰集团,sh,False,True,-1.7728641051980278,5.77,0.7826563356030367,0.054710581026370504,1.24,-0.32291666666666663,
1344,603633,徕木股份,sh,False,True,-1.77291298850317,6.3,0.6472910868017347,,-3.56,-0.45986124876114964,
1345,002646,天佑德酒,sz,False,True,-1.7732747903889596,6.8,0.8899172376968942,,1.68,-0.3686313686313686,
1346,000919,金陵药业,sz,False,True,-1.7733110368535119,6.51,0.9400263207369806,0.014556612850868957,0.74,-0.15826330532212884,
1347,603153,上海建科,sh,False,True,-1.7735355053627102,13.05,0.7097735822272695,0.06989732083569238,0.81,-0.34217368694747785,
1348,000159,国际实业,sz,False,True,-1.7744030317020203,5.88,0.7293414047115455,0.01298382604789214,0.35,-0.1546218487394958,
1349,603868,飞科电器,sh,False,True,-1.7746171903684775,29.88,0.2700731898344451,0.03993004256542537,5.36,-0.24466978679147167,
1350,300021,大禹节水,sz,False,True,-1.7749011360815636,3.85,0.6663557006730193,0.01280360549530748,0.37,-0.3405405405405405,
1351,300443,金雷股份,sz,False,True,-1.7749890178779928,19.36,1.0259567046270648,0.052719259399843954,1.07,-0.09886264216972873,
1352,300271,华宇软件,sz,False,True,-1.7752662825756527,5.31,0.8194034742707309,,-5.44,-0.43837209302325575,
1353,600185,珠免集团,sh,False,True,-1.775504102080485,4.5,0.010177920223425703,,45.2,-0.23499142367066894,
1354,603999,读者传媒,sh,False,True,-1.775688816522787,5.52,0.6527841242900972,0.026933270129926096,0.46,-0.2489146164978292,
1355,002835,同为股份,sz,False,True,-1.7759222625681768,12.36,0.47047753469771814,0.04240684276814907,11.14,-0.40587595212187155,
1356,300172,中电环保,sz,False,True,-1.7759333046397379,4.57,0.6233248145608676,0.02970841193683992,3.33,-0.23518850987432682,
1357,000546,金圆股份,sz,False,True,-1.7759612189620178,4.78,0.9850275807722615,,-6.43,-0.2471910112359551,
1358,002614,奥佳华,sz,False,True,-1.7760472499563043,5.41,1.278935925310142,,0.28,-0.3427299703264095,
1359,688232,新点软件,sh,False,True,-1.7763884495003834,17.91,0.9310120100549296,0.009110172965743927,-0.45,-0.4153156260779579,
1360,600075,新疆天业,sh,False,True,-1.7765593701307416,4.62,1.1304544426859597,,0.24,-0.05696202531645578,
1361,000715,中兴商业,sz,False,True,-1.7767585255128515,5.15,0.7275902211874272,0.04000880193642602,2.27,-0.27642276422764234,
1362,600293,三峡新材,sh,False,True,-1.7767762262011928,2.79,0.509761941173472,,-4.87,-0.18709677419354842,
1363,601633,长城汽车,sh,False,True,-1.7768125333486842,15.21,0.675995403231258,0.06943335439478417,1.07,-0.26190476190476186,
1364,600039,四川路桥,sh,False,True,-1.7768252780966185,8.55,0.7118451025056948,0.09439572576153751,2.76,0.09713574097135758,
1365,600153,建发股份,sh,False,True,-1.7772056859143495,8.79,1.6897600540723217,,1.14,-0.09609292502639921,
1366,002952,亚世光电,sz,False,True,-1.7772202581248853,19.53,0.27443877270980843,0.004721767489780915,1.01,-0.13631937682570594,
1367,688680,海优新材,sh,False,True,-1.7778517348165606,33.15,0.47934042757166145,,-2.4,-0.34835493519441674,
1368,002748,世龙实业,sz,False,True,-1.7781514249653165,11.89,0.5007511266900351,0.02520402659528886,2.69,-0.05060728744939269,
1369,002404,嘉欣丝绸,sz,False,True,-1.7786490454143637,5.68,0.6132711885195633,0.05319884664900465,5.25,-0.13636363636363635,
1370,601528,瑞丰银行,sh,False,True,-1.7786684953829681,4.97,2.070393374741201,0.20136525643865408,2.09,-0.12844036697247707,
1371,001299,美能能源,sz,False,True,-1.7788924131265147,9.93,0.3980099502487562,0.03322722771948245,2.23,-0.022340425531914954,
1372,601279,英利汽车,sh,False,True,-1.7789176174756136,3.22,0.8121497604158207,,-0.66,-0.28606356968215163,
1373,300306,远方信息,sz,False,True,-1.7789880184179285,10.06,0.5537098560354374,0.026073171749196947,0.69,-0.3598820058997051,
1374,600081,东风科技,sh,False,True,-1.77902764798359,10.03,0.8335417187630241,0.004120136590768257,0.86,-0.2806748466257668,
1375,600052,东望时代,sh,False,True,-1.779178360956531,3.81,0.6713211600429645,,-21.22,-0.25,
1376,002786,银宝山新,sz,False,True,-1.7792477739316817,7.92,0.05075910237603358,,-34.93,-0.2943548387096774,
1377,603551,奥普科技,sh,False,True,-1.7793277836805135,9.23,0.40861357414293303,0.08100642380940809,21.32,-0.16479400749063666,
1378,301309,万得凯,sz,False,True,-1.779584495446879,29.4,0.5668291576918717,0.03804045983307846,1.94,-0.10992907801418428,
1379,601077,渝农商行,sh,False,True,-1.779730889029651,7.04,1.7006802721088436,0.15406896126706315,2.77,0.01070336391437321,
1380,002186,全 聚 德,sz,False,True,-1.7798410703311536,9.18,0.30527826113502454,0.0031679625217361828,1.58,-0.25087719298245625,
1381,603159,上海亚虹,sh,False,True,-1.7799032719800405,21.99,0.16106431298017299,,-0.91,-0.060138371474188324,
1382,605089,味知香,sh,False,True,-1.7804739837591537,19.89,0.46142488002953125,0.02621994866134052,5.53,-0.333977580208736,
1383,603788,宁波高发,sh,False,True,-1.7807184639566922,13.84,0.7039774727208729,0.07025333352067556,4.57,-0.1808917197452229,
1384,300512,中亚股份,sz,False,True,-1.7809342516651336,7.11,0.5620503597122303,0.010739177593779868,1.66,-0.3268608414239481,
1385,920873,中设咨询,bj,False,True,-1.7810641735980985,6.93,0.23353027720043903,,-10.122,-0.29966329966329963,-8.6422
1386,605108,同庆楼,sh,False,True,-1.7811929387370022,12.33,0.727802037845706,0.02092164008920987,0.72,-0.4212721584984359,
1387,301318,维海德,sz,False,True,-1.781326796726104,20.43,0.6625588020936858,0.013411783324593321,0.96,-0.4736543909348442,
1388,300160,秀强股份,sz,False,True,-1.7813427625776697,4.32,0.7913270554720265,0.0362171872283711,2.27,-0.33496732026143783,
1389,688080,映翰通,sh,False,True,-1.7815266060033148,35.98,0.4436360409919701,0.05133575638103451,3.12,-0.32481520591341084,
1390,002479,富春环保,sz,False,True,-1.78161475904273,5.8,0.878966335589347,0.06731649523399214,7.27,-0.026565464895635604,
1391,001228,永泰运,sz,False,True,-1.782156201302693,29.14,0.5703205201323144,0.03434903427690131,2.0,0.03417124901806745,
1392,002496,辉丰股份,sz,False,True,-1.7828460905852335,2.01,0.4289084280506112,,1.44,0.11377245508982048,
1393,600248,陕建股份,sh,False,True,-1.7829611176205058,2.87,2.608242044861763,,0.53,-0.28132992327365736,
1394,002160,常铝股份,sz,False,True,-1.7832346402596908,3.98,0.91726288754357,0.016443392798122822,1.85,-0.17401392111368896,
1395,301335,天元宠物,sz,False,True,-1.7834600566230816,24.48,0.619463544570402,0.017745126744567775,0.69,-0.3914680050188206,
1396,300551,古鳌科技,sz,False,True,-1.7837797692965949,9.8,0.09194556822361162,,-77.02,-0.2427797833935018,
1397,301329,信音电子,sz,False,True,-1.7837830117030526,18.94,0.4924895345973898,0.023691124593993352,1.8,-0.17755681818181812,
1398,601113,华鼎股份,sh,False,True,-1.7838651445769176,3.37,0.8865248226950355,0.03018139015483053,0.22,-0.20975609756097546,
1399,603829,洛凯股份,sh,False,True,-1.7840189086710296,14.99,0.5349596105494036,0.019701638388248368,0.22,-0.30152872957301,
1400,688722,同益中,sh,False,True,-1.7840419977481021,13.45,0.48548402757549275,0.03394398563490528,2.48,-0.397869383974062,
1401,301560,众捷汽车,sz,False,True,-1.7841527666601316,22.3,0.35559348552734515,0.01416492792176427,-0.44,-0.3817671809256662,
1402,001368,通达创智,sz,False,True,-1.7843071465673879,23.25,0.5388802069299995,0.0383052236833537,4.07,-0.23300970873786397,
1403,002362,汉王科技,sz,False,True,-1.7844460095837846,15.66,0.23707356392688653,,-4.66,-0.4444885011895321,
1404,601163,三角轮胎,sh,False,True,-1.7846211118318804,12.82,1.3810247203424941,0.09503354684203523,6.62,-0.08149779735682816,
1405,002948,青岛银行,sz,False,True,-1.784713446563233,6.0,1.2183235867446394,0.1561719140429785,2.99,0.1629327902240325,
1406,601002,晋亿实业,sh,False,True,-1.7847332957353503,5.23,0.8732099196646874,0.051032645583379686,1.64,-0.11808118081180807,
1407,605080,浙江自然,sh,False,True,-1.7853891656063308,22.7,0.7115411982353779,0.05224960682170867,8.69,-0.26461655277145024,
1408,688162,巨一科技,sh,False,True,-1.7860730091084367,22.88,0.7711884013264441,0.02397995275949306,0.86,-0.3693145419602818,
1409,603676,卫信康,sh,False,True,-1.7861671577691012,9.14,0.38827412152980006,0.05447127457335374,15.77,-0.3164763458401304,
1410,000825,太钢不锈,sz,False,True,-1.7862680580980195,3.46,1.6580998176090203,,0.16,-0.18266978922716615,
1411,601998,中信银行,sh,False,True,-1.7863459876115237,8.56,1.559332605644784,0.14949247305398172,2.37,-0.04755944931163958,
1412,688411,海博思创,sh,False,True,-1.7864111350941214,201.31,0.13597856977740308,0.028886789782164718,19.83,1.188799272975122,
1413,300355,蒙草生态,sz,False,True,-1.786414098693194,2.89,0.9100837277029487,0.005338153329913356,-0.3,-0.3467933491686461,
1414,300817,双飞集团,sz,False,True,-1.7865023149472834,14.95,0.32306002455256183,0.021057020305284682,1.58,-0.4098573281452659,
1415,301019,宁波色母,sz,False,True,-1.786742678577046,14.87,0.38732667131458676,0.038757887230051316,2.57,-0.03405142460041699,
1416,600015,华夏银行,sh,False,True,-1.7867527271646952,6.85,2.94811320754717,0.24880573248407645,1.24,-0.12319790301441669,
1417,300213,佳讯飞鸿,sz,False,True,-1.786914766901751,6.17,0.559628406737926,,0.24,-0.4385786802030457,
1418,300310,宜通世纪,sz,False,True,-1.7870891444978323,4.32,0.49531923324582694,0.004376306327438741,-0.27,-0.3963133640552995,
1419,603500,祥和实业,sh,False,True,-1.7872197770629044,9.24,0.3507787287778869,0.04497859019106905,3.57,-0.2441534144059868,
1420,003002,壶化股份,sz,False,True,-1.7872967502474602,16.46,0.47145349111310164,0.05000175006125214,11.24,-0.4195668986852281,
1421,300055,万邦达,sz,False,True,-1.7873749237386436,5.78,1.0147133434804667,,0.73,-0.1580594679186228,
1422,300439,美康生物,sz,False,True,-1.7874636950816012,9.23,0.8432414200185513,0.018789822680443363,1.13,-0.3100511073253833,
1423,600182,S佳通,sh,False,True,-1.7875176780573865,13.32,0.25503047614189894,0.0487685930260912,4.11,-0.17342931937172767,
1424,603307,扬州金泉,sh,False,True,-1.7875776277888227,26.5,0.5526083112290009,0.042719524958882454,4.45,-0.20674157303370788,
1425,300349,金卡智能,sz,False,True,-1.7877358974754212,9.95,1.0783996549121104,0.05120773441620622,1.83,-0.2280130293159608,
1426,600939,重庆建工,sh,False,True,-1.7878584990142816,2.58,1.4279594459517349,,-0.54,-0.32320441988950277,
1427,300979,华利集团,sz,False,True,-1.787920652213004,33.14,0.39913786221761,0.06434799395128857,6.17,-0.33970233306516495,
1428,601566,九牧王,sh,False,True,-1.7883787274310108,8.32,0.8547008547008548,0.03599997120002304,7.29,-0.13303269447576083,
1429,601107,四川成渝,sh,False,True,-1.7887175986696087,5.57,1.019160211985324,0.08710346149155967,2.22,0.039548022598870025,
1430,300281,金明精机,sz,False,True,-1.7891916784852835,6.39,0.46596151157914356,,0.39,-0.3244274809160306,
1431,300822,贝仕达克,sz,False,True,-1.7892871830372983,10.68,0.3701921297153223,0.0030538873695799226,1.23,-0.45904255319148934,
1432,688533,上声电子,sh,False,True,-1.7894094677278216,20.64,0.5209961446285297,0.052741503343811315,1.34,-0.2663964627855564,
1433,600579,中化装备,sh,False,True,-1.789457386589425,6.78,0.45355587808417996,,-2.32,-0.23137697516930023,
1434,600308,华泰股份,sh,False,True,-1.7899849424163168,3.17,1.8839487565938204,,0.21,-0.13611111111111118,
1435,002864,盘龙药业,sz,False,True,-1.790237981180795,21.3,0.5867855885459453,0.029807414296232047,1.27,-0.12716262975778547,
1436,002476,新叶股份,sz,False,True,-1.7903422167390195,5.05,0.3117984534796708,0.009722112848452678,1.26,-0.15714285714285725,
1437,603535,嘉诚国际,sh,False,True,-1.790384736735638,6.08,0.7984669434685404,,1.1,-0.5159395973154363,
1438,600101,明星电力,sh,False,True,-1.7905003685897352,7.85,0.7344840249724569,0.04284655363745817,2.31,-0.23167155425219943,
1439,601061,中信金属,sh,False,True,-1.7909964086403798,11.61,0.4353504571179799,0.06880039629028263,10.79,0.33003708281829414,
1440,601908,京运通,sh,False,True,-1.791443027314282,2.95,1.0393929944912172,,-19.61,-0.21447721179624657,
1441,603886,元祖股份,sh,False,True,-1.7914509414856814,11.8,0.523477987750615,0.03332455786642851,-4.7,-0.19718309859154937,
1442,600231,凌钢股份,sh,False,True,-1.7915772551810398,1.69,0.732922896511287,,-13.35,-0.2296650717703348,
1443,300854,中兰环保,sz,False,True,-1.791708860106476,17.62,0.364590928977687,,0.82,0.1649065800162468,
1444,603215,比依股份,sh,False,True,-1.7918168987311216,14.18,0.40392616229753203,0.01641510517978644,-1.34,-0.2869034406215316,
1445,603898,好莱客,sh,False,True,-1.792013796482712,11.16,0.9153318077803203,,0.47,-0.06494661921708189,
1446,300375,鹏翎股份,sz,False,True,-1.7920306304302887,3.96,0.6808278867102396,,0.18,-0.2887596899224807,
1447,688077,大地熊,sh,False,True,-1.7921684003662028,28.51,0.3396047001290498,0.021295444478517157,3.11,-0.34061538461538465,
1448,600679,上海凤凰,sh,False,True,-1.7928388733437983,9.48,0.45376168436337233,0.01876915627011819,5.0,-0.29780564263322873,
1449,603815,交建股份,sh,False,True,-1.7930279081279101,5.43,0.46851574212893554,,3.64,-0.38681592039800994,
1450,300135,宝利国际,sz,False,True,-1.7930406217078492,3.51,0.2689328743545611,,1.49,-0.3192904656319291,
1451,002395,双象股份,sz,False,True,-1.7933429297369072,12.2,0.47447333459859553,0.05019248819221715,1.95,-0.3732004429678848,
1452,002573,清新环境,sz,False,True,-1.7937948504681969,3.17,1.224589762429586,,0.39,-0.2396088019559902,
1453,600708,光明地产,sh,False,True,-1.7938142668166273,3.0,0.891981090000892,,-58.95,-0.19390581717451516,
1454,688391,钜泉科技,sh,False,True,-1.7938827018954364,24.96,0.6459948320413437,0.013109372808276733,0.21,-0.24088541666666663,
1455,002184,海得控制,sz,False,True,-1.7943765760888661,9.75,0.3737200089692802,,1.51,-0.35476878612716767,
1456,000819,岳阳兴长,sz,False,True,-1.794393993667874,11.92,0.47587322737222804,,0.68,-0.3093167701863355,
1457,603217,元利科技,sh,False,True,-1.7944147835838131,25.81,0.6447453255963894,0.03858679714149007,5.68,-0.028021978021977922,
1458,600989,宝丰能源,sh,False,True,-1.7944305179171407,23.22,0.3242016534284325,0.09020711553727359,17.62,0.5555555555555556,
1459,603205,健尔康,sh,False,True,-1.7947002833466732,21.83,0.447127207690588,0.032333056346817296,1.8,-0.33075109464466146,
1460,603515,欧普照明,sh,False,True,-1.794980393267214,16.57,0.5808887598024978,0.07401595784051042,1.83,-0.07683803206191264,
1461,601956,东贝集团,sh,False,True,-1.795158683053967,4.86,0.7795447458684129,,-2.11,-0.34750733137829914,
1462,301533,威马农机,sz,False,True,-1.795265118115304,26.69,0.4292398162853587,0.01085247257308869,2.66,-0.4607797087834664,
1463,002454,松芝股份,sz,False,True,-1.7952752308355069,5.05,0.9022013713460844,0.0518379132129657,3.11,-0.21070811744386875,
1464,600887,伊利股份,sh,False,True,-1.7954805946820493,25.84,0.36456434560699963,0.07394262052647146,21.16,0.042405551272166386,
1465,688682,霍莱沃,sh,False,True,-1.7956910163970201,30.89,0.1964366393619738,,0.73,-0.23720930232558135,
1466,000501,武商集团,sz,False,True,-1.795811370200595,7.04,2.038320423970648,0.02978220275127989,1.12,-0.41243432574430827,
1467,002304,洋河股份,sz,False,True,-1.7958205355344392,39.05,0.8370302167908261,0.01726274940357201,4.97,-0.40636788893918807,
1468,920508,殷图网联,bj,False,True,-1.7958404382554656,14.08,0.22821150642415391,0.003010699725755362,-1.1949,-0.4911972584026699,22.1191
1469,603719,良品铺子,sh,False,True,-1.7960334176731378,9.33,0.5502668794365267,,2.33,-0.36363636363636365,
1470,603101,汇嘉时代,sh,False,True,-1.7960350569895205,7.19,0.43370776770611963,0.031933782109417906,6.69,-0.09259259259259245,
1471,603739,蔚蓝生物,sh,False,True,-1.796283774242075,12.05,0.5902839265686796,0.025615147773787508,0.99,-0.26761517615176145,
1472,300890,翔丰华,sz,False,True,-1.796742308587086,26.99,0.6622955162593549,0.026570728622520287,2.41,-0.20272969374167782,
1473,300380,安硕信息,sz,False,True,-1.7968512622946051,27.99,0.10644186145527312,0.009571237283414864,2.17,-0.426669576604103,
1474,601949,中国出版,sh,False,True,-1.7969705065949995,5.1,1.0245901639344261,0.0592613663300621,6.44,-0.2556390977443609,
1475,600800,渤海化学,sh,False,True,-1.7970714015768228,3.28,0.268781077812122,,-14.6,-0.3091787439613526,
1476,002451,摩恩电气,sz,False,True,-1.7971121795350065,7.39,0.23703984639817952,0.0032648178656057318,0.75,-0.0839064649243465,
1477,603895,天永智能,sh,False,True,-1.7971534984807138,25.09,0.0756836122274444,0.006269663231309194,2.54,-0.26027397260273966,
1478,600865,百大集团,sh,False,True,-1.797178381304912,8.51,0.7166917508779475,,0.5,-0.1504424778761061,
1479,600135,乐凯胶片,sh,False,True,-1.7972414135130823,7.18,0.5928385107896609,,-1.01,-0.21197604790419156,
1480,301151,冠龙节能,sz,False,True,-1.7973157475168926,16.33,0.7511454968827462,0.01663514307054798,2.92,-0.23513513513513506,
1481,600963,岳阳林纸,sh,False,True,-1.797400823329158,3.32,1.3032712107389548,,0.17,-0.34166666666666656,
1482,000850,华茂股份,sz,False,True,-1.797701251739457,4.22,1.1242270938729624,0.01240336230345322,4.47,-0.132286995515695,
1483,002004,华邦健康,sz,False,True,-1.7978389245717508,4.47,1.1407711613050422,0.0727754368345596,3.16,0.042183622828784184,
1484,301203,国泰环保,sz,False,True,-1.7979793047512982,34.1,0.5115874558755819,0.038814451396543964,1.33,-0.11107863197895351,
1485,603615,茶花股份,sh,False,True,-1.798090817244613,16.42,0.28907582458878966,0.004701576814832158,0.75,-0.3474538080216314,
1486,601568,北元化工,sh,False,True,-1.7981116134694195,3.76,0.7616726331022926,0.0027446016430283274,0.18,-0.14388489208633093,
1487,600803,新奥股份,sh,False,True,-1.798147770236294,17.58,0.4446816079686944,0.08012499499218782,2.71,-0.026032823995472576,
1488,603948,建业股份,sh,False,True,-1.7982108260637761,20.32,0.6695681285570807,0.07064990850836848,2.39,-0.10273972602739734,
1489,603899,晨光股份,sh,False,True,-1.7982813304776537,22.46,0.4682963379226374,0.06462787270894191,3.5,-0.25368139223560904,
1490,603109,神驰机电,sh,False,True,-1.7983589742876902,17.64,0.5351027397260274,0.023730478714947118,1.18,-0.5753052917232022,
1491,301380,挖金客,sz,False,True,-1.798539702368958,29.48,0.2527358657467081,0.012469776379500187,1.5,-0.23349436392914658,
1492,688255,凯尔达,sh,False,True,-1.798561685288748,25.02,0.38893858659717634,0.01172220255497127,1.03,-0.385,
1493,603057,紫燕食品,sh,False,True,-1.798594197764779,21.34,0.2407318247472316,0.034341248991225815,3.91,-0.12719891745602163,
1494,301581,黄山谷捷,sz,False,True,-1.7986117707894973,37.19,0.34204405527431936,0.013753152910304687,0.8,-0.45263514658532455,
1495,003022,联泓新科,sz,False,True,-1.798853636457168,20.25,0.28847540747151307,0.02114634326859028,5.47,0.13148148148148153,
1496,600718,东软集团,sh,False,True,-1.7990245134039946,7.99,0.9254974548819991,,-1.67,-0.1923464249748238,
1497,301199,迈赫股份,sz,False,True,-1.7990641152635478,17.34,0.6000600060006,0.02667257019553661,0.98,-0.39001848428835495,
1498,920402,硅烷科技,bj,False,True,-1.799119100884322,8.56,0.40698384274144317,,-4.7839,-0.20906567992599445,-42.7947
1499,603566,普莱柯,sh,False,True,-1.7992078316324838,10.22,0.7483349547257352,0.048863913999511364,7.1,-0.31237042156185224,
1500,603896,寿仙谷,sh,False,True,-1.799403253486877,14.78,0.7574609907589759,,1.61,-0.3833780160857908,
1501,003012,东鹏控股,sz,False,True,-1.799623163241721,4.67,1.3997760358342664,0.061521803327099125,-0.66,-0.23734729493891804,
1502,003028,振邦智能,sz,False,True,-1.7997435219971958,22.21,0.5399859603650304,0.011605707687040487,0.97,-0.3747310175222871,
1503,301290,东星医疗,sz,False,True,-1.7999164805148946,28.41,0.7562008469449486,,1.59,-0.10745614035087714,
1504,301311,昆船智能,sz,False,True,-1.8004610301678432,13.42,0.5321696556862328,,-5.45,-0.44434782608695655,
1505,002811,郑中设计,sz,False,True,-1.8005470454247672,13.22,0.35659522875583927,0.040556269796529196,2.46,-0.17699115044247782,
1506,002059,云南旅游,sz,False,True,-1.800583226174458,4.45,0.21130480718436345,,-14.64,-0.19148936170212771,
1507,605050,福然德,sh,False,True,-1.800830345481604,10.15,0.8928571428571428,0.07420544519556845,1.94,-0.4119677790563866,
1508,601968,宝钢包装,sh,False,True,-1.8008506024663438,4.38,0.8141996417521576,0.03502860085259614,1.44,-0.183794466403162,
1509,300070,碧水源,sz,False,True,-1.8008517775836517,3.43,2.2002200220022003,0.004942015334085179,0.22,-0.26681127982646424,
1510,688334,西高院,sh,False,True,-1.800852034468364,17.76,0.5306165764618487,0.04538749574492228,4.67,-0.052603036876355924,
1511,605566,福莱蒽特,sh,False,True,-1.800909376502844,25.1,0.6072751563733527,0.016787367841446667,1.23,-0.0816758358019467,
1512,601033,永兴股份,sh,False,True,-1.801124707503709,14.29,0.859697386519945,0.07007954027821577,2.15,-0.036054421768707434,
1513,000001,平安银行,sz,False,True,-1.801190683728625,11.56,2.087246921310791,0.19372711598442433,4.69,-0.056122448979591844,
1514,600794,保税科技,sh,False,True,-1.801499533356068,3.15,0.6615069127472382,,1.91,-0.34792122538293224,
1515,600236,桂冠电力,sh,False,True,-1.8017318890770422,9.89,0.23207240659085634,0.04939710829328051,8.53,0.7092651757188497,
1516,603126,中材节能,sh,False,True,-1.80173824920863,5.97,0.5629362756136006,0.008989846866948469,0.52,-0.16816816816816815,
1517,301079,邵阳液压,sz,False,True,-1.8017746310734013,27.36,0.16152740312393998,0.0027306490507035108,1.22,-0.21475256769374418,
1518,002032,苏 泊 尔,sz,False,True,-1.8019484682519848,40.44,0.20983716635890548,0.06508001587952388,7.44,-0.11793712759400043,
1519,300501,海顺新材,sz,False,True,-1.8019765145204811,9.65,0.5183764449743403,,-0.7,-0.12682481751824826,
1520,603322,超讯科技,sh,False,True,-1.8020224486373517,25.01,0.07963368504877563,,16.48,-0.33351249664068794,
1521,002798,帝欧水华,sz,False,True,-1.8020998400146901,5.55,0.5308982798895732,,-0.79,-0.27105666156202146,
1522,600098,广州发展,sh,False,True,-1.8023003999619247,6.31,1.2559658377292138,0.10860475471616146,1.93,-0.014331210191082744,
1523,002307,北新路桥,sz,False,True,-1.8024471263785746,2.88,0.8581481163648845,,-4.72,-0.37960954446854667,
1524,002493,荣盛石化,sz,False,True,-1.8024490696740827,13.65,0.3401360544217687,0.022552745232913476,6.07,0.2792494481236203,
1525,300780,德恩精工,sz,False,True,-1.8024838621475838,19.43,0.3514320857494289,,-1.07,-0.11476952022577613,
1526,600250,南京商旅,sh,False,True,-1.8025061755995808,9.49,0.2104111433741531,0.0033496685502969483,0.74,-0.33508771929824566,
1527,603811,诚意药业,sh,False,True,-1.8026678220982737,7.24,0.4373114094546726,0.05836008170411438,14.03,-0.3994800693240901,
1528,600155,华创云信,sh,False,True,-1.8028196009788287,5.78,1.563721657544957,0.01975094063854791,0.16,-0.24864130434782605,
1529,301210,金杨精密,sz,False,True,-1.8030039788340826,23.78,0.4953683063357607,0.02224184447167835,2.63,-0.33012202954399494,
1530,301152,天力锂能,sz,False,False,-1.803161598984537,23.32,0.4373879193456676,,-16.8,-0.33806719778316596,
1531,300011,鼎汉技术,sz,False,True,-1.8033562115184951,5.95,0.41951587867600787,,-1.0,-0.33333333333333337,
1532,601728,中国电信,sh,False,True,-1.803392034122922,6.47,0.7970032677133977,0.05025832780491727,4.15,-0.13239436619718303,
1533,002861,瀛通通讯,sz,False,True,-1.803442241308423,15.42,0.35962167799474953,,-6.6,-0.001986754966887383,
1534,002672,东江环保,sz,False,True,-1.803531357193339,3.64,0.5538631957906397,,-6.74,-0.32278481012658233,
1535,603998,方盛制药,sh,False,True,-1.803685094490487,9.7,0.4071329696278805,0.07196885188090595,17.9,-0.14828897338403035,
1536,600960,渤海汽车,sh,False,True,-1.8038081427619104,3.98,0.9309253397877489,0.042309775250473865,-0.19,-0.2676348547717843,
1537,000895,双汇发展,sz,False,True,-1.8043037685714431,25.38,0.2576655501159495,0.059808612440191394,5.7,0.050568900126422234,
1538,603111,康尼机电,sh,False,True,-1.804345114639802,5.82,0.8200082000820008,0.07101465742529259,4.27,-0.11690363349131128,
1539,688739,成大生物,sh,False,True,-1.804408417074351,20.56,1.0922992900054616,0.006734777718661395,-0.02,-0.3256302521008403,
1540,301587,中瑞股份,sz,False,True,-1.8044837790601338,21.21,0.6386511687316387,0.01880257670511167,2.57,-0.11525129982668969,
1541,002676,顺威股份,sz,False,True,-1.8047426808121907,5.05,0.3700551382155941,0.022780755728790545,1.95,-0.5102925243770315,
1542,002917,金奥博,sz,False,True,-1.8047426808121907,10.16,0.495074013565028,0.0501781323699132,2.19,-0.34932432432432425,
1543,301361,众智科技,sz,False,True,-1.8048296373639283,26.36,0.4087137777414477,0.0310764574081613,3.3,-0.2082455612398435,
1544,300750,宁德时代,sz,False,True,-1.8049257508496945,387.89,0.21138073898706347,0.04736351020446827,11.41,0.4817705299941759,
1545,002111,威海广泰,sz,False,True,-1.8049356878506988,9.44,0.6150061500615006,0.032727010911185433,4.16,-0.13828786453433684,
1546,603579,荣泰健康,sh,False,True,-1.8049635927412686,17.55,0.781983109164842,0.05032408712105962,4.07,-0.5450739603684063,
1547,600741,华域汽车,sh,False,True,-1.8050354745138848,15.48,1.3956734124214933,0.14698965192850422,1.83,-0.03427895981087481,
1548,000868,安凯客车,sz,False,True,-1.8051788940092872,3.47,0.2463721697996994,,0.23,-0.4231433506044905,
1549,300235,方直科技,sz,False,True,-1.8051871688069718,10.61,0.26563952716164163,0.005287195153545435,0.29,-0.17412530512611868,
1550,300056,中创环保,sz,False,True,-1.8051956619661402,8.45,0.022001086853690573,,-18.65,-0.5348226018396847,
1551,601298,青岛港,sh,False,True,-1.8053802227805238,9.0,0.8061265618702137,0.08975532697865618,2.92,0.002375296912114022,
1552,603201,常润股份,sh,False,True,-1.8054501343119809,14.65,0.6425909266161162,0.07064841111723397,1.84,-0.11906193625977146,
1553,300504,天邑股份,sz,False,True,-1.8058119615162247,14.7,0.526066600031564,,1.09,-0.1671807526218384,
1554,688358,祥生医疗,sh,False,True,-1.8060018922395473,28.04,0.45152842371427276,0.03845784059225074,3.24,-0.2032346658529144,
1555,603630,拉芳家化,sh,False,True,-1.8060071612183333,14.04,0.5971575301564552,,-1.67,-0.4692556634304207,
1556,001259,利仁科技,sz,False,True,-1.8060198888059897,45.35,0.21592209530801285,0.003239087756280672,0.89,0.6132556445739255,
1557,000042,中洲控股,sz,False,True,-1.8060966827203442,8.13,0.6144770800049159,,29.77,-0.11136624569460396,
1558,600792,云煤能源,sh,False,True,-1.8062171284446442,3.74,0.5878549174063841,,-3.99,-0.1298701298701299,
1559,601006,大秦铁路,sh,False,True,-1.8063175917852634,4.7,1.7636684303350971,0.06470063018413799,2.58,-0.22488038277511946,
1560,601939,建设银行,sh,False,True,-1.8064441729501803,10.66,1.272102785905101,0.1225835713497677,2.3,0.11279826464208242,
1561,300698,万马科技,sz,False,True,-1.8064702017886671,24.97,0.16446556913310198,0.014374177078362265,3.18,-0.5206119847003825,
1562,603949,雪龙集团,sh,False,True,-1.8065369820352928,13.74,0.3816502557056713,0.03303873792021145,2.12,-0.34800838574423476,
1563,000881,中广核技,sz,False,True,-1.806953973629942,6.35,0.8289811821271658,,-5.7,-0.2339108910891089,
1564,605098,行动教育,sh,False,True,-1.8072931918878306,55.58,0.15744312367157365,0.05434989374595773,16.46,0.5933682373472948,
1565,002278,神开股份,sz,False,True,-1.8073097489941614,8.06,0.44879274750920023,0.011043622308117063,1.0,-0.2464646464646465,
1566,603520,司太立,sh,False,True,-1.807354962560813,8.69,0.6759040216289287,0.00441961211716215,0.4,-0.24670433145009407,
1567,000898,鞍钢股份,sz,False,True,-1.8074827206685433,2.0,2.2655188038060716,,-3.43,-0.2928571428571428,
1568,002758,浙农股份,sz,False,True,-1.807507481191173,7.92,1.2647021626406982,0.13164303674157155,1.04,-0.13127853881278528,
1569,002339,积成电子,sz,False,True,-1.8075236910831465,7.08,0.48938044435744343,0.002281994764647611,-4.2,-0.17710843373493979,
1570,001395,亚联机械,sz,False,True,-1.8075852377337918,28.45,0.3932981986942499,0.07625671059053196,12.4,-0.2067955477445812,
1571,002933,新兴装备,sz,False,True,-1.8076872991520352,26.18,0.5079494082389394,0.013069247407388044,1.05,-0.37577639751552794,
1572,603048,浙江黎明,sh,False,True,-1.8077269419046973,21.1,0.412609341475491,0.010839203665385112,1.24,-0.15268368942157373,
1573,688755,汉邦科技,sh,False,True,-1.8077418293984198,26.86,0.41823504809703055,0.024815188880810166,3.45,-0.3802185486130568,
1574,002344,海宁皮城,sz,False,True,-1.8077703341679854,3.81,1.7307026652821047,0.009847142802280204,0.44,-0.19638826185101577,
1575,002725,跃岭股份,sz,False,True,-1.807801452448101,11.05,0.3450536558434837,0.0007823652984062515,-0.55,-0.21829971181556207,
1576,301428,世纪恒通,sz,False,True,-1.807830581137916,27.56,0.4432034747152418,,-3.03,-0.3691925465838509,
1577,301266,宇邦新材,sz,False,True,-1.8079640905758878,22.83,0.5547542438699656,0.008418387104377898,1.71,-0.2996999249812452,
1578,002461,珠江啤酒,sz,False,True,-1.8079971697614028,8.57,0.5912961210974456,0.04881310924861981,1.6,-0.18640776699029127,
1579,600033,福建高速,sh,False,True,-1.808014207232571,3.54,1.2958403524685758,0.0985794698396112,2.03,0.03834808259587019,
1580,300494,盛天网络,sz,False,True,-1.8081753246761219,8.07,0.3659384491528525,0.00039074167302142874,1.58,-0.472550382209868,
1581,000036,华联控股,sz,False,True,-1.8081873683075083,4.0,0.9159186664224216,0.016107728488128605,0.51,0.09141274238227148,
1582,600675,中华企业,sh,False,True,-1.8082761369180436,2.2,1.0789814415192058,,-0.65,-0.30363036303630364,
1583,603165,荣晟环保,sh,False,True,-1.8082922282253837,13.49,0.6373080109616979,0.05427997611681051,7.74,0.13627992633517505,
1584,920699,海达尔,bj,False,True,-1.808320512091437,81.6,0.06745408063460799,0.01041457290357251,5.5599,1.2283648670824996,23.1995
1585,603258,电魂网络,sh,False,True,-1.8084400728291605,12.56,0.6391818472355385,,-1.16,-0.5297696653628857,
1586,600506,统一股份,sh,False,True,-1.808714348066547,15.53,0.13070186903672723,0.008973599669771532,12.45,-0.14875000000000005,
1587,000607,华媒控股,sz,False,True,-1.8087177783706188,3.64,0.32347803584136636,,-1.34,-0.3463114754098361,
1588,300542,新晨科技,sz,False,True,-1.8087177783706188,11.95,0.14947236256016264,,-3.26,-0.5169104204753199,
1589,002054,德美化工,sz,False,True,-1.8088062959790643,7.16,0.7630675314765357,0.048475212200241403,3.69,-0.09803921568627438,
1590,300365,恒华科技,sz,False,True,-1.8088331311523607,4.64,0.562429696287964,,-1.99,-0.37784090909090906,
1591,600594,益佰制药,sh,False,False,-1.8088540854508528,4.09,0.6569007422978388,,-3.81,-0.2198581560283689,
1592,300515,三德科技,sz,False,True,-1.8090471422591363,15.72,0.29027576197387517,0.06489208446353714,9.33,-0.41402013942680094,
1593,601928,凤凰传媒,sh,False,True,-1.8091003688548628,8.81,0.9085127646043427,0.07633121641426478,2.08,-0.13559322033898302,
1594,600979,广安爱众,sh,False,True,-1.8091942936156646,3.88,0.8486803021301876,,0.59,-0.23895582329317278,
1595,300426,华智数媒,sz,False,True,-1.8093332105138809,6.1,0.05600797553571628,,27.68,-0.4835051546391752,
1596,601966,玲珑轮胎,sh,False,True,-1.8093355080437517,10.99,1.4196479273140261,0.06498359164311011,5.93,-0.2688458972648432,
1597,000612,焦作万方,sz,False,True,-1.8094139950228534,11.11,0.5818012566907144,0.10724320614289085,6.63,0.22614840989399299,
1598,300719,安达维尔,sz,False,True,-1.809437087476578,11.45,0.3468488779438798,,-0.56,-0.4503105590062112,
1599,300637,扬帆新材,sz,False,True,-1.8097415787338684,8.93,0.33431398769724524,0.0009424455122770963,-0.45,-0.3731218697829717,
1600,300658,延江股份,sz,False,True,-1.8097718191765184,10.38,0.3910985959560405,0.01761102873063227,2.33,0.34289813486370146,
1601,603978,深圳新星,sh,False,True,-1.809965299424055,18.86,0.41661458984293626,,1.09,0.001136363636363713,
1602,001390,古麒绒材,sz,False,True,-1.810133203520167,17.24,0.4860976083997667,0.05013989029392004,5.55,-0.29521056977704374,
1603,001308,康冠科技,sz,False,True,-1.8101474472304941,17.72,0.6466632177961718,0.035756810778533044,1.93,-0.2582515611061553,
1604,002692,远程股份,sz,False,True,-1.8101721072337194,4.18,0.3683919690550746,,-6.23,-0.28968253968253965,
1605,000980,众泰汽车,sz,False,True,-1.81017240423542,1.62,0.0040029445660227665,,-250.8,-0.3655462184873949,
1606,600830,香溢融通,sh,False,True,-1.810438665660986,8.18,0.6095702529716549,0.022134226375586836,1.12,-0.2933579335793358,
1607,688098,申联生物,sh,False,True,-1.8104583405567118,8.0,0.42231513155116346,,-0.12,-0.15245202558635396,
1608,002010,传化智联,sz,False,True,-1.8106085090028756,4.64,1.4158289678606824,0.05138138863340921,1.46,-0.23801369863013688,
1609,600496,精工钢构,sh,False,True,-1.8106636812635095,3.37,1.3939224979091163,0.09426403355799595,1.59,-0.0031347962382444194,
1610,600844,金煤科技,sh,False,True,-1.8107059570722885,3.58,0.021768802258730922,,25.77,-0.10385756676557867,
1611,002735,王子新材,sz,False,True,-1.8108714176687906,11.34,0.36724201248622845,,-10.09,-0.33554376657824936,
1612,001312,福恩股份,sz,False,True,-1.810904833420905,17.12,0.5880623346074684,0.05640826042565673,4.27,,
1613,300329,海伦钢琴,sz,False,True,-1.811279619139399,11.96,0.20077902260771796,,-3.4,-0.17201646090534983,
1614,603421,鼎信通讯,sh,False,True,-1.8114286748684076,5.82,0.6340752013188764,,-8.61,-0.25392296718972884,
1615,002457,青龙管业,sz,False,True,-1.811486172982145,10.7,0.7064641469445426,0.03661675802547794,0.58,-0.20233139050791005,
1616,300805,电声股份,sz,False,True,-1.8122187945279205,7.7,0.47773743550544623,0.010082871117716512,0.17,-0.33687943262411335,
1617,002040,南 京 港,sz,False,True,-1.812243156106849,8.7,0.8206811653672549,0.04633490872022982,1.48,-0.16965226554267654,
1618,300972,万辰集团,sz,False,True,-1.8122739074014358,202.9,0.05036007453291031,0.04394522666947916,31.23,0.17263843648208477,
1619,600258,首旅酒店,sh,False,True,-1.81231954411436,12.17,0.9009009009009008,0.06163480147430445,1.38,-0.144551519644181,
1620,300653,正海生物,sz,False,True,-1.8123443508916497,14.78,0.33988172116103593,0.02651204840039556,1.63,-0.3728578045391385,
1621,600777,新潮能源,sh,False,True,-1.8125634919739904,4.03,0.8093889113719142,0.027712729842453133,0.64,0.08740359897172234,
1622,688273,麦澜德,sh,False,True,-1.8125899100677314,29.06,0.4715424152402509,0.029489130306568998,7.63,-0.29051530993278574,
1623,000090,天健集团,sz,False,True,-1.812896185656384,3.42,1.7292062943109112,,-2.34,-0.06896551724137923,
1624,002611,东方精工,sz,False,True,-1.8129084426754116,14.46,0.5383580080753702,0.23713540431586438,40.59,-0.16266506602641062,
1625,688269,凯立新材,sh,False,True,-1.8130600817308846,31.27,0.2693530140602273,0.03315320094155091,10.35,-0.30367408147963004,
1626,600822,上海物贸,sh,False,True,-1.8132882651138318,8.3,0.30143180105501133,0.006871548764632963,0.47,-0.35328345802161254,
1627,002791,坚朗五金,sz,False,True,-1.8137196084213374,14.6,1.0346611484738748,,-0.9,-0.3957581227436823,
1628,001220,世盟股份,sz,False,True,-1.8138552092383613,31.76,0.5327366682648766,0.04210880916287687,1.32,,
1629,600639,浦东金桥,sh,False,True,-1.814125361613552,9.36,1.4336917562724014,0.09926346508903934,0.48,-0.10552268244575935,
1630,300275,梅安森,sz,False,True,-1.8142119140172888,8.96,0.3477777004938443,0.013812479022297484,2.72,-0.4637992831541218,
1631,601828,美凯龙,sh,False,True,-1.8142390074176098,2.1,2.4660912453760786,,0.21,-0.2714776632302406,
1632,000937,冀中能源,sz,False,True,-1.8146244705813939,4.82,1.030502885408079,0.02162353851909034,0.58,-0.14132379248658322,
1633,300879,大叶股份,sz,False,True,-1.8148578006776537,16.13,0.37957866767887644,,1.56,-0.5566666666666666,
1634,600117,西宁特钢,sh,False,True,-1.8152258983042096,2.24,0.4720320981826764,,-7.34,-0.47174447174447176,
1635,600983,惠而浦,sh,False,True,-1.8152484028893425,7.9,0.507536923311171,0.08241441263248116,3.1,-0.29490874159462055,
1636,002746,仙坛股份,sz,False,True,-1.8153585172840505,6.27,0.8659508139937652,0.04842474310673782,5.28,-0.02635914332784184,
1637,002640,跨境通,sz,False,True,-1.8153686835436884,3.15,0.1312163758037003,,24.41,-0.40077071290944133,
1638,002480,新筑股份,sz,False,True,-1.8154801738461637,5.33,0.18169594999727456,,-13.46,-0.30359520639147797,
1639,601058,赛轮轮胎,sh,False,True,-1.815572112919185,13.91,0.4900999803960008,0.07740537193281213,16.3,0.032031249999999956,
1640,600037,歌华有线,sh,False,True,-1.8158131695942805,6.9,1.3303179459890913,0.0070329917643666435,0.53,-0.2534090909090909,
1641,000623,吉林敖东,sz,False,True,-1.8161098514612095,17.98,1.4645577035735209,0.12763404765855338,2.75,-0.053054662379421136,
1642,300927,江天化学,sz,False,True,-1.8161429057498402,29.2,0.2422832776081795,0.018661381763351286,5.82,-0.2664946553630667,
1643,002128,电投能源,sz,False,True,-1.8161947781203143,27.58,0.4604475550234828,0.06797264780652265,5.04,0.34074823053589465,
1644,002991,甘源食品,sz,False,True,-1.816250065164435,39.15,0.4660049396523603,0.05861527279547959,4.71,-0.2987760979121671,
1645,300973,立高食品,sz,False,True,-1.816359703436734,23.96,0.6223549912870301,0.06909560759222537,11.42,-0.48096476708441716,
1646,002101,广东鸿图,sz,False,True,-1.8164450679788176,8.52,1.4100394811054708,0.054913675701796776,4.55,-0.3314651721377102,
1647,001206,依依股份,sz,False,True,-1.8164738825405058,16.24,0.620963735717834,0.05215749477121115,1.48,-0.3078758949880669,
1648,600173,卧龙新能,sh,False,True,-1.816488193372896,6.01,0.8503401360544218,,0.42,-0.08385093167701863,
1649,002285,世联行,sz,False,True,-1.8167615711362772,2.09,0.52578999947421,,-0.18,-0.16666666666666663,
1650,300484,蓝海华腾,sz,False,True,-1.8167989892323446,12.6,0.2575859048992839,0.010594701801523094,2.57,-0.4604215456674473,
1651,600076,康欣新材,sh,False,True,-1.8168127552384037,3.11,0.8513536523071683,,-10.65,0.07692307692307687,
1652,002403,爱仕达,sz,False,True,-1.8169254075866765,9.28,0.4375410194705754,,-0.76,-0.5018987341772152,
1653,000030,富奥股份,sz,False,True,-1.8170193183351926,4.26,1.1649580615097856,0.09063389345079485,1.46,-0.3047138047138048,
1654,301499,维科精密,sz,False,True,-1.8171667193479188,24.25,0.38965087281795513,0.016365138980942797,4.15,-0.22889892323723515,
1655,603993,洛阳钼业,sh,False,True,-1.8172428136972276,18.99,0.22071157411494657,0.06847439057792386,17.95,0.9792099792099793,
1656,002449,国星光电,sz,False,True,-1.8172463491182196,6.51,0.9297136481963556,,-1.3,-0.3621621621621621,
1657,603085,天成自控,sh,False,True,-1.8176833966765087,9.78,0.24912184549463143,0.02294009423790713,9.11,-0.21378708551483427,
1658,002162,悦心健康,sz,False,True,-1.8177513446137563,3.92,0.22973718066531887,0.0028542331702995343,0.64,-0.23060796645702297,
1659,603170,宝立食品,sh,False,True,-1.817824923561005,12.33,0.3138239447669857,0.054728246890067375,17.72,-0.123561013046815,
1660,600848,上海临港,sh,False,True,-1.817946011779503,8.44,0.7880220646178093,0.04329416654399986,0.5,-0.1029082774049217,
1661,300591,万里马,sz,False,True,-1.818021303247131,6.5,0.06483654706484951,,1.65,-0.5619116582186822,
1662,000563,陕国投Ａ,sz,False,True,-1.8180535228297638,2.97,1.2239902080783354,0.08793837278834991,1.56,-0.14857142857142858,
1663,600620,天宸股份,sh,False,True,-1.8182604004245182,4.34,0.47741812279194124,0.002043235266894542,1.31,-0.39039999999999997,
1664,601898,中煤能源,sh,False,True,-1.818423475651109,14.81,0.8463100880162492,0.09335934947205288,4.9,0.14681208053691286,
1665,300787,海能实业,sz,False,True,-1.818489556851174,9.91,0.495884161459883,0.021051302023030124,-0.57,-0.4949765572672471,
1666,000886,海南高速,sz,False,True,-1.8185347927895812,4.55,0.706164818868724,0.032173996975644284,-0.74,-0.34672619047619047,
1667,600838,上海九百,sh,False,True,-1.818540618941306,7.29,0.5281783129984683,0.01466525098110529,0.64,-0.23870220162224798,
1668,301287,康力源,sz,False,True,-1.8187461796887239,41.14,0.42988565041698906,0.021644459451269665,0.73,-0.24162044851700026,
1669,301370,国科恒泰,sz,False,True,-1.8188804421288816,8.71,0.6119576525304449,0.019113990102775924,0.05,-0.26732673267326723,
1670,603299,苏盐井神,sh,False,True,-1.8188820024968342,8.98,0.9561143512764126,0.05480743408035866,1.33,-0.13320647002854424,
1671,603508,思维列控,sh,False,True,-1.8188838352550434,21.4,0.5051270394504218,0.06989048161530881,7.71,-0.195539033457249,
1672,300891,惠云钛业,sz,False,True,-1.819032010545671,7.34,0.4113871976304097,,-0.6,-0.34318901795142565,
1673,603235,天新药业,sh,False,True,-1.8191251086560654,22.98,0.50332192470304,0.05169053908063207,2.9,-0.1582121319616886,
1674,002564,天沃科技,sz,False,True,-1.8191701613100248,4.28,0.029736327979803086,,-71.12,-0.5261932479627474,
1675,600516,方大炭素,sh,False,True,-1.8192364413390498,5.04,0.8050881571532083,0.004679928022707011,0.05,0.043659043659043606,
1676,001325,元创股份,sz,False,True,-1.8192719187714157,39.54,0.588824118235883,0.05100661555803788,1.4,,
1677,603390,通达电气,sh,False,True,-1.8192917010291865,9.94,0.48950022027509915,0.03728811031314555,5.17,-0.314828897338403,
1678,300241,瑞丰光电,sz,False,True,-1.819344304972426,5.59,0.5850690381465012,0.022158798815833793,2.29,-0.1488294314381272,
1679,600019,宝钢股份,sh,False,True,-1.8194053892763322,5.86,1.6155088852988693,0.07864170054813266,2.22,-0.16877637130801693,
1680,603298,杭叉集团,sh,False,True,-1.8195101045620545,25.8,0.3561887800534283,0.06601793046991564,9.96,0.2587112171837709,
1681,002923,润都股份,sz,False,True,-1.8196827090283663,10.88,0.2961734391659756,0.0036974194600362565,3.78,-0.3284671532846716,
1682,688330,宏力达,sh,False,True,-1.8197834137601814,33.08,0.9481369109699441,0.13622679036059232,0.32,0.15157116451016628,
1683,301108,洁雅股份,sz,False,True,-1.8198862314757165,37.82,0.44545414049623594,0.01820008444839184,0.54,0.026917404129793487,
1684,600233,圆通速递,sh,False,True,-1.8199353442098742,17.3,0.6271165182490906,0.09566448551639689,8.55,0.03353293413173675,
1685,600820,隧道股份,sh,False,True,-1.8200299559287771,5.38,1.9000570017100513,0.12892412815058338,0.67,-0.14808917197452243,
1686,605088,冠盛股份,sh,False,True,-1.820053603669329,20.6,0.7080147267063155,0.06919744799811783,10.23,-0.5269475747182755,
1687,603966,法兰泰克,sh,False,True,-1.8201395579687887,7.71,0.5289046384936795,0.06342601989039984,2.56,-0.10558252427184467,
1688,600152,维科技术,sh,False,True,-1.820190107105312,8.12,0.38162112654556557,,-1.54,0.09408194233687417,
1689,600780,通宝能源,sh,False,True,-1.8205226031008752,5.79,1.290822253775655,0.09819806549810968,2.01,0.0016920473773265332,
1690,600558,大西洋,sh,False,True,-1.8206531504498835,4.78,0.5781683626271971,0.04590483010622378,2.25,-0.16159695817490494,
1691,920195,三祥科技,bj,False,True,-1.820707690785439,12.0,0.7144388083160678,0.08692628650904034,14.2617,-0.36930264634033805,33.0563
1692,601019,山东出版,sh,False,True,-1.821019041060179,6.96,1.081782778018174,0.0811741022144295,2.09,-0.16931818181818192,
1693,688229,博睿数据,sh,False,True,-1.821508364857633,63.63,0.12940795858945325,,-3.18,-0.04690251320633909,
1694,300673,佩蒂股份,sz,False,True,-1.8216583972185076,12.68,0.5606323933396872,0.032370316419843004,6.07,-0.29681528662420387,
1695,002327,富安娜,sz,False,True,-1.821678831311796,6.69,0.6757213325224677,0.06183221210922042,1.71,-0.09420289855072472,
1696,002374,中锐股份,sz,False,True,-1.8217297349359638,3.04,0.16219547799007364,,-22.58,0.10752688172043001,
1697,600406,国电南瑞,sh,False,True,-1.8217435327129827,23.27,0.28621311428489654,0.044516462187717015,15.73,0.09674418604651147,
1698,002596,海南瑞泽,sz,False,True,-1.8218703949159776,3.19,0.14518845461408908,,-0.61,-0.2729591836734694,
1699,603926,铁流股份,sh,False,True,-1.8218967033558593,15.74,0.47712200009542444,0.021963926447203113,3.92,0.16429699842022116,
1700,601778,晶科科技,sh,False,True,-1.8219826442514688,3.59,1.1755025273304338,0.017649633593606596,-0.81,0.05900621118012417,
1701,688199,久日新材,sh,False,True,-1.822647126092006,22.88,0.7015574575557738,0.013101523707207149,1.66,-0.14976861590239798,
1702,002090,金智科技,sz,False,True,-1.8226504855816381,9.5,0.4116920543433512,0.01907475970571461,1.4,-0.1416921508664628,
1703,600371,万向德农,sh,False,True,-1.8228427785187669,7.88,0.22556560575643425,,2.65,-0.33966244725738404,
1704,300523,辰安科技,sz,False,True,-1.8230227994405759,19.74,0.21076592336551025,,-22.32,-0.25486052409129334,
1705,603139,康惠股份,sh,False,True,-1.8230502905063275,33.92,0.15115101497906558,,-63.52,0.4566929133858266,
1706,002548,金新农,sz,False,True,-1.8231234269929129,4.01,0.3152286984207042,,-23.84,-0.08515815085158163,
1707,002996,顺博合金,sz,False,True,-1.8233475193417517,6.3,0.7846214201647705,0.05477501163968997,3.68,-0.23415265200517466,
1708,002483,润邦股份,sz,False,True,-1.823488369288434,5.46,0.9516558812333461,0.0741218414830298,7.96,-0.2943722943722944,
1709,600863,华能蒙电,sh,False,True,-1.8235009607445716,4.73,0.5641430666817105,0.06115684283914526,15.84,0.1887755102040818,
1710,002578,闽发铝业,sz,False,True,-1.8235964479948763,3.89,0.40929927963326784,,-0.16,-0.22253521126760567,
1711,600529,山东药玻,sh,False,True,-1.823613724635088,18.72,0.6742633672712561,0.05370771189035034,2.4,-0.1689763075547609,
1712,600736,苏州高新,sh,False,True,-1.8236161716559416,6.64,0.9751340809361286,0.028237818910867324,2.1,0.07181328545780952,
1713,300453,三鑫医疗,sz,False,True,-1.8237676442311446,9.72,0.3012229652388698,0.05509125866998683,18.17,0.046750285062713726,
1714,603933,睿能科技,sh,False,True,-1.8238218667350345,18.78,0.3469451479721056,0.01669630260378839,4.86,0.02676399026763976,
1715,603187,海容冷链,sh,False,True,-1.8238445583337084,10.96,1.0025062656641603,0.07667241709794902,3.7,-0.06926751592356695,
1716,600483,福能股份,sh,False,True,-1.8238938130967872,10.83,0.9156670634557275,0.09793456012692318,4.78,0.12407991587802303,
1717,600009,上海机场,sh,False,True,-1.8239063125297361,23.17,0.7479991024010771,0.039695614031605646,2.82,-0.24377791959157624,
1718,300829,金丹科技,sz,False,True,-1.824003470877191,14.63,0.7336218912772358,0.03181916531965533,1.22,-0.28735632183908044,
1719,603409,汇通控股,sh,False,True,-1.8240271311596696,17.98,0.4596855750666545,0.04736732412512552,4.84,-0.34169407894736836,
1720,603711,香飘飘,sh,False,True,-1.8241549821458998,11.43,0.7350779182593354,0.043120547803439296,0.31,-0.26661742983751846,
1721,301020,密封科技,sz,False,True,-1.8241590117360964,20.2,0.34140179577344576,0.031005540690121326,2.97,-0.2584415584415586,
1722,000665,湖北广电,sz,False,True,-1.8242416120014893,3.81,0.7366482504604052,,-3.6,-0.4029850746268657,
1723,002073,软控股份,sz,False,True,-1.8242659523483995,5.99,1.0522992739135009,0.06402909482068651,2.11,-0.3760186263096623,
1724,603798,康普顿,sh,False,True,-1.82431916522006,12.57,0.3852228514195462,0.013398862704533639,4.27,-0.032258064516129115,
1725,002849,威星智能,sz,False,True,-1.8243825328802818,18.53,0.33681374200067365,0.012795332262790535,1.85,-0.1538952745849298,
1726,002648,卫星化学,sz,False,True,-1.8244616618799094,26.57,0.4250797024442083,0.09824726872592943,16.37,0.29484425349086996,
1727,603210,泰鸿万立,sh,False,True,-1.82447381333465,13.24,0.43003354261632404,0.047215244858259835,5.53,-0.37006338371526093,
1728,300194,福安药业,sz,False,True,-1.8247466453043306,3.91,0.951022349025202,0.013514061380866792,1.76,-0.20044543429844108,
1729,002092,中泰化学,sz,False,True,-1.8247641747746597,4.43,1.8825301204819276,,0.35,-0.07966457023060791,
1730,688665,四方光电,sh,False,True,-1.824989000561591,43.15,0.27836543814719966,0.029509493203963715,6.62,-0.2554872695346796,
1731,002053,云南能投,sz,False,True,-1.824995696037958,9.16,0.9041591320072332,0.02623542622073438,2.7,-0.1397544853635505,
1732,600941,中国移动,sh,False,True,-1.8250270407449412,97.53,0.6720881779689495,0.06230956638772751,5.55,-0.09913424031966511,
1733,300922,天秦装备,sz,False,True,-1.825027966201459,17.11,0.36189924724956574,0.01211571966163218,0.02,-0.46842105263157896,
1734,301226,祥明智能,sz,False,True,-1.8250938423566123,28.46,0.2935822911161999,0.0033768074784129142,1.83,-0.1405650505755145,
1735,301386,未来电器,sz,False,True,-1.8250938423566123,20.07,0.5421523448088913,0.032658819840886234,0.99,-0.22052586938083119,
1736,601789,宁波建工,sh,False,True,-1.8253755088300077,4.19,0.9819324430479184,0.04263792302149378,4.0,-0.2448210922787194,
1737,002228,合兴包装,sz,False,True,-1.8254226879313895,3.08,0.8053475074494644,0.02526400889293113,3.46,-0.13432835820895528,
1738,301255,通力科技,sz,False,True,-1.8254682644801918,20.31,0.34526810068017816,0.012848664574047496,-0.08,-0.4221008673305493,
1739,603759,海天股份,sh,False,True,-1.825627078160622,7.41,0.8542627712284298,0.03821300694330336,6.06,-0.20518867924528306,
1740,301058,中粮科工,sz,False,True,-1.825692337643061,8.33,0.5394616173059287,0.05377269207605609,1.59,-0.30979699911738745,
1741,300849,锦盛新材,sz,False,True,-1.8258941105473492,20.05,0.17920183502679066,,-1.16,0.31566994700984097,
1742,002826,易明医药,sz,False,True,-1.8258995273442324,17.07,0.25746652935118436,0.028706348408950637,2.34,-0.23076923076923073,
1743,600959,江苏有线,sh,False,True,-1.8262954891322833,3.01,1.5108022359873092,0.014445314373376707,0.28,-0.1754874651810585,
1744,688101,三达膜,sh,False,True,-1.8265320287013456,14.51,0.9335324869305452,0.07613594834937264,4.09,-0.024473147518694893,
1745,601218,吉鑫科技,sh,False,True,-1.826752249981869,4.25,0.7361601884570083,0.03844837728623663,2.15,-0.05140186915887868,
1746,000008,神州高铁,sz,False,True,-1.826765128026856,2.45,0.32429627707873915,,-1.41,-0.17391304347826086,
1747,300942,易瑞生物,sz,False,True,-1.8268424404627766,6.98,0.2943167436795479,0.0024155569597993348,1.52,-0.5545171339563864,
1748,600712,南宁百货,sh,False,True,-1.8269035512718583,5.21,0.26669511414550884,,0.19,-0.3603473227206947,
1749,603309,维力医疗,sh,False,True,-1.8270699089575226,11.3,0.5392870625033706,0.017358428992742442,5.73,-0.18207885304659488,
1750,002571,德力股份,sz,False,True,-1.827237191455011,10.56,0.19224484303208567,,-2.27,0.7394957983193275,
1751,000718,苏宁环球,sz,False,True,-1.8273250033662156,1.85,1.6302575806977504,,0.05,-0.16822429906542058,
1752,300424,航新科技,sz,False,True,-1.827510500810635,14.14,0.1943559045323797,,-6.3,-0.23968918111177528,
1753,600510,黑牡丹,sh,False,True,-1.8276748955651896,6.82,1.4999250037498126,0.01200213638027569,0.53,-0.050793650793650724,
1754,002042,华孚时尚,sz,False,True,-1.8279640934933539,3.74,0.929022668153103,0.011588532914910039,0.99,-0.31434184675834964,
1755,601899,紫金矿业,sh,False,True,-1.827980148727673,34.54,0.2199010445299615,0.07366319713008183,19.03,0.5685483870967742,
1756,002121,科陆电子,sz,False,True,-1.8279953834673879,4.98,0.04259107035618912,,-11.38,-0.318313953488372,
1757,000430,张家界,sz,False,True,-1.8280026668177467,6.72,0.3345040976751965,,16.94,-0.07582938388625604,
1758,001338,永顺泰,sz,False,True,-1.8280028927792296,8.6,0.8665511265164645,0.04609548218179137,0.89,-0.29329852045256755,
1759,920926,鸿智科技,bj,False,True,-1.8281876037313562,9.88,0.3166661388897685,0.023967768145398066,0.3727,-0.4118077734251042,13.3357
1760,688687,凯因科技,sh,False,True,-1.8286277806289468,18.05,0.552730488613752,0.003228534042147221,1.57,-0.5557197753473249,
1761,002918,蒙娜丽莎,sz,False,True,-1.8287760911242923,9.81,0.8055421298533912,0.023334663409147655,-0.55,-0.060908084163898035,
1762,301208,中亦科技,sz,False,True,-1.8290144495990248,29.54,0.44171562348160254,0.015642548984642145,1.47,-0.4461147575693415,
1763,001316,润贝航科,sz,False,True,-1.829017353461511,26.8,0.3142776328608693,0.05058885426362864,8.24,-0.027744748315497447,
1764,000650,仁和药业,sz,False,True,-1.8291806041210372,5.34,0.8635578583765113,0.04939686428705506,2.17,-0.06571936056838368,
1765,603355,莱克电气,sh,False,True,-1.8295013557729927,27.95,0.3526590492312033,0.03673661317815788,0.3,0.07689003436426112,
1766,600008,首创环保,sh,False,True,-1.8295088551222887,2.84,1.0154346060113728,0.08646180981860313,1.38,-0.03344481605351168,
1767,603060,国检集团,sh,False,True,-1.8296624056413635,5.4,0.4550211584838695,0.021415614981507618,-1.01,-0.2906336088154269,
1768,002845,同兴达,sz,False,True,-1.8297643311238594,12.91,0.595734540688669,0.019213071036487544,0.42,-0.21589403973509935,
1769,002772,众兴菌业,sz,False,True,-1.82985995943529,10.28,0.9245562130177516,0.11857473172466947,5.36,0.13970588235294135,
1770,600207,安彩高科,sh,False,True,-1.8298820612103004,4.31,0.39998400063997436,,-7.88,-0.1938144329896906,
1771,002561,徐家汇,sz,False,True,-1.8298913860939088,6.64,0.7765180928715639,,-1.16,-0.2847222222222223,
1772,601108,财通证券,sh,False,True,-1.8299839041437989,8.38,0.9800078400627206,0.07605545964117033,1.6,0.018587360594795488,
1773,600725,云维股份,sh,False,True,-1.8300003217292526,3.17,0.06568575932737783,,-0.63,-0.0714285714285714,
1774,601098,中南传媒,sh,False,True,-1.830013648201101,10.21,0.9025270758122743,0.08756184054988836,2.29,-0.17384240454914712,
1775,603049,中策橡胶,sh,False,True,-1.8302343033686823,49.1,0.5859260561317161,0.09934630133720122,9.7,0.08623055809698088,
1776,002930,宏川智慧,sz,False,True,-1.8302526940806823,8.54,0.500400320256205,,0.87,-0.32372881355932204,
1777,002406,远东传动,sz,False,True,-1.8302633309007579,6.59,0.8217602103706138,0.04198593471187152,2.54,-0.24223602484472062,
1778,300608,思特奇,sz,False,True,-1.8302894431756918,9.63,0.4310902271845497,,-7.09,-0.39039242219215153,
1779,002390,信邦制药,sz,False,True,-1.8303021670003776,3.0,1.172607879924953,0.021897746283952454,0.71,-0.20718232044198892,
1780,002825,纳尔股份,sz,False,True,-1.8304948281865436,8.94,0.5144826876575603,0.023450947652794648,2.89,-0.26990291262135935,
1781,300569,天能重工,sz,False,True,-1.8307175034476133,4.56,1.1230907457322552,0.0195081602634382,0.95,-0.16817359855334546,
1782,601186,中国铁建,sh,False,True,-1.8310276289269658,6.03,3.394433129667346,0.2149890355591865,1.26,-0.20817369093231164,
1783,001914,招商积余,sz,False,True,-1.8310863294933395,8.67,1.1993283761093787,0.07316252322910112,2.13,-0.3136472466081405,
1784,601801,皖新传媒,sh,False,True,-1.8311425488103263,5.39,1.1516756881262238,0.07105300554213444,2.75,-0.19260400616332818,
1785,600261,阳光照明,sh,False,True,-1.8311758394176127,3.08,0.8254911672445104,0.03438943281508458,1.46,-0.11515151515151512,
1786,603209,兴通股份,sh,False,True,-1.8313015219717104,14.65,0.7203572972194208,0.0729708627345101,6.21,-0.14200000000000002,
1787,301502,华阳智能,sz,False,True,-1.8313312857163837,50.4,0.2910360884749709,0.007872280127216047,1.1,0.06450177935943047,
1788,600189,泉阳泉,sh,False,True,-1.83145695576125,7.33,0.23583793217301072,0.003817335896547143,0.81,-0.05494505494505497,
1789,600120,浙江东方,sh,False,True,-1.8314603173906499,4.74,1.03498240529911,0.0867694016382063,4.68,-0.1903171953255427,
1790,688177,百奥泰,sh,False,True,-1.8315122518230622,19.97,0.027103429396921595,,-203.3,-0.45550082101806244,
1791,000713,国投丰乐,sz,False,True,-1.8315985081313433,6.08,0.6373486297004461,0.012949325404893032,-1.01,-0.2337482710926695,
1792,301418,协昌科技,sz,False,True,-1.8317009458909927,37.14,0.5930494603249912,0.003016473868739346,0.31,-0.13550913838120104,
1793,300402,宝色股份,sz,False,True,-1.8318168433451798,14.55,0.42190532444519446,0.014010252702928003,1.86,-0.3048016701461378,
1794,603081,大丰实业,sh,False,True,-1.8318187078811017,9.37,0.8076239702794379,0.014864252216631613,0.12,-0.36858475894245724,
1795,600609,金杯汽车,sh,False,True,-1.8320065160359718,3.21,0.40459621297944653,0.050183672240399865,3.06,-0.3625254582484726,
1796,601677,明泰铝业,sh,False,True,-1.8321464110734376,16.35,1.0004001600640255,0.11936735302894659,6.92,0.2296238244514106,
1797,002117,东港股份,sz,False,True,-1.8322189535011268,8.13,0.32255983484936457,0.03857667499922847,7.18,-0.3839137645107795,
1798,001367,海森药业,sz,False,True,-1.832570804261284,20.44,0.4970178926441352,0.04522104044569857,4.25,-0.3158531665994352,
1799,301043,绿岛风,sz,False,True,-1.832585408012353,43.83,0.2899559266991417,0.023516021465424395,2.19,0.07732962447844205,
1800,000402,金 融 街,sz,False,True,-1.832668690199014,2.43,2.733734281027884,,-27.6,-0.20000000000000007,
1801,600121,郑州煤电,sh,False,True,-1.8331914076403943,4.05,0.149126862221692,,-26.57,-0.12289156626506026,
1802,002587,奥拓电子,sz,False,True,-1.8332892246642272,5.33,0.37482664267776156,0.004660920373302435,1.05,-0.2285276073619631,
1803,600123,兰花科创,sh,False,True,-1.8334461104919948,7.3,1.405283867341203,,-3.57,-0.06695778748180492,
1804,002482,广田集团,sz,False,True,-1.8334574516212927,1.25,0.09490367277213628,,-28.36,-0.3258426966292135,
1805,300299,富春股份,sz,False,True,-1.8335187209370976,5.22,0.11007033494402922,,8.41,-0.33514986376021794,
1806,688128,中国电研,sh,False,True,-1.8337752671146066,21.57,0.41324021653787346,0.062122219254160636,14.99,-0.23165467625899283,
1807,002291,遥望科技,sz,False,True,-1.8339492422640362,5.08,0.6262917266862905,,7.64,-0.2955589586523737,
1808,600130,波导股份,sh,False,True,-1.8339663534882178,4.34,0.27936082243826127,0.0017603898207219006,0.28,0.04011461318051568,
1809,600826,兰生股份,sh,False,True,-1.8341817092476365,7.88,0.7599361653621095,0.059069536658554446,-0.31,-0.3147973609802074,
1810,603077,和邦生物,sh,False,True,-1.8343040539188091,2.42,0.8845643520566121,,1.97,0.21808510638297873,
1811,600713,南京医药,sh,False,True,-1.8343915962955892,5.16,1.0889687465969726,0.09215315854950928,2.37,-0.03359683794466406,
1812,003000,劲仔食品,sz,False,True,-1.8345096871515219,9.95,0.3282994090610637,0.05492936084195724,17.32,-0.19676113360323888,
1813,600230,沧州大化,sh,False,True,-1.834635977180453,14.44,0.6874269608854059,0.018101677120385205,2.45,-0.04562737642585546,
1814,300112,万讯自控,sz,False,True,-1.835074713059424,9.37,0.3439617514532384,,-0.58,-0.3818737270875764,
1815,300228,富瑞特装,sz,False,True,-1.8351002372391259,7.16,0.5937184587068812,0.057941791676082204,2.24,-0.14768460575719655,
1816,600827,百联股份,sh,False,True,-1.8351555849557513,7.54,1.529753709652746,0.09143943965911377,3.85,-0.2431332655137335,
1817,600115,中国东航,sh,False,True,-1.835370447146192,3.48,0.18344921208563408,0.012944715708153618,4.15,-0.07571801566579639,
1818,600859,王府井,sh,False,True,-1.835718811996898,9.69,1.7844396859386153,,0.27,-0.31658291457286436,
1819,600328,中盐化工,sh,False,True,-1.8359461585504042,6.36,1.2703252032520325,,0.62,-0.22853535353535348,
1820,600971,恒源煤电,sh,False,True,-1.8361117436551604,8.68,1.1270145384875465,0.009475843705433923,1.37,0.12058823529411766,
1821,002788,鹭燕医药,sz,False,True,-1.8361228548607134,10.56,0.8075587498990552,0.06565384665887573,4.32,0.11961722488038284,
1822,000498,山东路桥,sz,False,True,-1.836125056285733,4.98,2.159827213822894,0.2775156796358994,0.63,-0.15146299483648884,
1823,300978,东箭科技,sz,False,True,-1.8363400370956924,8.52,0.463628355510223,0.034634073694382005,1.91,-0.30535714285714277,
1824,300148,天舟文化,sz,False,True,-1.836482261689382,3.31,0.3698361625799771,0.019178029649233836,0.98,-0.4015444015444015,
1825,300238,冠昊生物,sz,False,True,-1.836482261689382,11.44,0.19124481248446135,0.006475350284073617,1.75,-0.40999432140829073,
1826,002215,诺 普 信,sz,False,True,-1.836652517543357,9.46,0.4826254826254826,0.08072458386477017,16.67,-0.3088235294117646,
1827,600094,大名城,sh,False,True,-1.8368270861556713,3.81,1.160227404571296,0.016287865214657776,1.4,0.14057507987220452,
1828,000753,漳州发展,sz,False,True,-1.8368724402671193,4.63,0.5980503558399618,0.015142177475405317,1.1,-0.1647727272727273,
1829,300233,金城医药,sz,False,True,-1.8371563308424084,13.07,0.7467144563918757,0.02783933363771005,3.71,-0.30308219178082185,
1830,001296,长江材料,sz,False,True,-1.8372164437145946,19.27,0.6320313487548982,0.036538089131014626,3.01,-0.23028237585199607,
1831,603611,诺力股份,sh,False,True,-1.8372421033971307,16.94,0.742555877329769,0.08734997641550638,2.3,-0.3403814262023217,
1832,002021,中捷资源,sz,False,True,-1.837301254567123,2.61,0.19640191688270878,,-0.96,-0.09387755102040818,
1833,002302,西部建设,sz,False,True,-1.8374328877825277,4.64,1.3250298131707963,,-2.49,-0.38581560283687943,
1834,001282,三联锻造,sz,False,True,-1.8374569492398372,15.83,0.46996898204718485,0.030466812501142505,1.66,-0.31909788867562383,
1835,603980,吉华集团,sh,False,True,-1.8374597787631417,6.72,0.8665511265164645,0.02051803946029349,0.46,-0.013559322033898313,
1836,600982,宁波能源,sh,False,True,-1.8377907952563552,4.76,0.8577064928381508,0.0710833096388968,1.3,0.045553145336225676,
1837,603648,畅联股份,sh,False,True,-1.8378908219065608,9.41,0.5554629783924901,0.03658554431972839,1.76,-0.27689594356261027,
1838,603107,上海汽配,sh,False,True,-1.837956999425579,11.93,0.541682465738584,0.038621073202382145,2.05,-0.29164007657945124,
1839,603967,中创物流,sh,False,True,-1.8380595222841996,11.29,0.6341958396752917,0.07422857948767435,3.98,-0.02408563782337214,
1840,603036,如通股份,sh,False,True,-1.838349824815021,15.5,0.4369483527047103,0.03157781721496283,3.82,-0.3177083333333335,
1841,605399,晨光新材,sh,False,True,-1.8384102024894549,10.71,0.6174745291756715,,-4.55,-0.3112582781456954,
1842,600758,辽宁能源,sh,False,True,-1.8384470278092628,3.41,1.1837121212121213,,-2.17,-0.21303258145363413,
1843,605577,龙版传媒,sh,False,True,-1.8384631475229685,9.7,0.9344047841524948,0.055364241343800864,2.01,-0.31707317073170727,
1844,603697,有友食品,sh,False,True,-1.8385225215994117,9.18,0.4621712806766188,0.051246047648575106,6.84,-0.26333059885151755,
1845,603706,东方环宇,sh,False,True,-1.838840683263607,19.43,0.5013285205795358,0.06455486194942772,5.57,-0.13234591495461057,
1846,600132,重庆啤酒,sh,False,True,-1.838856656241972,39.57,0.08271024945411234,0.060668199549841956,50.25,-0.1712707182320442,
1847,600017,日照港,sh,False,True,-1.8390463324053659,2.68,1.7061934823408975,0.053203375222124094,0.68,-0.15094339622641506,
1848,300370,安控科技,sz,False,True,-1.839185032684014,2.16,0.12774491894584894,,-6.02,-0.35806451612903223,
1849,002314,南山控股,sz,False,True,-1.839199878366764,2.1,1.1846937566639024,,-2.12,-0.29929577464788726,
1850,603777,来伊份,sh,False,True,-1.8392079985648873,13.22,0.3525098702763677,,-10.25,-0.04559043348281022,
1851,600975,新五丰,sh,False,True,-1.8393191324894282,4.85,0.2947678703021371,,-21.1,-0.27786259541984726,
1852,600757,长江传媒,sh,False,True,-1.8396428727176675,7.69,1.108524553818867,0.10162395073270869,3.23,-0.16919739696312364,
1853,300092,科新机电,sz,False,True,-1.8397127902652832,11.85,0.5077688636132832,0.0164024505261086,2.51,-0.22723908216136202,
1854,600505,西昌电力,sh,False,True,-1.8397165512424232,10.45,0.32262227384178604,0.004000651306032622,0.53,-0.29034436191762325,
1855,000951,中国重汽,sz,False,True,-1.8397326504130889,19.72,0.7212925562608193,0.07852067056652663,2.73,0.27450980392156876,
1856,601766,中国中车,sh,False,True,-1.8397423016793943,6.08,1.0114291493880854,0.07980973359510926,4.53,-0.1709401709401709,
1857,300628,亿联网络,sz,False,True,-1.8398375789167614,42.18,0.17231872070581747,0.053983729303987774,16.55,0.1377694470477977,
1858,000792,盐湖股份,sz,False,True,-1.8399076629182227,28.48,0.2965774956996263,0.06844064826982041,6.77,0.4327641408751337,
1859,600732,爱旭股份,sh,False,True,-1.839936331068395,11.45,0.19579050416054822,,-35.46,-0.21070931849791386,
1860,300022,吉峰科技,sz,False,True,-1.8400332533673176,8.12,0.1273479783508437,,0.83,-0.17367256637168138,
1861,601187,厦门银行,sh,False,True,-1.8400510720736203,7.41,1.3943112102621307,0.13717797470438148,7.88,0.08997050147492613,
1862,688259,创耀科技,sh,False,True,-1.840090340423157,30.03,0.47021206564160434,0.02312823217044582,0.66,-0.36787204450625877,
1863,600284,浦东建设,sh,False,True,-1.8402086157833766,5.01,1.6404199475065615,0.05797235877933401,0.6,-0.30603448275862066,
1864,001269,欧晶科技,sz,False,True,-1.8405438831734833,18.96,0.18473361412842682,,-36.21,-0.3916486681065515,
1865,688595,芯海科技,sh,False,True,-1.8405472561221006,27.15,0.1654533421575116,,-5.47,-0.3061820111435394,
1866,688657,浩辰软件,sh,False,True,-1.8406723870596293,32.46,0.45185486421761334,0.01495376296491249,1.58,-0.1960372260582408,
1867,002163,海南发展,sz,False,True,-1.8407484425306246,7.85,0.0801538954793203,,-12.59,-0.2681451612903226,
1868,000966,长源电力,sz,False,True,-1.8408499377751957,3.98,0.9775171065493647,0.0008629683124076463,1.28,-0.09782608695652162,
1869,600810,神马股份,sh,False,True,-1.8409035836935925,6.29,1.0400416016640666,,-0.34,-0.35810113519091846,
1870,002602,世纪华通,sz,False,True,-1.8409200789526132,13.79,0.3177427554651754,0.06181080947436088,18.28,-0.1324456902592851,
1871,002752,昇兴股份,sz,False,True,-1.8409569329295725,5.82,0.647878198898607,0.06433433265996732,4.11,-0.0017482517482516613,
1872,002382,蓝帆医疗,sz,False,True,-1.8410359903232492,5.9,1.161710037174721,,0.01,-0.14488188976377947,
1873,601068,中铝国际,sh,False,True,-1.8412053687172485,4.46,0.2331219694143976,0.019674892083216922,1.55,-0.1712062256809338,
1874,920564,天润科技,bj,False,True,-1.8412877879069616,12.64,0.20810788312661282,,-12.9931,-0.3725254284330516,11.8669
1875,301302,华如科技,sz,False,True,-1.8413753763561171,20.64,0.442008486562942,,-4.41,-0.2158753709198813,
1876,301585,蓝宇股份,sz,False,True,-1.841384872605078,26.7,0.3616636528028933,0.025601245244568697,7.16,-0.3074471167777456,
1877,601607,上海医药,sh,False,True,-1.8414371908110303,16.19,1.2874983906270119,0.09675858732462506,1.83,-0.11745689655172409,
1878,688366,昊海生科,sh,False,True,-1.8414505511023258,29.45,0.7869058860560277,0.022639698258101616,2.12,-0.43876969812037214,
1879,002012,凯恩股份,sz,False,True,-1.8415066620716598,6.6,0.5057401507105649,0.009970079790548564,0.26,-0.12917933130699077,
1880,300284,苏交科,sz,False,True,-1.8415252121111525,5.15,1.2759984688018375,0.001188376866152757,0.96,-0.45185185185185184,
1881,600966,博汇纸业,sh,False,True,-1.8416337755476324,4.75,1.1779950524207798,0.024801525789866594,2.1,-0.11439842209072981,
1882,000096,广聚能源,sz,False,True,-1.8419449305365339,7.93,0.658197854274995,0.02687391832478743,0.44,-0.38480801335559267,
1883,002928,华夏航空,sz,False,True,-1.8422020278910654,6.2,0.5021845025862501,0.0855475901243862,3.37,-0.2962962962962963,
1884,688577,浙海德曼,sh,False,True,-1.8423055497962808,41.87,0.15873015873015872,0.009876865122517573,1.6,-0.21307506053268765,
1885,600970,中材国际,sh,False,True,-1.8423347780666368,7.82,1.1411617026132603,0.12943475841002341,1.94,-0.11277330264672036,
1886,600616,金枫酒业,sh,False,True,-1.842359802436669,4.25,0.6803183890060548,0.00014466839948546658,0.06,-0.33216168717047456,
1887,300082,奥克股份,sz,False,True,-1.8424778439620504,7.87,0.5125313925477936,0.0022692439832130407,0.08,-0.06400000000000006,
1888,002116,中国海诚,sz,False,True,-1.842608409787264,7.08,0.7059654076950229,0.07778771731943526,4.28,-0.21965317919075145,
1889,002846,英联股份,sz,False,True,-1.8426599211418768,10.49,0.3252667187093417,0.009639185990021514,2.26,-0.4222222222222223,
1890,300917,特发服务,sz,False,True,-1.8426754732494413,25.77,0.27756189630287553,0.029572237583356746,5.3,-0.45538390592575506,
1891,603527,众源新材,sh,False,True,-1.8427048999410356,9.96,0.671952694530305,0.009320168284958553,1.81,-0.22479928635147195,
1892,002426,胜利精密,sz,False,True,-1.842871255790352,2.6,0.18557007125890737,,-41.51,-0.2290322580645161,
1893,002034,旺能环境,sz,False,True,-1.8429922901053553,13.48,1.0464629552113855,0.10361513195387055,2.71,-0.19766763848396496,
1894,603212,赛伍技术,sh,False,True,-1.843118141881864,11.58,0.47189844745410786,,-11.15,-0.09893992932862195,
1895,000035,中国天楹,sz,False,True,-1.8431550542860142,4.62,0.9752291788570313,0.02623728475587518,2.61,0.05594405594405605,
1896,002459,晶澳科技,sz,False,True,-1.8431795645669447,7.15,0.8780402142418122,,-5.01,-0.3594890510948906,
1897,000656,金科股份,sz,False,True,-1.8432082234410248,1.25,0.31082929255253017,2.3348120476301655,705.54,-0.12056737588652477,
1898,002321,华英农业,sz,False,True,-1.8436448862657342,2.02,0.21397697607737406,,-1.64,-0.3442028985507246,
1899,000576,甘化科工,sz,False,True,-1.8436901257450555,7.11,0.5323112956456936,0.022688650456382204,0.12,-0.4842615012106538,
1900,688579,地纬智能,sh,False,True,-1.8436901257450555,7.66,0.4498627918484862,0.004214972002048476,-1.99,-0.3820998278829604,
1901,300225,金力泰,sz,False,True,-1.8437470606251412,7.13,0.2586452163567235,0.007572797300449218,1.64,0.43661971830985924,
1902,300490,华自科技,sz,False,True,-1.8440693225656255,11.55,0.4833720030935808,,-11.87,0.07947686116700203,
1903,001217,华尔泰,sz,False,True,-1.8441976254344878,9.96,0.6588917440864466,,0.69,-0.26221079691516713,
1904,300368,汇金股份,sz,False,True,-1.844205580677343,7.51,0.012134022707610097,,-19.27,-0.3924231593995712,
1905,002178,延华智能,sz,False,True,-1.8442325794395524,4.48,0.13366660874446953,,-2.67,-0.44726301735647533,
1906,002908,德生科技,sz,False,True,-1.8442325794395524,6.86,0.35773055734420833,,-2.49,-0.48583333333333334,
1907,300578,会畅科技,sz,False,True,-1.8442325794395524,15.15,0.3776720296094871,,-2.69,-0.32050048123195385,
1908,301056,森赫股份,sz,False,True,-1.8442489836673537,11.4,0.2614174051708363,0.022538106303232188,1.27,-0.2203245089666951,
1909,600748,上实发展,sh,False,True,-1.8443739350478272,3.76,1.4692918013517484,,-2.53,-0.125,
1910,688390,固德威,sh,False,True,-1.8444226206383274,64.5,0.18141905988643167,0.01686172876560342,3.57,0.44341540546645564,
1911,000782,恒申新材,sz,False,True,-1.8445902417131563,7.99,0.2871912693854107,,-2.95,0.24279835390946491,
1912,600547,山东黄金,sh,False,True,-1.8446184989446999,36.5,0.1902080876478868,0.030659516867333203,3.14,-0.2012966965112689,
1913,688338,赛科希德,sh,False,True,-1.8448804355935464,30.66,0.5240266205523241,0.025848476232326105,2.49,-0.07540983606557383,
1914,301633,港迪技术,sz,False,True,-1.845100436788789,55.8,0.29945499191471525,0.02105209973642771,7.66,-0.27847936466605916,
1915,000788,北大医药,sz,False,True,-1.845188541519419,5.51,0.4533502584096473,0.019561777070076152,1.81,-0.24696969696969695,
1916,300463,迈克生物,sz,False,True,-1.8454552129689323,9.14,1.1415525114155252,,0.54,-0.324066719618745,
1917,301193,家联科技,sz,False,True,-1.8455137209188093,17.72,0.3233107015842224,,-6.78,-0.22055785123966942,
1918,688633,星球石墨,sh,False,True,-1.845612855020648,23.48,0.4421452889419464,0.05636311372385456,9.79,-0.2501797268152408,
1919,300652,雷迪克,sz,False,True,-1.8456482228839393,28.3,0.40976889034584496,0.0352492474285674,9.29,-0.5534209639366363,
1920,603578,三星新材,sh,False,True,-1.845802637458202,13.27,0.4563084645220169,,-0.21,-0.21985815602836878,
1921,002911,佛燃能源,sz,False,True,-1.8458700558267704,11.05,0.3082709084743673,0.07323968419048177,4.01,0.11299999999999999,
1922,300080,易成新能,sz,False,True,-1.8458884644262505,3.75,0.6117704637220115,,-15.14,-0.22196796338672775,
1923,600791,京能置业,sh,False,True,-1.8458961425051448,7.32,,,-78.88,0.224609375,
1924,601975,招商南油,sh,False,True,-1.8459056113605623,4.0,0.64,0.07791742311498275,3.6,0.22916666666666674,
1925,601216,君正集团,sh,False,True,-1.8459243483807697,4.42,0.8005123278898495,0.08117607903303055,11.33,-0.054989816700611094,
1926,600843,上工申贝,sh,False,True,-1.8459650214917127,6.85,0.5552779165972569,,0.04,-0.44842657342657344,
1927,600996,贵广网络,sh,False,True,-1.8463262108311829,6.4,0.1966336322164543,,-16.94,-0.2623529411764707,
1928,688506,百利天恒,sh,False,True,-1.8464233273895136,264.98,0.05158627805003869,,-13.72,0.05263157894736836,
1929,002287,奇正藏药,sz,False,True,-1.8467567461111547,19.73,0.45163038569234937,0.05858711317858524,7.28,-0.29303640862495584,
1930,603529,爱玛科技,sh,False,True,-1.8467642586664519,21.8,0.5247415647793462,0.08629840261656757,20.36,-0.3855670103092784,
1931,603826,坤彩科技,sh,False,True,-1.8468979388241709,16.08,0.13658403332650412,,8.91,-0.0006775067750677266,
1932,603199,九华旅游,sh,False,True,-1.8470696770600796,33.87,0.45869455529562864,0.05951991238668896,8.84,-0.13636363636363635,
1933,601609,金田股份,sh,False,True,-1.8471043076585059,13.38,0.44095599259193935,0.035510102624196585,4.27,0.1299165673420739,
1934,688590,新致软件,sh,False,True,-1.8471333118695723,12.31,0.3874617381533573,,0.12,-0.49954462659380694,
1935,301110,青木科技,sz,False,True,-1.8472414537647963,33.65,0.3534693011911916,0.03558997501583754,2.73,-0.19740853658536583,
1936,600997,开滦股份,sh,False,True,-1.847284397804568,5.66,1.5064778547755349,,-0.81,-0.1717011128775835,
1937,002154,报 喜 鸟,sz,False,True,-1.8473461417663928,4.01,0.8001920460910619,0.0744806834347512,6.22,-0.021739130434782594,
1938,002107,沃华医药,sz,False,True,-1.847391368689869,6.1,0.20082740892477005,0.03368534519057484,9.56,-0.1467065868263473,
1939,603568,伟明环保,sh,False,True,-1.847402933430386,14.65,0.4865469761105435,0.05725868327931931,6.32,-0.0304996755353667,
1940,000803,山高环能,sz,False,True,-1.8474042971903375,7.35,0.4346125429179886,0.013355378611628261,2.94,-0.09836065573770503,
1941,603116,红蜻蜓,sh,False,True,-1.8474647467064356,6.49,0.6762696963549064,,-5.56,-0.24196018376722817,
1942,600217,中再资环,sh,False,True,-1.8474809581103353,3.11,0.5525167136305873,,-0.91,-0.31376975169300225,
1943,920263,中航泰达,bj,False,True,-1.8476378383235197,6.62,0.5763356578871535,,-6.3452,-0.6070345664038811,16.9259
1944,002688,金河生物,sz,False,True,-1.8476476121707262,5.18,0.5732630130703967,0.009718248538375421,1.24,-0.3700787401574803,
1945,301149,隆华新材,sz,False,True,-1.8477749331238722,7.69,0.491448791035974,0.030724797984453257,6.13,-0.27539267015706814,
1946,002103,广博股份,sz,False,True,-1.8478474214479368,6.42,0.3783149850565581,0.04030161730390241,3.84,-0.4262135922330097,
1947,600477,杭萧钢构,sh,False,True,-1.848003783097297,2.38,0.8908685968819599,0.01252511285126679,1.63,-0.13358778625954204,
1948,000581,威孚高科,sz,False,True,-1.848047604961178,17.3,1.2112403100775193,0.06505588300350001,1.85,-0.11899791231732781,
1949,600976,健民集团,sh,False,True,-1.8482072503817297,27.58,0.6371455877668047,0.07479263741277309,6.57,-0.31986114554921896,
1950,002727,一心堂,sz,False,True,-1.8482163902161244,11.43,1.117443289753045,0.041708027126900846,2.35,-0.24221453287197237,
1951,301090,华润材料,sz,False,True,-1.8483159232919173,7.02,0.6390184676337146,,0.32,-0.23926380368098166,
1952,002853,皮阿诺,sz,False,True,-1.8483714684604684,21.02,0.23135830460634382,,-1.25,0.46962616822429926,
1953,301289,国缆检测,sz,False,True,-1.8485005083039268,43.35,0.30421952480910225,0.02793623832963644,4.96,-0.20916568742655695,
1954,000069,华侨城Ａ,sz,False,True,-1.8485053114509555,1.74,2.442598925256473,,-3.67,-0.28384279475982543,
1955,600318,新力金融,sh,False,True,-1.8487953310292464,6.46,0.334941050375134,0.012859387738830979,2.76,-0.3772020725388602,
1956,603218,日月股份,sh,False,True,-1.8488336380424366,9.58,1.0573059843518715,0.052448836160325606,0.81,-0.23259623259623274,
1957,000065,北方国际,sz,False,False,-1.8488418051820559,9.98,0.9605225242531938,0.0638842927689369,2.93,-0.2316335350043215,
1958,002609,捷顺科技,sz,False,True,-1.849179207833214,7.56,0.4899799108236562,0.01334719662155759,1.8,-0.3486073674752921,
1959,002356,鹏飞绿能,sz,False,True,-1.849224613702483,2.71,0.16867388590898355,0.010276742395981382,-1.25,-0.22049689440993803,
1960,301197,工大科雅,sz,False,True,-1.849579507419741,24.98,0.4387696897898293,0.007593821666691979,2.38,-0.003980099502487677,
1961,603387,基蛋生物,sh,False,True,-1.8495796882573143,9.18,0.6077549532028687,0.04997276484316048,8.02,-0.018823529411764683,
1962,600195,中牧股份,sh,False,True,-1.8496120634490762,6.73,0.8280887711162637,0.019132018581016447,0.42,-0.16622340425531912,
1963,601827,三峰环境,sh,False,True,-1.849692536140683,8.26,0.9031791907514451,0.09062239460615507,3.45,-0.023170731707316983,
1964,603813,原尚股份,sh,False,True,-1.849770750657357,28.48,0.16589250165892502,,-4.01,0.728624535315985,
1965,300026,红日药业,sz,False,True,-1.84980007228673,3.33,0.8576329331046313,0.002387104859548718,0.77,-0.21204819277108444,
1966,600071,凤凰光学,sh,False,True,-1.849855219761758,15.6,0.11596354106268988,0.006191501915960268,-0.35,-0.3561705989110707,
1967,688588,凌志软件,sh,False,True,-1.8500752623692391,9.33,0.3374502260916515,0.010545052683083206,-0.16,-0.4361917623227549,
1968,600114,东睦股份,sh,False,True,-1.8501295335554615,29.47,0.18117911367177592,0.027956153568742783,15.75,-0.03340840840840842,
1969,688212,澳华内镜,sh,False,True,-1.8501754883844455,27.15,0.33448172057397063,,-7.0,-0.5212304208341196,
1970,600754,锦江酒店,sh,False,True,-1.8502434941582904,19.07,0.7942180922881422,0.050577851958627316,0.85,-0.18643285648361807,
1971,603906,龙蟠科技,sh,False,True,-1.8504337754615408,19.78,0.1945033357322078,0.004325122952432731,7.04,0.20475192173305357,
1972,301187,欧圣电气,sz,False,True,-1.8504735821047538,14.51,0.39592984123213365,0.014621614547921609,0.76,-0.5881789137380191,
1973,002206,海 利 得,sz,False,True,-1.8507526870483992,5.21,0.6812453164384495,0.08222602289172477,2.99,-0.11130434782608689,
1974,002204,大连重工,sz,False,True,-1.8507698482074815,5.1,0.8149959250203749,0.06514063863882122,4.62,-0.19843750000000004,
1975,920128,胜业电气,bj,False,True,-1.8508607918062603,17.0,0.37192695354632355,0.007945228770944616,0.3422,-0.5125447255398166,20.6511
1976,301383,天键股份,sz,False,True,-1.8510160357992507,22.08,0.540891389009087,,-1.77,-0.4977950713359274,
1977,600527,江南高纤,sh,False,True,-1.8510920810605025,2.17,0.5518459246178467,0.005826066286651783,0.38,-0.03791469194312802,
1978,600610,中毅达,sh,False,False,-1.8512053094152796,8.66,0.01676951972095519,0.004948092040449663,22.32,-0.5444126074498568,
1979,601139,深圳燃气,sh,False,True,-1.8512524342948382,6.29,0.9119095385737734,0.07968635450865394,1.6,-0.0031007751937984773,
1980,688223,晶科能源,sh,False,True,-1.8513795904856243,4.33,0.5604438715462646,,-27.12,-0.23728813559322026,
1981,000816,智慧农业,sz,False,True,-1.8513828025741406,2.78,0.4924652811976755,,0.29,-0.21835443037974678,
1982,600596,新安股份,sh,False,True,-1.8513861983066797,10.38,0.8961376467425397,0.014990952959888707,0.77,-0.014028056112224463,
1983,600133,东湖高新,sh,False,True,-1.851392547887515,8.24,1.015228426395939,0.024002054575871696,-0.18,-0.14888888888888885,
1984,920489,佳先股份,bj,False,True,-1.8514764765046867,12.38,0.28220685762664033,,-0.6505,-0.4549071618037136,12.8896
1985,000906,浙商中拓,sz,False,True,-1.851551127167449,5.28,1.321353065539112,0.05798984018000047,2.35,-0.18906250000000002,
1986,600834,申通地铁,sh,False,True,-1.8515808692389963,7.32,0.49875311720698257,0.014067447785150683,0.23,-0.23224351747463357,
1987,001216,华瓷股份,sz,False,True,-1.8517318553660835,14.4,0.4482897745102434,0.05086625227626478,2.32,-0.07621736062103035,
1988,300690,双一科技,sz,False,True,-1.8517939683821496,20.39,0.48051511220027865,0.04469133926536377,1.31,-0.27882832777159805,
1989,300871,回盛生物,sz,False,True,-1.8518778737017685,22.67,0.5057401507105649,0.0747049155834454,8.89,-0.11438627364716236,
1990,001300,三柏硕,sz,False,True,-1.8519993014175242,11.48,0.34393809114359414,,-7.16,-0.2710706150341686,
1991,000736,中交发展,sz,False,True,-1.8521187134290764,4.25,0.3863689050305231,,1.49,-0.23705179282868516,
1992,002783,凯龙股份,sz,False,True,-1.852155966857685,7.77,0.6861534239055853,0.02991692071118504,0.36,-0.3137254901960784,
1993,300464,星徽股份,sz,False,True,-1.852235518105293,7.06,0.04313896354326191,0.0033115247352684335,2.26,0.021582733812949728,
1994,600587,新华医疗,sh,False,True,-1.8523898193425383,12.23,1.058425063505504,0.0660358046132613,6.89,-0.2724056603773586,
1995,603889,新澳股份,sh,False,True,-1.8527218417000217,5.61,0.71571714858288,0.0937013924026911,8.66,0.23059866962305997,
1996,605588,冠石科技,sh,False,True,-1.853043058973047,47.21,0.27341827527751955,,-2.32,-0.19423459244532792,
1997,300079,数码视讯,sz,False,True,-1.85315155167714,4.41,0.6489292667099287,0.006227704816756013,0.56,-0.28298611111111105,
1998,688306,均普智能,sh,False,True,-1.8532765111725273,8.48,0.1679627794480743,0.0007758848773054449,-1.96,-0.1960975609756097,
1999,300163,先锋新材,sz,False,True,-1.8533917861922857,6.63,0.1748037827538588,0.010893376718021675,12.48,0.4017857142857144,
2000,603273,天元智能,sh,False,True,-1.8534653972957622,14.41,0.28580410986309984,0.008924937703934828,2.88,-0.36478304742684164,
2001,002662,峰璟股份,sz,False,True,-1.8535126442381862,3.21,0.9281603861147207,0.04709805343745143,0.47,-0.1512605042016807,
2002,600307,酒钢宏兴,sh,False,True,-1.8535372561965617,1.43,0.5937537109606935,,-36.55,-0.2033898305084746,
2003,688639,华恒生物,sh,False,True,-1.8535722175060951,16.08,0.6684045184145445,0.030685671325774426,1.57,-0.587293112653497,
2004,605268,王力安防,sh,False,True,-1.8535805431099803,9.35,0.4186728072011723,0.03173424474084229,7.41,-0.10971786833855801,
2005,002296,辉煌科技,sz,False,True,-1.8536508743087556,8.75,0.7314753858532661,0.050046292820859296,4.73,-0.26071741032370954,
2006,603351,威尔药业,sh,False,True,-1.853674450496628,26.39,0.5003752814610959,0.04336174973332524,4.29,-0.2437439064023399,
2007,600597,光明乳业,sh,False,True,-1.853690518301402,6.64,1.004217714400482,,0.73,-0.23391812865497086,
2008,002243,力合科创,sz,False,True,-1.8537685406719553,7.25,0.8406893652795292,0.021245134864116118,1.73,-0.22021660649819497,
2009,000833,粤桂股份,sz,False,True,-1.8539539703109515,21.27,0.261376408165399,0.05324303314911244,14.86,0.6524644945697577,
2010,300867,圣元环保,sz,False,True,-1.8539765773484624,17.68,0.8380824673147838,0.06177071944356936,2.79,-0.1581858407079645,
2011,603901,永创智能,sh,False,True,-1.853985228314295,9.25,0.5520591807441758,0.031466529053046276,5.08,-0.20645161290322578,
2012,603025,大豪科技,sh,False,True,-1.8539880411113536,13.5,0.18320386926571888,0.05595344673231871,19.27,-0.10247093023255816,
2013,300389,艾比森,sz,False,True,-1.8539989777989152,12.12,0.3755445395823945,0.056944041090820054,2.34,-0.02186711522287632,
2014,002221,东华能源,sz,False,True,-1.854060700076036,5.4,1.1584800741427248,,2.18,-0.4842829076620825,
2015,000655,金岭矿业,sz,False,True,-1.854084541383235,7.06,0.8420343550016841,0.05624676581096587,3.35,-0.22478736330498184,
2016,601100,恒立液压,sh,False,True,-1.8543530061434204,105.11,0.12690999543124015,0.01964493740140697,3.65,0.378647043635425,
2017,300432,富临精工,sz,False,True,-1.8544645324252522,16.05,0.17860970207901694,0.018460879550145286,9.1,0.1862821512081061,
2018,300206,理邦仪器,sz,False,True,-1.854557236071463,11.93,0.33211557622052473,0.04997526224518863,4.57,-0.14164086687306499,
2019,002823,凯中精密,sz,False,True,-1.854569567514586,12.72,0.5060472648145337,0.05685209926376531,2.48,-0.19919246298788684,
2020,600927,永安期货,sh,False,True,-1.8546103634023694,12.85,0.7188555819135936,0.04366335552887239,4.91,-0.17615894039735103,
2021,300471,厚普股份,sz,False,True,-1.8546512420063819,9.8,0.3583715596330275,0.0240343017554654,5.03,-0.2506504770164787,
2022,002127,南极电商,sz,False,True,-1.8548581017283492,2.8,0.5478851632697787,,1.37,-0.18130311614730865,
2023,002326,永太科技,sz,False,True,-1.8548689307454065,19.85,0.15138899402013473,0.0026130831323654645,3.76,0.33111111111111113,
2024,000050,深天马Ａ,sz,False,True,-1.8549188773671537,6.41,1.733402669440111,,-0.51,-0.34434968017057566,
2025,300793,佳禾智能,sz,False,True,-1.854952461340768,10.81,0.6790710308298249,,-5.45,-0.4542501353546291,
2026,301158,德石股份,sz,False,True,-1.8549684780364002,14.57,0.4925865720900448,0.036269467636754024,2.26,0.0701157249829818,
2027,601226,华电科工,sh,False,True,-1.8550336136179635,6.13,0.6102770657878677,0.026231916372650606,-1.2,-0.1402439024390244,
2028,688557,兰剑智能,sh,False,True,-1.8550925497904411,20.5,0.4020908725371934,0.0368280718294713,3.59,-0.29703763010408335,
2029,002311,海大集团,sz,False,True,-1.855104127071523,46.3,0.33175198221809377,0.05068243904169645,17.65,-0.13636363636363646,
2030,002523,天桥起重,sz,False,True,-1.855106413797527,3.39,0.5301664722722935,0.029467058774995433,2.59,-0.202020202020202,
2031,603089,正裕工业,sh,False,False,-1.8551297915429017,10.53,0.6501527859046876,0.019750784599918234,-0.95,-0.5253317249698432,
2032,603206,嘉环科技,sh,False,True,-1.8551830909675682,13.57,0.5503880235566074,0.009495386666388135,1.37,-0.30072262367982205,
2033,600433,冠豪高新,sh,False,True,-1.8552783086824889,3.25,0.7814331483941549,,4.79,-0.012618296529968487,
2034,002005,德豪润达,sz,False,True,-1.8553101357813222,2.37,0.08006789757714541,0.01024674153619149,10.05,-0.1950354609929077,
2035,600824,益民集团,sh,False,True,-1.855417192080748,3.58,0.6713211600429645,0.03360949132034887,4.84,-0.20952380952380956,
2036,603038,华立股份,sh,False,True,-1.8555143482613636,16.9,0.31583601793948585,0.0183327466854394,1.58,-0.19631901840490806,
2037,300231,银信科技,sz,False,True,-1.8560030497051534,8.0,0.46259888051070913,0.01448257384302338,0.76,-0.34377576257213527,
2038,603418,友升股份,sh,False,True,-1.8561737150319624,43.25,0.5542622769094335,0.0604781401762333,2.23,,
2039,002275,桂林三金,sz,False,True,-1.8562403250595003,12.57,0.44196941571643245,0.05510249063257659,7.99,-0.13584398117014118,
2040,300737,科顺股份,sz,False,True,-1.8563013441012979,4.75,0.7593591009188245,,1.57,-0.1651376146788991,
2041,605378,野马电池,sh,False,True,-1.8565234896267242,14.09,0.3379862777571231,0.010570567523199754,-0.59,-0.4985938127762154,
2042,000536,华映科技,sz,False,True,-1.8567089546601072,3.16,0.06174745291756715,,-83.39,-0.4059999999999999,
2043,688581,安杰思,sh,False,True,-1.8567459736116778,51.08,0.6178560395427866,0.05184382565958308,4.64,-0.34352142110762807,
2044,002328,新朋股份,sz,False,True,-1.856809342930213,7.16,0.6181998021760633,0.037126553282172944,3.07,0.03453947368421062,
2045,600262,北方股份,sh,False,True,-1.8568584574051785,15.06,0.521947909598622,0.06340309787536219,4.02,-0.19088145896656528,
2046,688283,坤恒顺维,sh,False,True,-1.856884744511871,27.72,0.29334976091994486,0.015372861058544466,4.75,-0.16802999318336742,
2047,000552,甘肃能化,sz,False,True,-1.8570126477754896,2.62,1.1655011655011656,,-1.29,-0.03041825095057038,
2048,601222,林洋能源,sh,False,True,-1.8570684271044273,5.48,1.3544629554381689,0.01616812260610735,0.4,-0.03146853146853146,
2049,301456,盘古智能,sz,False,True,-1.857192523073427,22.82,0.6411489388985061,0.025357862839319904,0.8,-0.22763010108573578,
2050,688039,当虹科技,sh,False,True,-1.8572727628000711,32.82,0.2859675712774171,,-3.11,-0.4361581920903955,
2051,601618,中国中冶,sh,False,True,-1.8573688521186493,2.56,1.9477989871445267,0.02543441989175111,1.04,-0.15064102564102566,
2052,000990,诚志股份,sz,False,True,-1.857483398900924,6.31,1.6784155756965424,0.017951774353377088,1.61,0.16483516483516492,
2053,600480,凌云股份,sh,False,True,-1.857492458478079,8.23,0.8202099737532808,0.0768787238131847,10.37,-0.3167495854063018,
2054,300563,神宇股份,sz,False,True,-1.8574937437075,22.87,0.27668640363012564,0.018093194425848662,1.14,-0.4542864542864543,
2055,300033,同花顺,sz,False,True,-1.8575202460261797,216.72,0.047036909863169635,0.02241112308861134,12.41,0.06573655727123784,
2056,002562,兄弟科技,sz,False,True,-1.857774043010676,4.78,0.6737636437137852,0.020030807381753137,2.58,-0.2908163265306123,
2057,603636,南威软件,sh,False,True,-1.857916733137353,6.78,0.47023417661995676,,-23.5,-0.5412566237698714,
2058,600876,凯盛新能,sh,False,True,-1.8579580647161482,6.97,0.6109855196431845,,-12.85,-0.4255707762557077,
2059,600383,金地集团,sh,False,True,-1.8579998000280873,2.18,4.545454545454546,,-1.52,-0.4415584415584416,
2060,688716,中研股份,sh,False,True,-1.8580231817311736,27.14,0.35707909301910373,0.0004217875364229355,1.0,-0.39975698663426484,
2061,603767,中马传动,sh,False,True,-1.858036197401997,14.11,0.3154474622251664,,0.95,-0.5616392341283171,
2062,000785,居然智家,sz,False,True,-1.8581727601072235,2.23,1.3766519823788546,,0.32,-0.2842465753424658,
2063,300830,金现代,sz,False,True,-1.8581788599221676,7.96,0.3657778265481546,,-0.6,-0.44961832061068696,
2064,603444,吉比特,sh,False,True,-1.8582246384347285,380.82,0.22076517208645163,0.08166732000522671,18.02,-0.06397179535484565,
2065,603079,圣达生物,sh,False,True,-1.8585913792224795,12.63,0.6693888479817927,0.022459544745028016,0.82,-0.44652701212789425,
2066,603129,春风动力,sh,False,True,-1.8586157217437358,308.58,0.16906170752324598,0.03669819041223077,13.28,0.1298566465679032,
2067,600116,三峡水利,sh,False,True,-1.8587359446537526,6.31,0.9568462348100661,0.06348521112006958,3.27,-0.052631578947368474,
2068,688569,铁科轨道,sh,False,True,-1.8589308070153037,18.45,0.7670476336580501,0.04964060204122155,2.97,-0.33262801523487096,
2069,002196,方正电机,sz,False,True,-1.859053112188284,10.26,0.2826855123674912,0.01033532977453478,1.69,0.08734602463605845,
2070,600884,杉杉股份,sh,False,True,-1.859092248696777,12.1,0.828500414250207,0.02781594743898572,2.09,0.10801080108010819,
2071,600420,国药现代,sh,False,True,-1.859113279219133,8.45,1.2280486307257767,0.063407118083076,0.99,-0.2264840182648401,
2072,000912,泸天化,sz,False,True,-1.8591359406310157,3.81,1.0642826734780757,0.0009710606448736058,0.13,-0.23178807947019875,
2073,605058,澳弘电子,sh,False,True,-1.859156721245864,26.5,0.47980040303233856,0.03931992261839228,1.8,-0.1899305555555556,
2074,600593,大连圣亚,sh,False,True,-1.8591580199698265,39.16,0.04092976043811216,0.01000488238260271,7.51,0.1117683686176838,
2075,002026,山东威达,sz,False,True,-1.8592851139841016,10.23,0.8572653236176596,0.05703335310489575,6.63,-0.29166666666666663,
2076,002761,浙江建投,sz,False,True,-1.8593646698878732,7.04,0.9109957183201239,0.031827064462536366,2.38,-0.2869022869022868,
2077,688458,美芯晟,sh,False,True,-1.859453716155393,33.32,0.4899318994659742,,-0.77,-0.24077533862681,
2078,600212,绿能慧充,sh,False,True,-1.8595209474503624,5.9,0.13889274702075058,0.0005170108726869515,-4.47,-0.5149105367793241,
2079,300438,鹏辉能源,sz,False,True,-1.8595266041548077,61.82,0.18307976785485436,0.018461936103239145,3.84,1.3369894099848714,
2080,920522,纳科诺尔,bj,False,True,-1.8596319995731172,18.64,0.26606358919781825,0.011372682815876264,1.0717,-0.578129525687016,14.6557
2081,603507,振江股份,sh,False,True,-1.8597706701888117,23.14,0.4703005220335794,0.03640387919736727,5.74,0.03901532745006975,
2082,002527,新时达,sz,False,True,-1.860375443075728,11.02,0.17023015116437423,0.0008385087490841389,-0.6,-0.4101654846335697,
2083,600583,海油工程,sh,False,True,-1.8603800675966262,6.1,1.0699764605178685,0.07702736011831403,3.78,0.007312614259597838,
2084,688311,盟升电子,sh,False,True,-1.8604583514086155,22.16,0.45852629648310333,,-3.01,-0.520597555454957,
2085,600585,海螺水泥,sh,False,True,-1.8604902597006914,17.57,2.090738030524775,0.08379349930032427,0.76,-0.23206568712186693,
2086,600300,维维股份,sh,False,True,-1.8605007279743995,3.18,0.720876585928489,0.06763108595234714,2.27,-0.09337349397590367,
2087,002148,北纬科技,sz,False,True,-1.8606130330352526,6.08,0.3615851894706393,0.0006776911658348233,0.39,-0.39429175475687106,
2088,000560,我爱我家,sz,False,True,-1.8607182270535205,2.17,1.8158707100054476,,0.06,-0.29391891891891897,
2089,600395,盘江股份,sh,False,True,-1.8607452510193088,5.5,0.8983918785374181,0.033710554437488834,0.6,-0.09055118110236215,
2090,301665,泰禾股份,sz,False,True,-1.8607493258649903,24.23,0.34261828896426494,0.047805489026249995,12.92,-0.22160664819944598,
2091,600743,华远控股,sh,False,True,-1.8608555621136527,2.22,0.10633320573348644,,-1.75,-0.03755868544600938,
2092,600523,贵航股份,sh,False,True,-1.860946816401317,11.78,0.6837606837606838,0.043752379035610064,3.17,-0.30826600372902413,
2093,603353,和顺石油,sh,False,True,-1.8610137168962322,30.18,0.3124707058713246,,1.37,0.7142857142857142,
2094,603599,广信股份,sh,False,True,-1.8610686835742827,10.01,1.1217049915872126,0.0716922966627236,1.54,-0.14995857497928755,
2095,301031,中熔电气,sz,False,True,-1.8610771230636651,91.29,0.1225790634959549,0.03434136692376903,25.65,0.41726117974595445,
2096,688063,派能科技,sh,False,True,-1.8611053654342444,43.78,0.8668515950069349,0.01397372102024932,0.85,-0.05323105532310568,
2097,002453,华软科技,sz,False,True,-1.8611554867297495,4.35,0.21113973227481947,,-5.13,-0.3521594684385382,
2098,300078,思创智联,sz,False,True,-1.8611554867297495,3.07,0.1432172318973419,,-4.7,-0.3432098765432098,
2099,300466,赛摩智能,sz,False,True,-1.8611554867297495,7.18,0.18026137899954933,,0.75,-0.3733459357277883,
2100,300393,中来股份,sz,False,True,-1.8614109902436131,6.11,0.26602819898909286,,-68.89,-0.1143790849673203,
2101,603033,三维股份,sh,False,True,-1.8616326745039216,7.39,0.3314990386527879,,-14.31,-0.36293103448275865,
2102,000591,太阳能,sz,False,True,-1.8618350127475,4.25,1.447596988998263,0.04321409125087509,0.76,-0.013483146067415852,
2103,600760,中航沈飞,sh,False,True,-1.861876533334617,45.06,0.1861608057039671,0.025458766980997576,0.69,-0.30318635339555844,
2104,001306,夏厦精密,sz,False,True,-1.8620274305470212,52.76,0.3867873443180939,,-1.72,-0.5302635691217834,
2105,000425,徐工机械,sz,False,True,-1.8620365524948215,7.94,0.6738998584810297,0.07086820639656431,3.28,0.011376564277588264,
2106,300481,濮阳惠成,sz,False,True,-1.8622016403009414,13.99,0.5945303210463734,0.030102891683775144,2.56,-0.15841584158415845,
2107,002166,莱茵生物,sz,False,True,-1.8623062350008517,6.6,0.651380927566441,0.03163595869609233,1.33,-0.23500611995104037,
2108,300459,汤姆猫,sz,False,True,-1.8623211853988182,3.44,0.060866124958154535,,-155.71,-0.3982300884955753,
2109,002615,哈尔斯,sz,False,True,-1.8623912970331897,6.37,0.670690811535882,0.007773891695695673,2.04,-0.2812135355892649,
2110,605299,舒华体育,sh,False,True,-1.8627435454682237,12.48,0.2394693359515314,0.022693284376354504,3.81,0.2798708288482241,
2111,002709,天赐材料,sz,False,True,-1.862743914440532,37.48,0.26547732823616865,0.05176278152482802,14.1,0.9538461538461536,
2112,300622,博士眼镜,sz,False,True,-1.8628003534824953,14.35,0.20685518068800035,0.034588791156337874,16.36,-0.41290322580645156,
2113,300057,万顺新材,sz,False,True,-1.8628276216912123,6.53,0.781799702916113,,-3.64,0.00698080279232105,
2114,000301,东方盛虹,sz,False,True,-1.8628334522874803,13.34,0.3938403371273286,0.01388996921982821,4.02,0.3033707865168538,
2115,300411,金盾股份,sz,False,True,-1.862845267055797,7.62,0.31136158420774046,0.0010290034924378534,0.31,-0.5242290748898678,
2116,001396,誉帆科技,sz,False,True,-1.8628774593379753,33.58,0.3985651654045437,0.03576921701183961,8.75,,
2117,300219,鸿利智汇,sz,False,True,-1.8629838282095257,6.78,0.54333061668025,0.02113347267336316,3.75,-0.10441176470588232,
2118,603396,金辰股份,sh,False,True,-1.8630991027205717,25.53,0.7405761682589054,0.015326633550920439,1.29,-0.21148359486447932,
2119,603577,汇金通,sh,False,True,-1.8630991027205717,10.2,0.5707111060381235,0.029396634085397222,0.69,-0.09948717948717956,
2120,688589,力合微,sh,False,True,-1.863106290660478,19.53,0.3377123366316572,0.005287684401383893,1.83,-0.31865392604902376,
2121,600864,哈投股份,sh,False,True,-1.8631299058485933,5.44,1.1704119850187265,0.032849892416602335,3.05,-0.23416789396170834,
2122,002233,塔牌集团,sz,False,True,-1.8632057381716038,7.14,1.397428731134712,0.049871580679749644,1.87,-0.10780669144981414,
2123,600348,华阳股份,sh,False,True,-1.8632251070989927,9.08,0.8505571149102662,0.04853143866596781,1.39,0.18344827586206902,
2124,002669,康达新材,sz,False,True,-1.8634562159427313,11.45,0.7878978884336589,0.02963331733134197,1.05,-0.23500697350069732,
2125,002701,奥瑞金,sz,False,True,-1.8635005175785933,4.72,0.8481764206955046,0.07111717977711876,5.05,-0.137546468401487,
2126,003025,思进智能,sz,False,True,-1.8635933697336764,12.28,0.3729534181180771,0.043980595761150175,12.15,-0.2554347826086957,
2127,600197,伊力特,sh,False,True,-1.8636010589541399,9.94,0.8464533604198409,0.0376454998569471,2.63,-0.3282122905027933,
2128,601008,连云港,sh,False,True,-1.8637072228662983,4.36,0.7817385866166354,0.033025862552965225,0.73,-0.2773109243697479,
2129,300337,银邦股份,sz,False,True,-1.8637162821423325,9.76,0.22043911471651528,0.010758970022281827,3.05,-0.18824609733700648,
2130,300445,康斯特,sz,False,True,-1.8637339894165554,17.9,0.3454231433506045,0.030509477769269024,2.57,-0.1035393555203381,
2131,603138,海量数据,sh,False,True,-1.8639543287523053,12.56,0.21935597086952707,,-5.16,-0.243046357615894,
2132,600335,国机汽车,sh,False,True,-1.8640257127147069,5.04,1.5532774153463809,0.06219679064560269,2.21,-0.22626582278481022,
2133,600358,国旅联合,sh,False,True,-1.8640620570055515,4.99,0.008342969463063172,,-13.07,-0.19333333333333336,
2134,603255,鼎际得,sh,False,True,-1.864128877173305,28.4,0.41459369817578773,0.0067941613694855185,0.73,-0.242857142857143,
2135,301048,金鹰重工,sz,False,True,-1.8645455538931353,9.02,0.5956635692161067,0.04450635773320219,1.65,-0.36818521284540695,
2136,002088,鲁阳节能,sz,False,True,-1.8647004842847918,8.22,0.6046314771146987,,0.12,-0.3590449954086318,
2137,002239,奥特佳,sz,False,True,-1.8647527183143087,2.47,0.6653359946773121,0.02185830571900711,0.72,-0.1649484536082474,
2138,688007,光峰科技,sh,False,True,-1.864777558133706,9.94,0.5161556725508414,,-3.92,-0.3864615384615384,
2139,688609,九联科技,sh,False,True,-1.8648670602516346,8.74,0.21579163160052653,,3.57,-0.18325581395348844,
2140,301038,深水规院,sz,False,True,-1.8650411263303548,15.78,0.2545630425374844,0.013550667980178083,5.66,-0.575,
2141,601599,浙文影业,sh,False,True,-1.8652172669672173,3.0,0.4398311048557354,0.03200430137810522,1.17,-0.2623376623376624,
2142,300014,亿纬锂能,sz,False,True,-1.8652385671593905,55.82,0.4135307253328922,0.04806028682379176,6.58,0.23789860059646695,
2143,603225,新凤鸣,sh,False,True,-1.8652417231964795,19.7,0.6364562118126273,0.032685720262531706,1.75,0.42626913779210307,
2144,301356,天振股份,sz,False,True,-1.8652965450141856,19.87,0.6965243435258063,0.022235909659946235,2.81,-0.07252747252747249,
2145,300921,南凌科技,sz,False,True,-1.8653110297042197,14.52,0.22289089490694303,0.007969079969717496,1.43,-0.24956772334293953,
2146,002867,周大生,sz,False,True,-1.865331341451984,12.28,0.5082592121982211,0.08586270553385138,4.33,-0.014669926650366705,
2147,301180,万祥科技,sz,False,True,-1.8653931175590757,11.63,0.28132560625668146,,-0.12,-0.365228267667292,
2148,600088,中视传媒,sh,False,True,-1.8653931175590757,11.33,0.27846620812564393,,0.05,-0.35997596153846156,
2149,600990,四创电子,sh,False,True,-1.8653931175590757,17.59,0.31080031080031084,,-9.09,-0.41620498614958445,
2150,600814,杭州解百,sh,False,True,-1.86545827776035,6.65,0.7829014327096218,0.04666355576294914,2.36,-0.17810026385224265,
2151,300577,开润股份,sz,False,True,-1.865539840565449,17.32,0.5271203415739814,0.0829338685332316,4.51,-0.20918866080156406,
2152,600382,广东明珠,sh,False,True,-1.8655547102707843,6.44,0.7016066792955868,0.0422572111930901,1.87,0.07894736842105265,
2153,002405,四维图新,sz,False,True,-1.8656840792794094,6.28,0.5920663114268798,0.0074945720561883054,-1.64,-0.2818396226415095,
2154,300358,楚天科技,sz,False,True,-1.8657834992613853,8.67,0.8984725965858041,0.0533908530790505,4.59,-0.03823870220162229,
2155,603062,麦加芯彩,sh,False,True,-1.8658152876608822,38.53,0.48680751630805186,0.03315616887099929,1.87,-0.28783811686970884,
2156,603093,南华期货,sh,False,True,-1.8658583210894064,11.31,0.4971908715755979,0.05479061765463282,6.65,-0.24126344086021512,
2157,001313,粤海饲料,sz,False,True,-1.866027143799617,7.63,0.4798464491362764,0.010058338362502514,0.44,-0.11011523687580016,
2158,920047,诺思兰德,bj,False,True,-1.8660724227161318,16.88,0.057370042511201494,,-17.6395,-0.2971259509721048,56.3485
2159,603323,苏农银行,sh,False,True,-1.866091344013317,4.25,2.0521239482864764,0.21888064438461707,6.09,-0.11040339702760071,
2160,002039,黔源电力,sz,False,True,-1.8662339688890688,19.48,0.5422699419771162,0.08474719910506959,5.16,0.258376288659794,
2161,300072,海新能科,sz,False,True,-1.8663588803043103,3.72,0.5982650314089142,,-10.6,-0.02011494252873558,
2162,300967,晓鸣股份,sz,False,True,-1.8664391401157927,16.36,0.22054607207445634,,0.24,-0.345861084681256,
2163,600198,大唐电信,sh,False,True,-1.866513255869,7.85,0.020039638404764623,,-29.76,-0.2724288840262582,
2164,600399,抚顺特钢,sh,False,True,-1.8665159985373685,4.18,0.6381620931716656,,-4.8,-0.30590339892665475,
2165,601699,潞安环能,sh,False,True,-1.8665180958640135,16.85,0.9196247930844216,0.023350192172081577,1.55,0.07988587731811703,
2166,002456,欧菲光,sz,False,True,-1.8665301275089359,6.94,0.15531085467563327,,-6.57,-0.4194952132288947,
2167,300919,中伟新材,sz,False,True,-1.866557077949585,40.0,0.5680849855138329,0.04344312860034928,2.27,0.1921241050119331,
2168,002269,美邦服饰,sz,False,True,-1.8665856412865638,1.4,0.06085612395175326,,-118.63,-0.31052631578947365,
2169,002658,雪迪龙,sz,False,True,-1.8666070477712857,7.2,0.5874405216471833,0.03388739219573358,0.53,-0.08248730964466999,
2170,300723,一品红,sz,False,True,-1.8666495397949703,34.61,0.12382060870211238,0.012792909657751287,30.71,-0.5022790766063814,
2171,600350,山东高速,sh,False,True,-1.8666566187934086,10.73,0.5914360066240832,0.0623363670365291,1.79,0.19893617021276588,
2172,300099,尤洛卡,sz,False,True,-1.8667808884829995,5.9,0.5517850245544336,0.04233413485962001,0.59,-0.26,
2173,300203,聚光科技,sz,False,True,-1.8668072123092738,12.94,0.44662795891022783,,-2.8,-0.4272323630981747,
2174,603260,合盛硅业,sh,False,True,-1.8668724235355088,33.63,0.7399733609590056,,1.09,-0.38636363636363635,
2175,601616,广电电气,sh,False,True,-1.8668783259042172,3.89,0.7176690110521028,,-0.99,-0.1457800511508952,
2176,600351,亚宝药业,sh,False,True,-1.8669781007270898,6.78,0.6012506012506013,0.06888950124001102,6.3,-0.11707988980716244,
2177,688111,金山办公,sh,False,True,-1.8670049786349803,233.3,0.13927188657697556,0.0333183400802972,16.7,-0.2085309709821429,
2178,603680,今创集团,sh,False,True,-1.8670599281412568,10.18,0.7362143856290951,0.07788586605188756,7.22,-0.29284649776453053,
2179,002540,亚太科技,sz,False,True,-1.8670604804582651,5.13,0.8729812309035356,0.058045716806556846,0.7,-0.23865546218487388,
2180,002608,江苏国信,sz,False,True,-1.8670769972048946,7.02,1.4100394811054708,0.11071499745355506,4.81,-0.059219380888290596,
2181,002570,贝因美,sz,False,True,-1.8670812729393027,4.4,0.34280621164855507,0.03161345595139115,2.39,-0.46404341926729986,
2182,603069,海汽集团,sh,False,True,-1.8671160742791097,12.81,0.19086519191495047,,-2.7,-0.43379212149976276,
2183,603051,鹿山新材,sh,False,True,-1.8671562966669708,21.05,0.5033979360684622,,2.58,-0.145041933892452,
2184,002595,豪迈科技,sz,False,True,-1.8673030253061593,48.06,0.22482014388489208,0.04285224545766198,4.11,0.27462609592573495,
2185,601515,衢州东峰,sh,False,True,-1.8674561668256187,3.31,0.7691716021844474,,-0.22,-0.2674418604651163,
2186,603379,三美股份,sh,False,True,-1.8675257149968842,59.9,0.23574897449196097,0.059244513958007484,25.46,0.20392628205128194,
2187,300908,仲景食品,sz,False,True,-1.8678617118519536,24.99,0.4825323296660876,0.054703398175094634,6.15,-0.25246682545083365,
2188,600292,电投水电,sh,False,True,-1.8679121581790172,12.15,0.3014408874419726,0.013450351390430076,2.25,-0.0057995028997515075,
2189,688398,赛特新材,sh,False,True,-1.86793528028535,19.83,0.3070404372255826,0.004136937598846952,0.15,-0.08236994219653182,
2190,603858,步长制药,sh,False,True,-1.8680641474915054,15.18,0.6384472961757007,0.023358755445509864,3.6,-0.1299885974914481,
2191,600643,爱建集团,sh,False,True,-1.868223304178271,3.95,1.5607928827844544,,0.08,-0.38550247116968706,
2192,605368,蓝天燃气,sh,False,True,-1.8682361803915173,6.73,0.6904170118751727,0.04902850026720532,2.54,-0.3168724279835392,
2193,000722,湖南发展,sz,False,True,-1.8682604924565231,12.81,0.3865780114427091,0.009880602795815367,0.41,0.026527331189710512,
2194,300061,旗天科技,sz,False,True,-1.8682762070448804,6.11,0.11516093741003051,,2.22,-0.537842190016103,
2195,301399,英特科技,sz,False,True,-1.8683210183099326,17.06,0.4111842105263158,0.0036853452247139246,-0.33,-0.4015979814970564,
2196,603344,星德胜,sh,False,True,-1.868403065835038,22.16,0.5032965926820675,0.03841676815096253,1.55,-0.1990144048521607,
2197,601388,怡球资源,sh,False,True,-1.8684276042946344,3.35,0.635970490969219,0.028255851080362465,1.28,0.15000000000000013,
2198,603408,建霖家居,sh,False,True,-1.868593781156488,10.77,0.704721634954193,0.08472135147499874,6.06,-0.1429840142095914,
2199,600255,鑫科材料,sh,False,True,-1.868672915135103,3.25,0.2558788157928405,0.009160478763262083,2.84,-0.26,
2200,002697,红旗连锁,sz,False,True,-1.8686856712514286,4.47,0.8076239702794379,0.07694497664719958,5.46,-0.20503597122302153,
2201,300320,海达股份,sz,False,True,-1.868776382895646,8.43,0.5214579965583772,0.05056480891558711,5.0,-0.1983887210473313,
2202,605398,新炬网络,sh,False,True,-1.8688853029605037,19.86,0.3215123943028004,0.0042719013976807,0.3,-0.45640408899579077,
2203,002590,万安科技,sz,False,True,-1.8688964352445636,9.33,0.6366182836771073,0.04415907866498273,1.0,-0.3718411552346571,
2204,601106,中国一重,sh,False,True,-1.8690954386350167,3.0,0.25106073159097186,,0.04,-0.029999999999999916,
2205,000530,冰山冷热,sz,False,True,-1.8691536925087346,4.99,0.7508634930169694,0.007281443822932762,1.49,-0.28149300155520995,
2206,301195,北路智控,sz,False,True,-1.8692932203007433,26.1,0.7163836951070994,0.039461274678094654,6.2,-0.3807040417209909,
2207,688636,智明达,sh,False,True,-1.869366560467748,19.49,0.4232445930503238,0.03468308332610769,3.74,-0.5594332196273943,
2208,002560,通达股份,sz,False,True,-1.869462668994683,5.94,0.6134592969756456,0.028766796213138945,0.97,-0.00340136054421758,
2209,603877,太平鸟,sh,False,True,-1.8695000159672281,12.51,0.7460459564309161,0.03372942926432742,2.29,-0.15544760582928518,
2210,000415,渤海租赁,sz,False,True,-1.8696024058842589,4.5,1.1213276519398967,0.1730972287133683,10.27,0.1976744186046513,
2211,301157,华塑科技,sz,False,True,-1.8696110129752774,59.81,0.3098469356138068,0.008638980462081787,0.88,-0.026294820717131517,
2212,000709,河钢股份,sz,False,True,-1.869733909346311,2.1,2.397506593143131,0.05033700625688988,1.69,-0.134453781512605,
2213,300557,理工光科,sz,False,True,-1.8698407123522023,25.22,0.2556367912469963,0.011810642333593956,2.35,0.14325068870523405,
2214,000629,钒钛股份,sz,False,True,-1.869951039325647,3.04,0.44426673774934466,0.011591582193011436,1.76,0.11439114391143912,
2215,600691,潞化科技,sh,False,True,-1.8699985632711054,2.55,0.513347022587269,,-1.57,-0.04958677685950419,
2216,002108,沧州明珠,sz,False,True,-1.8700025952664294,4.35,0.7027406886858749,0.020846623055531234,0.88,0.16619718309859155,
2217,688339,亿华通,sh,False,True,-1.8702119643273991,16.61,0.482392667631452,,-2.65,-0.3021645021645022,
2218,001332,锡装股份,sz,False,True,-1.8702511379214342,30.26,0.5680204487361545,0.05815508798864813,8.87,0.05921294593600579,
2219,601808,中海油服,sh,False,True,-1.8703086710739418,12.39,0.8036001285760206,0.06444918504005517,1.8,-0.11102994886778672,
2220,600929,雪天盐业,sh,False,True,-1.8704882921961918,5.2,0.897021887334051,0.00808663699409999,1.04,0.020912547528517234,
2221,301391,卡莱特,sz,False,True,-1.8704963848921003,46.0,0.47764615972487584,0.005479767329079207,0.6,-0.04998922645981452,
2222,600309,万华化学,sh,False,True,-1.870537097288491,73.19,0.486215782564302,0.05744980323442392,3.34,0.23286526245402883,
2223,300300,海峡创新,sz,False,True,-1.8705538930735546,7.21,0.05531585352361987,0.029455861863790202,-4.23,0.36693548387096775,
2224,002014,永新股份,sz,False,True,-1.8705947116205268,10.96,0.3717057577221871,0.06538426331550522,7.38,-0.033484162895927705,
2225,002507,涪陵榨菜,sz,False,True,-1.8706007962938551,11.19,0.6987631891551953,0.0594958323169462,3.02,-0.11111111111111116,
2226,000957,中通客车,sz,False,True,-1.87061867181859,10.34,0.5264820469621986,0.062413401405549795,11.45,-0.10867579908675795,
2227,000408,藏格矿业,sz,False,True,-1.8706453261653746,77.4,0.14161297174821214,0.04685859949017843,21.16,0.5837261733961876,
2228,301518,长华化学,sz,False,True,-1.870693018221353,24.81,0.4608294930875576,0.02525284410156694,0.76,-0.07216494845360821,
2229,002927,泰永长征,sz,False,True,-1.8707302795146579,15.65,0.29107844564110025,,2.01,-0.1289918597370069,
2230,002129,TCL中环,sz,False,True,-1.8708477099172927,9.35,0.5292405398253507,,-8.23,0.05590062111801242,
2231,003041,真爱美家,sz,False,True,-1.8708776534199685,38.46,0.26573129251700683,0.00554375044696488,15.94,0.19547543301519976,
2232,002613,北玻股份,sz,False,True,-1.8709384524938577,3.39,0.5916809656233359,0.0028316499174574046,1.42,-0.24242424242424243,
2233,600987,航民股份,sh,False,True,-1.8709636072669134,6.49,1.0177081213108081,0.108737019518295,4.45,-0.0784593437945792,
2234,300168,万达信息,sz,False,True,-1.8710024042017337,4.92,0.1450747134774409,,-3.86,-0.43500000000000005,
2235,603528,多伦科技,sh,False,True,-1.8711034708138388,6.16,0.4321894718644654,,-1.95,-0.38295454545454555,
2236,688816,易思维,sh,False,True,-1.8711044609279657,47.02,0.3869370066553165,0.014300014300014298,-1.66,,
2237,301268,铭利达,sz,False,True,-1.871437156892164,13.17,0.28284542497525106,,0.35,-0.4715808170515098,
2238,600618,氯碱化工,sh,False,True,-1.8714687109568722,10.14,0.8122816992933148,0.07136994611569068,2.16,-0.02605210420841686,
2239,002252,上海莱士,sz,False,True,-1.8714779601352787,4.81,1.0256410256410258,0.0418396036952738,0.97,-0.2729927007299269,
2240,603607,京华激光,sh,False,True,-1.8715889694391652,21.43,0.2796029637914162,0.02798063739891995,10.14,-0.20008532423208192,
2241,300998,宁波方正,sz,False,True,-1.8716557465892913,25.65,0.36620646720621086,0.006669579049518289,2.08,-0.13385182153090458,
2242,603026,石大胜华,sh,False,True,-1.8716587961839355,63.9,0.34963812454109994,0.021926939437793273,5.42,0.6492954001595321,
2243,300107,建新股份,sz,False,True,-1.8717294093883172,6.3,0.4285408185129634,0.004160450260569,3.15,-0.28642590286425895,
2244,603333,福华尚纬,sh,False,True,-1.8719311643462373,9.51,0.34539928156949434,,0.03,-0.010765550239234423,
2245,300193,佳士科技,sz,False,True,-1.8719364743080498,7.59,0.6611133148221605,0.04886701818341747,1.08,-0.22737068965517238,
2246,600022,山东钢铁,sh,False,True,-1.8721101423861175,1.32,1.3455328310010766,0.00785140740403421,-0.16,-0.14838709677419348,
2247,601021,春秋航空,sh,False,True,-1.8721431344729125,43.47,0.4383273428596476,0.06167889964843027,5.27,-0.14484895429899314,
2248,601020,华钰矿业,sh,False,True,-1.8722371396340087,23.29,0.22517451024544022,0.04480467402359414,20.13,-0.09934110491637105,
2249,002644,佛慈制药,sz,False,True,-1.8722984368822715,8.18,0.44577185396514063,0.01408631247103502,2.13,-0.2072263549415515,
2250,002383,合众思壮,sz,False,True,-1.8723102782207677,6.74,0.3008423586040915,,0.03,-0.39408396946564894,
2251,300448,浩云科技,sz,False,True,-1.872366121277493,5.48,0.32257023966968806,,-0.7,-0.2988338192419826,
2252,603108,润达医疗,sh,False,True,-1.872383061856055,9.55,0.6368615462998344,,-1.44,-0.5188010899182562,
2253,300587,天铁科技,sz,False,True,-1.87247273317644,5.04,0.34243057220148615,,-9.89,-0.5282522996057819,
2254,601919,中远海控,sh,False,True,-1.8725302022493655,17.42,0.8861320336730172,0.09418501704748809,2.49,0.040760869565217295,
2255,300589,江龙船艇,sz,False,True,-1.8725488570680415,12.47,0.143546164446486,,-2.32,-0.176747311827957,
2256,300360,炬华科技,sz,False,True,-1.87255226698463,11.61,0.7120985544399344,0.08161533062370437,13.64,-0.2346805736636245,
2257,600841,动力新科,sh,False,True,-1.872566203263256,5.5,0.8410428931875525,0.4085301086690089,0.56,-0.22636103151862463,
2258,688511,天微电子,sh,False,True,-1.8725926050416661,20.9,0.29381519024533564,0.008469602174316271,0.66,0.11098840419657652,
2259,002264,新 华 都,sz,False,True,-1.8726064644072722,6.45,0.44879274750920023,0.0344877533987681,4.02,-0.11161387631975872,
2260,301446,福事特,sz,False,True,-1.8726431060983573,35.27,0.33078627898514773,0.020523176823586876,1.93,0.13308823529411762,
2261,600657,信达地产,sh,False,True,-1.8726723703582535,2.55,2.1299254526091587,,-3.05,-0.3886010362694301,
2262,600495,晋西车轴,sh,False,True,-1.8726942243322109,4.05,0.6702412868632708,0.007076099201249923,0.6,-0.3025830258302583,
2263,300861,美畅股份,sz,False,True,-1.87271872170001,16.63,0.5915059742103395,0.03684897080824533,3.8,0.03670972127804206,
2264,300882,万胜智能,sz,False,True,-1.8728018694848962,14.13,0.31925422213708776,0.0266976359243389,1.73,-0.1756919374247895,
2265,000059,华锦股份,sz,False,True,-1.8730905699679699,4.66,1.3531799729364005,,3.62,-0.15572232645403383,
2266,000151,中成股份,sz,False,True,-1.873223784016605,9.89,0.25230225810521006,0.11408492481803455,1.92,-0.3001555209953344,
2267,603686,福龙马,sh,False,True,-1.873230696164193,12.44,0.67736909842173,0.030374179517475786,1.87,-0.3119212962962963,
2268,002478,常宝股份,sz,False,True,-1.873323201986341,6.29,1.0513036164844407,0.06384065372829417,2.25,0.1016635859519408,
2269,600612,老凤祥,sh,False,True,-1.8734157285117832,35.64,0.7363770250368188,0.09059119815918684,13.31,-0.25848849945235486,
2270,600336,澳柯玛,sh,False,True,-1.8735039907981499,6.04,0.4279722673970727,,-2.09,-0.2152974504249291,
2271,300521,爱司凯,sz,False,True,-1.8735825610146501,23.38,0.15227653418608192,,-0.96,-0.21612149532710279,
2272,002135,东南网架,sz,False,True,-1.8736894523613061,6.38,0.871383757406762,0.0024365432760542617,0.24,0.29748283752860405,
2273,300041,回天新材,sz,False,True,-1.8737428686426127,10.6,0.5122688386865427,0.04130934086815711,5.27,0.003027245206861595,
2274,600111,北方稀土,sh,False,True,-1.873909451967405,40.42,0.1796783757074836,0.023084452159781343,7.82,0.011664074650077794,
2275,300541,先进数通,sz,False,True,-1.8739521367752978,9.72,0.4035349663048303,0.010033149526034017,-0.88,-0.35960912052117266,
2276,603569,长久物流,sh,False,True,-1.8740746843585256,5.86,0.7501312729727703,,0.04,-0.2561307901907357,
2277,002807,江阴银行,sz,False,True,-1.8741079028923244,4.05,1.8511662347278786,0.18870772946859904,4.27,-0.04390243902439017,
2278,001298,好上好,sz,False,True,-1.8741221943884847,17.34,0.22462824026236577,0.015684847496227793,3.5,-0.2684162062615101,
2279,300962,中金辐照,sz,False,True,-1.874141972585759,13.37,0.29807147754031416,0.032975222417875205,2.25,-0.3375690607734807,
2280,300531,优博讯,sz,False,True,-1.8741845849027954,16.36,0.2738375595596692,0.02006903748896203,6.53,-0.14621131270010668,
2281,688349,三一重能,sh,False,True,-1.8744164779756969,13.84,0.6514657980456027,0.04910554254258678,5.04,-0.32619047619047614,
2282,603669,灵康药业,sh,False,True,-1.874561379660074,5.39,0.15130424257096167,,3.29,-0.07792207792207795,
2283,603885,吉祥航空,sh,False,True,-1.874672519794216,10.42,0.4578125715332143,0.05022626934339198,4.26,-0.1471544715447155,
2284,002460,赣锋锂业,sz,False,True,-1.8747302003904676,55.63,0.3983111606787222,0.032631324766522876,3.95,0.335239651416122,
2285,301015,百洋医药,sz,False,True,-1.8747354212001865,24.87,0.19041090673673788,0.03929041510323557,4.79,-0.0702258726899384,
2286,688023,安恒信息,sh,False,True,-1.8747730130205469,37.35,0.584180394905947,,-5.12,-0.39488084730803175,
2287,002401,中远海科,sz,False,True,-1.8747812303696603,12.16,0.3675659780930677,0.00781882836420728,0.44,-0.42140641158221304,
2288,002511,中顺洁柔,sz,False,True,-1.8747832068160561,7.04,0.6138735420503376,0.04367193641366058,4.07,-0.12452830188679243,
2289,600388,紫金龙净,sh,False,True,-1.875011615267072,17.35,0.4952456418383518,0.0555355010690584,5.1,0.36118143459915597,
2290,600478,科力远,sh,False,True,-1.8751168422961442,4.91,0.3525222970352875,0.017094659970118536,1.32,-0.1819787985865725,
2291,603699,纽威股份,sh,False,True,-1.8751316080417773,51.53,0.11544144809752493,0.04249478376529281,15.9,0.2872536945812809,
2292,600603,广汇物流,sh,False,True,-1.8751616157838145,4.41,1.4374011786689664,0.02373413966117142,0.18,-0.5156626506024098,
2293,600825,新华传媒,sh,False,True,-1.875263006716466,4.88,0.4896440287910689,0.008354421285060374,0.05,-0.3594405594405594,
2294,688299,长阳科技,sh,False,True,-1.8753415209323487,12.73,0.5359918529238356,,0.57,-0.3469505178365938,
2295,300318,博晖创新,sz,False,True,-1.8753427480850748,4.87,0.32150205761316875,,-0.57,-0.31114551083591324,
2296,000517,荣安地产,sz,False,True,-1.875345754304161,2.32,0.628693574751666,,-0.61,-0.12698412698412698,
2297,002519,银河电子,sz,False,True,-1.8753861193870682,5.22,0.3778289945970454,,0.24,-0.08791208791208782,
2298,000672,上峰材料,sz,False,True,-1.875436782757499,14.05,0.7309941520467835,0.12884273455819825,13.7,0.7215469613259666,
2299,600787,中储股份,sh,False,True,-1.8755727068633992,4.54,1.4194464158977997,0.054912469523579414,0.52,-0.23469387755102045,
2300,300848,美瑞新材,sz,False,True,-1.875574699087707,12.37,0.2947678703021371,0.017191612556066146,1.74,-0.2805164319248826,
2301,002554,惠博普,sz,False,True,-1.875595557160818,2.9,0.4937052579609973,,-1.42,-0.034965034965035,
2302,000543,皖能电力,sz,False,True,-1.8756125121970366,7.43,1.0424267695194411,0.1276389349807265,2.53,0.13382352941176467,
2303,601669,中国电建,sh,False,True,-1.8757796414322974,4.62,1.8494544109487703,0.11732544906315628,1.15,-0.2472266244057052,
2304,605158,华达新材,sh,False,True,-1.8758629500332151,7.55,0.6276675872457946,,-1.19,-0.3362162162162162,
2305,601118,海南橡胶,sh,False,True,-1.8759812343718036,6.28,0.35593521978999826,,-1.02,-0.05081300813008127,
2306,688373,盟科药业,sh,False,True,-1.8760633282440144,5.24,0.052909772964164214,,-23.05,-0.4207161125319693,
2307,603334,丰倍生物,sh,False,True,-1.8760854860328469,31.22,0.3861003861003861,0.030561226360891407,4.71,,
2308,301102,兆讯传媒,sz,False,True,-1.8761653158329314,9.27,0.7882084023015685,,-0.98,-0.2521294718909711,
2309,601333,广深铁路,sh,False,True,-1.876222383887934,2.92,1.3989927252378287,0.07431960402514975,2.0,0.049469964664311084,
2310,688055,龙腾光电,sh,False,True,-1.8762954135053713,3.71,0.3241386016660724,,-4.83,-0.06265664160401008,
2311,000555,神州信息,sz,False,True,-1.876340082021637,10.2,0.5714285714285714,0.0057166442383657715,-1.63,-0.21411947245927077,
2312,605007,五洲特纸,sh,False,True,-1.8763898435706399,14.82,0.517464424320828,0.05006508460999299,6.04,0.2003270645952575,
2313,300801,泰和科技,sz,False,True,-1.8764201492818202,22.46,0.5434487256127384,0.0322920232244231,5.25,-0.03314917127071826,
2314,601997,贵阳银行,sh,False,True,-1.8766299618117526,5.79,3.1181789834736517,0.24957572127383448,7.81,-0.09328968903436996,
2315,688005,容百科技,sh,False,True,-1.8766331517918093,26.87,0.40480913249402906,,1.41,0.19962511715089049,
2316,600502,安徽建工,sh,False,True,-1.8766334520062746,4.46,1.5936254980079683,0.2021794949556216,1.57,-0.02580645161290329,
2317,300288,朗玛信息,sz,False,True,-1.8766356207106742,9.71,0.32908809688353574,,-0.39,-0.45074812967581046,
2318,300272,开能健康,sz,False,True,-1.8767246513194618,5.73,0.36082846214909436,0.011565440151738575,4.44,-0.26436781609195403,
2319,605580,恒盛能源,sh,False,True,-1.8767719507463159,17.35,0.22094564737074682,0.03339154592840184,4.53,-0.09488636363636371,
2320,002051,中工国际,sz,False,True,-1.876874040717209,8.44,1.1088933244621866,0.025840127133425497,1.13,-0.048554913294797664,
2321,600623,华谊集团,sh,False,True,-1.877037282507443,8.08,1.3164823591363874,0.03300155767352219,0.74,-0.02211302211302224,
2322,301256,华融化学,sz,False,True,-1.877089761501139,10.02,0.3552397868561279,0.014527915389420772,1.81,-0.19190140845070425,
2323,688280,精进电动,sh,False,True,-1.8773369156173503,5.36,0.20384450740974783,0.003318716599191627,-14.17,-0.4604938271604938,
2324,600269,赣粤高速,sh,False,True,-1.8774214654323889,3.78,2.1791239921551537,0.08194370467488835,1.08,-0.20321931589537223,
2325,002140,东华科技,sz,False,True,-1.8777668119228188,8.94,0.7707723138584861,0.08760863470703673,2.92,-0.17234664070107109,
2326,601877,正泰电器,sh,False,True,-1.8777733374376635,26.22,0.8165264962848046,0.08999199071282656,6.8,0.0714285714285714,
2327,603169,兰石重装,sh,False,True,-1.87783081104525,6.26,0.3251821019771072,,-1.49,-0.21750321750321744,
2328,600157,永泰能源,sh,False,True,-1.8778691661113422,1.57,1.369675386933297,0.006404877955050566,0.13,0.07586206896551739,
2329,600196,复星医药,sh,False,True,-1.8778998807629907,22.79,0.8075587498990552,0.057125882594886095,1.77,-0.14043209876543206,
2330,002812,恩捷股份,sz,False,True,-1.8779157889990121,55.9,0.46633090841260955,0.006870212749878225,0.56,0.7007874015748032,
2331,600938,中国海油,sh,False,True,-1.8779300310843379,33.72,0.5223023085762039,0.0777828768774842,4.68,0.2703025477707006,
2332,001279,强邦新材,sz,False,True,-1.877990079223876,25.09,0.2536783358701167,0.009799761473805728,5.3,-0.4180990899898889,
2333,688350,富淼科技,sh,False,True,-1.8780271340656562,29.4,0.4413841807909604,0.006853009122040442,1.03,0.10234824988923341,
2334,002805,丰元股份,sz,False,True,-1.8782476808910649,19.52,0.17105713308244955,,-56.55,0.2551252847380412,
2335,600056,中国医药,sh,False,True,-1.8783008872450033,9.17,0.8761170492377782,0.035200732175229246,1.52,-0.14418604651162792,
2336,601777,千里科技,sh,False,True,-1.8784682890771376,7.99,0.28647549202165756,0.003120779146204758,0.47,-0.2093275488069415,
2337,600211,西藏药业,sh,False,True,-1.8789046254067248,38.16,0.3181774793980082,0.07956082425013923,15.54,-0.07665591664599358,
2338,000889,中嘉博创,sz,False,True,-1.8789172934716318,3.89,0.019068794489881146,,-6.33,-0.14964370546318284,
2339,688410,山外山,sh,False,True,-1.8789453426814493,10.87,0.377159236629705,0.033586801730392024,8.2,-0.194515852613539,
2340,688196,卓越新能,sh,False,True,-1.8789510435243995,34.16,0.7396449704142012,0.0283952159740127,0.52,-0.2915824915824916,
2341,688580,伟思医疗,sh,False,True,-1.879027142436763,45.68,0.4012680069018097,0.03804161752957736,5.92,-0.1240565124830657,
2342,002037,保利联合,sz,False,True,-1.8790856297201461,6.69,0.3172890820826855,,-77.35,-0.5372424722662441,
2343,000601,韶能股份,sz,False,True,-1.8791306744369913,6.16,0.647542575924367,0.027415737730086577,3.97,0.16135084427767366,
2344,002588,史丹利,sz,False,True,-1.8793089466776076,7.67,0.8825346394845998,0.1098744135453177,6.98,-0.07415485278080691,
2345,600685,中船防务,sh,False,True,-1.8793789348531897,25.6,0.5039306591413022,0.03371362300078216,2.17,-0.12863913337846988,
2346,300207,欣旺达,sz,False,True,-1.8793932636719277,17.9,0.7451009611802398,0.02373554801820042,0.46,-0.1946692051404093,
2347,000599,青岛双星,sz,False,True,-1.8793948653779606,4.61,0.5495713343591998,,2.31,-0.15294117647058814,
2348,300738,奥飞数据,sz,False,True,-1.879479742481703,21.23,0.1753586083540841,0.011523073802983093,5.28,0.044701155198392906,
2349,002839,张家港行,sz,False,True,-1.8796096064615138,4.4,1.7774617845716318,0.18531215833070808,2.73,0.0046403712296985145,
2350,002533,金杯电工,sz,False,True,-1.8796989023234525,11.15,0.5451968160505942,0.07582938388625593,7.1,-0.04105839416058399,
2351,600373,中文传媒,sh,False,True,-1.8797188150898108,6.97,1.9051247856734614,0.02268839307187229,0.61,-0.2967145790554415,
2352,002876,三利谱,sz,False,True,-1.879727229493428,29.28,0.4750819516366573,0.00997206823686853,1.38,-0.03914988814317677,
2353,600621,华鑫股份,sh,False,True,-1.879876487137363,12.7,0.6942515967786727,0.04850883831034015,1.66,-0.18415969092079842,
2354,600409,三友化工,sh,False,True,-1.879902784230355,6.92,0.9643201542912248,0.0011917428428691828,0.65,0.11428571428571432,
2355,603194,中力股份,sh,False,True,-1.8799037498035571,33.51,0.41071135206177095,0.06319474725260836,7.65,-0.20087124878993212,
2356,002169,智光电气,sz,False,True,-1.8799521938384671,12.23,0.2929801945388492,0.024497675170626308,1.56,0.6713836477987423,
2357,600637,东方明珠,sh,False,True,-1.8799699546241295,8.0,1.1132138483802738,0.020757697473165485,0.21,-0.01302083333333326,
2358,601311,骆驼股份,sh,False,True,-1.879983690726103,7.35,1.1515430677107323,0.06791724962305926,2.81,-0.13738738738738743,
2359,300945,曼卡龙,sz,False,True,-1.880009512035576,12.96,0.5107774032076821,0.03788955195604812,3.29,-0.494320987654321,
2360,603132,金徽股份,sh,False,True,-1.8801026990751626,18.75,0.18490440442291337,0.03806304763209781,12.06,0.11231603408210677,
2361,603317,天味食品,sh,False,True,-1.880133976664871,13.43,0.3334778403975056,0.05223677887126769,5.26,0.26066790352504654,
2362,603661,恒林股份,sh,False,True,-1.8801454908496147,32.81,0.8098477486232589,0.037468198866212304,1.6,-0.07668918918918932,
2363,002628,成都路桥,sz,False,True,-1.8804537818684874,4.79,0.765814060346148,,-1.19,-0.12273641851106631,
2364,603325,博隆技术,sh,False,True,-1.8805102541169831,53.27,0.6462035541195477,0.062284340471118756,3.55,-0.41990543189943486,
2365,688499,利元亨,sh,False,True,-1.8805213618441579,35.55,0.3945551390806865,0.009510368203415364,1.65,-0.3730540073034788,
2366,603196,璞源材料,sh,False,True,-1.8805696712558435,19.24,0.25190185903571966,0.004824329285560251,2.92,-0.01930099113197714,
2367,301039,中集车辆,sz,False,True,-1.880571942791599,8.26,0.9492168960607498,0.0569660994742029,1.07,-0.10731707317073158,
2368,600765,中航重机,sh,False,True,-1.8806191911075631,13.17,0.7016559079427449,0.02782841002379329,1.1,-0.24268502581755602,
2369,688360,德马科技,sh,False,True,-1.8806544625622195,15.42,0.3661126162407557,0.024732028471511177,2.49,-0.4263135412217002,
2370,002518,科士达,sz,False,True,-1.88066487914457,34.45,0.24807124606186895,0.031832130078816356,12.66,0.34025758205234724,
2371,000721,西安饮食,sz,False,True,-1.8807729026418891,6.4,0.028264636135206713,,-50.38,-0.3466509988249119,
2372,002085,万丰奥威,sz,False,True,-1.880802275366904,10.17,0.35370684776457273,0.04423467379139812,12.98,-0.38960244648318043,
2373,600903,贵州燃气,sh,False,True,-1.8808372700439449,6.06,0.43389595175077017,0.010914575979637768,3.14,-0.15549215406562056,
2374,002522,浙江众成,sz,False,True,-1.8808566226273844,5.24,0.49512303807496166,0.0159851913187623,2.3,-0.15399610136452246,
2375,300153,科泰电源,sz,False,True,-1.8808990335893516,20.79,0.14232039166571786,0.012405393368821028,5.87,-0.3797305965362412,
2376,688188,柏楚电子,sh,False,True,-1.8809329143399376,98.55,0.15862440912407602,0.031515021635062354,12.42,0.06492101276779927,
2377,300292,吴通控股,sz,False,True,-1.8810197305856775,4.13,0.2651113467656416,0.022301118624110185,8.22,-0.20696721311475408,
2378,600586,金晶科技,sh,False,True,-1.8810220918552125,4.17,0.8526603001364256,,-3.1,-0.21980198019801978,
2379,001260,坤泰股份,sz,False,True,-1.8810471158625894,17.96,0.40260890570899427,0.017978303782994684,0.31,-0.2802768166089965,
2380,000157,中联重科,sz,False,True,-1.8811252532131297,7.07,0.9538344143456696,0.0708551508151885,1.51,0.0321229050279328,
2381,300681,英搏尔,sz,False,True,-1.8813267469213626,21.26,0.4749916876454662,0.03562649185934661,1.84,-0.35747051114023587,
2382,605277,新亚电子,sh,False,True,-1.8815261722158168,14.51,0.3093389426794939,0.03860661022380252,7.32,-0.32982791586998095,
2383,300590,移为通信,sz,False,True,-1.8816361390343934,10.72,0.3811120850642174,0.02355152248817125,2.75,-0.25493171471927156,
2384,001314,亿道信息,sz,False,True,-1.8818982525520405,52.5,0.28203175677581294,0.014673255936799351,2.03,0.021272069772388935,
2385,300473,德尔股份,sz,False,True,-1.8819476062985638,24.5,0.45285753102074083,0.04138319180281737,2.44,-0.3294117647058824,
2386,001283,豪鹏科技,sz,False,True,-1.8820026598371435,45.25,0.6067961165048544,0.03601345462664852,1.13,-0.2620953073845034,
2387,002376,新北洋,sz,False,True,-1.8820026598371435,6.75,0.6755843804891231,0.016674475879536917,1.44,-0.22193548387096773,
2388,001226,拓山重工,sz,False,True,-1.8822052470061454,47.19,0.21093486331420858,0.006502876547440761,1.41,0.03935501503142924,
2389,300118,东方日升,sz,False,True,-1.8822090013385908,9.65,0.7539772298876574,,-4.35,-0.11489776046738065,
2390,002675,东诚药业,sz,False,True,-1.8822561289203736,12.77,0.4176760504552669,0.019061234214915415,2.13,-0.27501462843768276,
2391,600676,久事动娱,sh,False,True,-1.8822730845015048,6.49,0.7144898542440697,,-1.29,0.09151414309484185,
2392,000908,石药景峰,sz,False,True,-1.8823705706598914,6.42,0.18496938756635778,,0.28,0.4987714987714986,
2393,688567,孚能科技,sh,False,True,-1.8824306855988993,9.52,0.7846829880728186,,-8.05,-0.44744744744744747,
2394,600072,中船科技,sh,False,True,-1.882446616153751,8.63,0.5873025195278088,,-2.6,-0.37992565055762084,
2395,688032,禾迈股份,sh,False,True,-1.8824655265780157,73.89,0.6187353050365053,,-1.1,-0.31195985503206014,
2396,688707,振华新材,sh,False,True,-1.8824675692875639,10.54,0.7110352673492605,,-4.57,-0.3823155216284987,
2397,688778,厦钨新能,sh,False,True,-1.8828356759938494,46.89,0.40188080215408106,0.03849633322426039,5.16,-0.10319410319410327,
2398,920895,花溪科技,bj,False,True,-1.882883617324311,12.3,0.27539863953072075,,0.1563,-0.6421052631578947,24.8879
2399,300043,星辉娱乐,sz,False,True,-1.882896095003985,4.34,0.3311367926090268,0.07426385949277783,2.9,-0.0573951434878589,
2400,300177,中海达,sz,False,True,-1.8830353339552321,6.13,0.27376259307928164,,-3.44,-0.49596412556053815,
2401,301138,华研精机,sz,False,True,-1.8830459505243535,29.0,0.34044871140162736,0.030293575035670685,3.7,-0.37443287963704286,
2402,300298,三诺生物,sz,False,True,-1.883093292340265,15.91,0.33384522935167255,0.015049678990347135,7.18,-0.2806513409961686,
2403,000524,岭南控股,sz,False,True,-1.883202600095975,9.89,0.3489914148111956,0.011517751734861354,1.42,-0.3263946711074105,
2404,300773,拉卡拉,sz,False,True,-1.8832272046941865,15.15,0.28132560625668146,0.09774979961291079,14.44,-0.23735199138858987,
2405,603939,益丰药房,sh,False,True,-1.8832805849717682,23.65,0.4154549231408392,0.0602841796227416,14.43,-0.059585492227979264,
2406,301246,宏源药业,sz,False,True,-1.883313251983524,20.84,0.5528221571120571,0.030531461144135973,3.13,0.1836212412028151,
2407,002470,金正大,sz,False,True,-1.8833741512415898,1.93,0.3361683531112381,0.005870890890079897,0.54,0.05780346820809257,
2408,002984,森麒麟,sz,False,True,-1.8834022330320093,14.11,0.9253261774775609,0.06656371478779488,1.51,-0.2718600953895072,
2409,300040,九洲集团,sz,False,True,-1.8834338051236146,5.99,0.6781040211568455,0.011384127793664961,0.98,-0.16733067729083673,
2410,603103,横店影视,sh,False,True,-1.8834735365224755,14.22,0.1304546344008871,,-5.24,-0.21316425120772942,
2411,300532,今天国际,sz,False,True,-1.8834870467950067,6.8,0.4266393617475148,0.0502008032128514,2.81,-0.25172413793103443,
2412,603659,璞泰来,sh,False,True,-1.88355877072774,24.42,0.40878060744798267,0.05262714718760526,6.78,0.3719055843408172,
2413,000631,顺发恒能,sz,False,True,-1.8838201261709466,2.92,0.8203445447087776,0.006895942978826697,0.13,-0.06930693069306926,
2414,600720,中交设计,sh,False,True,-1.8838992599464182,5.14,1.3559322033898304,0.12146388271447484,0.45,-0.3428201811125485,
2415,300826,测绘股份,sz,False,True,-1.883929835007437,14.88,0.44212574056061543,0.004217058761761904,0.46,-0.18265813788201846,
2416,603786,科博达,sh,False,True,-1.8840136140963182,39.44,0.36216137911053164,0.04932961059205399,2.62,-0.22830079257684122,
2417,600740,山西焦化,sh,False,True,-1.8840759206398434,3.75,1.5847860538827259,0.014070535594937423,0.55,-0.14179104477611926,
2418,600063,皖维高新,sh,False,True,-1.8840784424560197,5.63,0.736105999263894,0.04218234584461711,3.65,0.056201550387597,
2419,000031,大悦城,sz,False,True,-1.8841467342401996,2.12,1.1254924029262803,,-2.16,-0.3245901639344262,
2420,000060,中金岭南,sz,False,True,-1.8842187936317396,6.66,0.6753106428957321,0.034901942991166314,2.52,0.25204918032786905,
2421,600323,瀚蓝环境,sh,False,True,-1.8842948770105663,29.6,0.6300403225806451,0.08833766187876539,3.81,0.13130173062452988,
2422,000532,华金资本,sz,False,True,-1.8843945058056428,11.12,0.429202970084553,0.0467814371257485,3.17,-0.35634451019066415,
2423,300001,特锐德,sz,False,True,-1.8845592007291503,36.26,0.22593764121102575,0.03267162404108783,0.83,0.5781594011448703,
2424,300286,安科瑞,sz,False,True,-1.884619398778744,19.61,0.4684937924572499,0.04133256179217988,2.18,-0.12381809995497528,
2425,300470,中密控股,sz,False,True,-1.884642249173878,28.3,0.5050505050505051,0.06076626257102057,2.24,-0.24019088016967127,
2426,301029,怡合达,sz,False,True,-1.884710287403956,24.69,0.2863442430489935,0.03308256747189636,11.75,-0.013738551207327143,
2427,300035,中科电气,sz,False,True,-1.8848059331739155,13.63,0.5391416864351952,0.042830221003940384,9.45,-0.19079754601227006,
2428,002091,江苏国泰,sz,False,True,-1.8849075363597714,7.7,1.2504689258471928,0.09718361872922701,2.9,0.06714285714285717,
2429,301608,博实结,sz,False,True,-1.8849331019456284,45.42,0.3693307726399764,0.04143205764027859,2.48,-0.20305052430886572,
2430,300691,联合光电,sz,False,True,-1.884944230284898,14.19,0.4309044684793381,0.0076969199235541914,0.56,-0.38880407124681926,
2431,000902,新洋丰,sz,False,True,-1.8849802659635266,13.75,0.7258474268708718,0.09401058559193765,7.63,-0.0576923076923076,
2432,301500,飞南资源,sz,False,True,-1.8850369370934232,23.25,0.41443905673670683,0.05953727628868435,12.0,0.246808510638298,
2433,600968,海油发展,sh,False,True,-1.8850573952058893,4.02,0.7381708127260648,0.09611872585017013,2.11,-0.03807106598984766,
2434,601929,吉视传媒,sh,False,True,-1.8851439260605478,2.26,0.5933309600094933,,-2.14,-0.1962962962962964,
2435,300200,高盟新材,sz,False,True,-1.8852718067801297,8.44,0.44710721631047123,0.021901631014461645,3.22,-0.24806201550387597,
2436,603239,浙江仙通,sh,False,True,-1.8852718067801297,14.1,0.36050326255452614,0.05352258920877556,6.08,-0.16568819308545346,
2437,600481,双良节能,sh,False,True,-1.8854457972235839,4.19,0.5019324398935904,,-8.89,-0.35581787521079256,
2438,300050,世纪鼎利,sz,False,True,-1.8855380703938003,6.57,0.11590037204019425,0.0035862808976030733,1.44,-0.11492281303602059,
2439,605009,豪悦护理,sh,False,True,-1.8855939554070467,24.41,0.64279745452208,0.04523392725479819,4.56,-0.42655224634023214,
2440,601600,中国铝业,sh,False,True,-1.8856958742262775,9.5,0.49482903656786575,0.08999037103029976,6.85,0.2691256830601092,
2441,002847,盐津铺子,sz,False,True,-1.885752634458216,44.15,0.17607183730962234,0.06714699147904678,20.25,-0.3367687617941646,
2442,000930,中粮科技,sz,False,True,-1.885764811297395,4.78,1.172607879924953,,0.36,-0.23679727427597952,
2443,301042,安联锐视,sz,False,True,-1.8859123913061608,32.28,0.34440005510400884,0.010010450910750824,2.54,-0.10418118466898951,
2444,300769,德方纳米,sz,False,True,-1.8859703987871,46.89,0.3971090461440711,,5.08,0.2885085574572126,
2445,002455,百川股份,sz,False,True,-1.8860058519397613,7.22,0.5363368195226602,,2.53,-0.13564213564213556,
2446,600880,博瑞传播,sh,False,True,-1.886069511370727,3.78,0.726427429899753,,0.23,-0.3106796116504855,
2447,688326,经纬恒润,sh,False,True,-1.8861180923427434,62.7,0.5260389268805892,0.005682463916354132,-10.27,-0.3329088400721639,
2448,003019,宸展光电,sz,False,True,-1.8861669237980876,24.77,0.3930972129407603,0.03928794527974982,1.61,-0.23625458180606462,
2449,002517,恺英网络,sz,False,True,-1.8861888236208841,16.55,0.2928429190582172,0.06126062106017631,19.22,-0.23377960865087544,
2450,002819,东方中科,sz,False,True,-1.8862174352566206,21.15,0.6186587478346943,,-1.33,-0.3440193036883833,
2451,603339,四方科技,sh,False,True,-1.8862913475629024,13.81,0.6526137179403511,0.040104431940773774,3.09,-0.12413261372397855,
2452,605337,李子园,sh,False,True,-1.8863064515900965,9.15,0.4568922191255083,0.04657900497929563,3.94,-0.31209150326797386,
2453,688071,华依科技,sh,False,True,-1.886312347966283,32.15,0.3711125955614934,,0.13,-0.27929726492313833,
2454,000968,蓝焰控股,sz,False,True,-1.8863371577539663,7.06,0.9361542782250515,0.04361974054978321,2.31,-0.043055555555555625,
2455,002068,黑猫股份,sz,False,True,-1.8864702249187348,7.75,0.4092155338216638,,-4.08,-0.39241549876339654,
2456,600999,招商证券,sh,False,True,-1.8867041913284366,17.86,0.800384184408516,0.08570963290564228,2.31,0.06389047347404442,
2457,300727,润禾材料,sz,False,True,-1.8867795387779331,26.79,0.28609029009555415,0.02552980732654411,1.98,-0.16756756756756752,
2458,600489,中金黄金,sh,False,True,-1.8868330415481906,27.26,0.24820670654521085,0.04749307788389842,16.27,0.42140921409214105,
2459,300889,爱克股份,sz,False,True,-1.886873939710819,20.78,0.3093485120336571,,-1.28,0.2291361639824303,
2460,002516,旷达科技,sz,False,True,-1.8869733469180037,5.23,0.4981816370248593,0.0253371744489798,1.43,-0.003992015968063756,
2461,002490,山东墨龙,sz,False,True,-1.8870138026537113,8.18,0.07477697766411677,0.0007891922956207009,1.11,0.22981366459627317,
2462,600266,城建发展,sh,False,True,-1.8870415134070453,4.02,2.190100744634253,,0.8,-0.1630434782608695,
2463,001266,宏英智能,sz,False,True,-1.8872363060204016,33.8,0.2815394577550044,0.013993255250969033,3.68,0.03725025397900428,
2464,000626,远大控股,sz,False,True,-1.8872448802242996,8.06,0.5751092707614447,0.012840596830940703,9.16,-0.10694444444444451,
2465,002293,罗莱生活,sz,False,True,-1.8872464335383856,11.83,0.41380451874534474,0.05891988074616137,6.08,0.3729662077596996,
2466,600981,苏豪汇鸿,sh,False,True,-1.8873601043344579,2.41,0.9216589861751152,,0.31,-0.2790697674418604,
2467,600106,重庆路桥,sh,False,True,-1.8873654377823679,4.33,0.9241290084095739,0.01479563528759016,0.5,-0.37577639751552805,
2468,603007,顺景科技,sh,False,True,-1.8874242925682803,4.52,0.05863211280818505,,-2.6,-0.10669456066945615,
2469,002110,三钢闽光,sz,False,True,-1.8874281405706839,2.95,2.703433360367667,,-0.5,-0.3918367346938776,
2470,300294,博雅生物,sz,False,True,-1.8874325954705853,14.43,1.022704029453876,,0.69,-0.45972274260022483,
2471,603291,联合水务,sh,False,True,-1.8874346971041742,9.06,0.47625851312092204,0.027044788874855646,5.59,-0.34129692832764513,
2472,600310,广西能源,sh,False,True,-1.8874509226828509,4.11,0.4509786236132407,,-1.27,0.009685230024213176,
2473,300662,科锐国际,sz,False,True,-1.8875507341989117,19.45,0.6139112284363681,0.0908108500803676,3.91,-0.47614866842259296,
2474,603185,弘元绿能,sh,False,True,-1.8875700478367092,16.53,1.0451505016722409,,1.51,-0.2817354043920729,
2475,603876,鼎胜新材,sh,False,True,-1.887615768771256,23.22,0.35408257205580346,0.02879885726134387,6.82,1.188841201716738,
2476,002349,精华制药,sz,False,True,-1.8876490263656522,6.81,0.49902689754977797,0.03938837727763291,2.33,-0.15775749674054762,
2477,301172,君逸数码,sz,False,True,-1.8876657918606579,16.6,0.39896269698783166,0.007674284929315999,1.08,-0.07535885167464107,
2478,605377,华旺科技,sh,False,True,-1.8877310282384123,8.93,0.7989134776703682,0.05135078232916879,1.64,0.028441410693970326,
2479,002137,实益达,sz,False,True,-1.8878871676062732,7.45,0.3548993860240622,0.013870433506528813,2.1,-0.23603192702394526,
2480,603589,口子窖,sh,False,True,-1.8878986034837626,18.94,0.9472387989012029,0.03456344639036647,3.06,-0.429047907822923,
2481,603315,福鞍股份,sh,False,True,-1.8879516837832107,11.46,0.47359696897939857,0.01124879637878747,1.15,-0.17744360902255651,
2482,688526,科前生物,sh,False,True,-1.8879780590487014,12.97,0.7133176403452458,0.06446289515754731,1.84,-0.24091189155884163,
2483,600575,淮河能源,sh,False,True,-1.8881119353921842,3.3,0.9433962264150942,0.0657704348741154,1.45,-0.03857566765578635,
2484,603861,白云电器,sh,False,True,-1.8881606783892024,11.95,0.6204243702692642,0.031207771983534777,5.13,0.17502558853633587,
2485,688267,中触媒,sh,False,True,-1.8883397781715803,18.45,0.682640453273261,0.03765882609907284,2.8,-0.2716864817261119,
2486,000049,德赛电池,sz,False,True,-1.888526424084253,23.44,0.7576905591756327,0.0443661628149443,3.01,0.028733130169786625,
2487,600203,福日电子,sh,False,True,-1.888620159798196,9.86,0.2940830490530526,0.0021823040023673636,4.85,-0.4141084258654474,
2488,301507,民生健康,sz,False,True,-1.8886832571455452,12.66,0.36440492675460967,0.026332628496643903,3.82,-0.2521227955584586,
2489,600188,兖矿能源,sh,False,True,-1.888777486901661,21.83,0.34908887802834604,0.04360262313380773,3.75,0.510719754977029,
2490,603135,中重科技,sh,False,True,-1.8889305106809562,8.93,0.5216211986855146,,0.63,-0.20134228187919456,
2491,002201,九鼎新材,sz,False,True,-1.8889400155522849,7.98,0.22787348464132715,0.01726540203351905,1.32,-0.05324675324675321,
2492,603558,健盛集团,sh,False,True,-1.8890666623502779,11.91,0.5360780529645116,0.10483059376048307,7.8,0.34623893805309747,
2493,600273,嘉化能源,sh,False,True,-1.8891727051642235,6.54,1.1621150493898895,0.07299856192833001,2.2,-0.2210526315789474,
2494,600428,中远海特,sh,False,True,-1.8891988766223975,11.35,0.5491488193300385,0.059097463536865,2.37,0.6608,
2495,300999,金龙鱼,sz,False,True,-1.8893920790266465,24.78,0.7255840951966332,0.02747856671795999,2.35,-0.14519359145527377,
2496,603368,柳药集团,sh,False,True,-1.889424674171165,15.74,1.256123602562492,0.10503870676344232,9.06,-0.14179954441913434,
2497,600380,健康元,sh,False,True,-1.8894922585308225,9.35,0.9126585744273068,0.07686040613038599,2.66,-0.16180150125104253,
2498,688173,希荻微,sh,False,True,-1.8895733807423938,13.77,0.24932060136129047,,-0.54,-0.1528619528619528,
2499,688385,复旦微电,sh,False,True,-1.889633044506956,52.53,0.1614126838086937,0.020519470925961646,12.16,-0.03570064910271109,
2500,688562,航天软件,sh,False,True,-1.8897950650027022,13.9,0.2998141152485459,,-3.52,-0.3279541905257678,
2501,600980,北矿科技,sh,False,True,-1.889797175306185,19.93,0.3979307600477517,0.0359597107400868,4.45,-0.24075743913435532,
2502,600312,平高电气,sh,False,True,-1.889847224415577,20.18,0.43335066736002775,0.04644876005035046,6.88,0.1836086404066073,
2503,300261,雅本化学,sz,False,True,-1.8898544772169381,4.87,0.3882288997592981,,-3.16,-0.3814303638644918,
2504,002134,天津普林,sz,False,True,-1.8898956849817858,20.74,0.09971779862987745,0.003083672999914274,2.26,-0.060964083175803374,
2505,600059,古越龙山,sh,False,True,-1.8899524196422741,8.04,0.8057368463459833,0.03074331179251954,1.05,-0.20803295571575697,
2506,603997,继峰股份,sh,False,True,-1.8900856881922166,11.39,0.3794922393837046,0.04587450570220106,6.64,-0.0372250423011844,
2507,601918,新集能源,sh,False,True,-1.8901703030576795,10.92,0.6425909266161162,0.08601040725927837,6.7,0.5245641838351822,
2508,600808,马钢股份,sh,False,True,-1.8902456331958073,2.55,1.2256403971074887,,0.18,-0.4033816425120772,
2509,002189,中光学,sz,False,True,-1.890347503374273,18.05,0.08862105636299183,,-14.99,-0.3384135781087634,
2510,600438,通威股份,sh,False,True,-1.8904212206419608,12.12,0.6407381303261357,,-24.57,-0.4727875059157596,
2511,688599,天合光能,sh,False,True,-1.890512504662322,12.64,0.6880418329434429,,-1.3,-0.1856594110115236,
2512,300036,超图软件,sz,False,True,-1.8905365274016108,10.9,0.4911832604744831,0.009008684371734351,-1.59,-0.3694189602446484,
2513,603681,永冠新材,sh,False,True,-1.890550629706347,18.04,0.6978854072161351,0.03211149109708909,4.71,0.004822182037371947,
2514,000759,中百集团,sz,False,True,-1.8905637715851473,5.66,0.19492797411356505,,-13.46,-0.12182061579651948,
2515,002027,分众传媒,sz,False,True,-1.8905922933035513,4.88,0.19850722566301413,0.04837835745800759,22.36,-0.2938718662952645,
2516,688065,凯赛生物,sh,False,True,-1.8906330595696674,44.0,0.559628406737926,0.019686434471734217,2.1,-0.11600496277915628,
2517,688602,康鹏科技,sh,False,True,-1.890654115327761,6.53,0.7925186241876684,,-1.52,-0.3421633554083886,
2518,600571,信雅达,sh,False,True,-1.8906686653498548,10.36,0.23929742276675683,0.0072805479049131315,-7.04,-0.467687074829932,
2519,603613,国联股份,sh,False,True,-1.890725575907796,17.91,0.726427429899753,0.10278759970397172,14.53,-0.2528833831695857,
2520,000880,潍柴重机,sz,False,True,-1.8907659311628016,23.04,0.20193861066235866,0.024675760506938826,2.53,-0.29447236180904535,
2521,300447,全信股份,sz,False,True,-1.8907899362065475,13.22,0.48659432631015526,0.00660712327174173,0.58,-0.2783564814814815,
2522,600588,用友网络,sh,False,True,-1.8908018962957702,10.13,0.19415590719347636,,-13.82,-0.39959839357429716,
2523,000830,鲁西化工,sz,False,True,-1.8908416170632465,11.79,0.8635578583765113,0.041500147325523006,2.26,0.02821576763485467,
2524,600651,飞乐音响,sh,False,True,-1.8909794350121398,5.66,0.17779042065213527,0.0042390789668347185,0.25,-0.24663677130044848,
2525,688159,有方科技,sh,False,True,-1.891123346897825,31.7,0.31821797931583135,0.012762264536219307,3.05,-0.4640487717410795,
2526,301186,超达装备,sz,False,True,-1.891183612550858,33.56,0.419797657529071,0.0320737953884297,0.98,0.011076923076922984,
2527,002263,大东南,sz,False,True,-1.891222285818319,2.96,0.49962528103922055,0.0032597998548085146,0.16,-0.21203438395415475,
2528,002443,金洲管道,sz,False,True,-1.8913452204111834,9.4,0.6975933031042902,0.03385675882476419,2.51,0.16220238095238093,
2529,603799,华友钴业,sh,False,True,-1.8913895903479085,40.2,0.6683151774376797,0.09073669119581886,6.89,-0.0948653004835367,
2530,688556,高测股份,sh,False,True,-1.8914397592170231,7.98,0.5873715124816447,,-1.29,-0.38060897435897434,
2531,002594,比亚迪,sz,False,True,-1.8914689702188885,90.66,0.28057574142139674,0.03332900056326011,1.63,-0.11580065675101414,
2532,000600,建投能源,sz,False,True,-1.8916033050520404,7.92,0.873743993010048,0.14243391066545122,4.45,0.19860139860139858,
2533,600875,东方电气,sh,False,True,-1.891635136099579,25.43,0.5330774561543793,0.04847215759267876,3.38,0.31112250128139407,
2534,301078,孩子王,sz,False,True,-1.8916483214256241,6.92,0.4919323101141283,0.0360257800482025,3.89,-0.4619047619047618,
2535,300629,新劲刚,sz,False,True,-1.8917484691628403,16.6,0.42504356696561396,0.026555840293176477,0.6,-0.3028906577293674,
2536,002472,双环传动,sz,False,True,-1.8918142981906272,35.23,0.34413930759171313,0.042397133953744726,12.59,0.019020172910662714,
2537,600993,马应龙,sh,False,True,-1.8918277404324362,22.73,0.46869141357330335,0.060268919920686094,13.28,-0.17004795278495022,
2538,920132,泰鹏智能,bj,False,True,-1.8918857603123098,8.25,0.3052409877598364,0.01918689765133186,5.5479,-0.5725993258543071,21.9861
2539,000983,山西焦煤,sz,False,True,-1.8919266348080475,7.44,0.8763473841030585,0.03143201098863104,2.18,-0.12150837988826813,
2540,002358,森源电气,sz,False,True,-1.8919900300620174,5.32,0.6779661016949152,0.019913971642504382,1.59,0.030245746691871522,
2541,002983,芯瑞达,sz,False,True,-1.8920342022556746,19.12,0.3178538507994024,0.025792473756157952,3.76,-0.18459370596524194,
2542,000923,河钢资源,sz,False,True,-1.8921127756806793,15.71,0.9794319294809012,0.045250302045766154,5.43,0.003665689149560114,
2543,301073,君亭酒店,sz,False,True,-1.8922373290874601,17.69,0.25748641759147206,0.007834031345526219,0.76,-0.2957110609480812,
2544,300789,唐源电气,sz,False,True,-1.892248951281352,17.04,0.4326569463072729,0.013525302459576252,1.35,-0.5186721991701244,
2545,002959,小熊电器,sz,False,True,-1.8922689555186345,32.53,0.5715265474081271,0.06074153263035133,4.06,-0.3280033662949716,
2546,002659,凯文教育,sz,False,True,-1.8923007897119373,4.41,0.813206473123526,,0.01,-0.2737642585551331,
2547,605100,华丰股份,sh,False,True,-1.892313204828047,33.76,0.22329403358342267,0.0029786656054674003,0.72,1.0543175487465182,
2548,002099,海翔药业,sz,False,True,-1.8924155108318084,5.05,0.6044487427466151,,-1.81,-0.16721854304635753,
2549,002423,中粮资本,sz,False,True,-1.8924249774924742,9.3,1.077702338614075,0.05610664751559765,3.97,-0.2631140716069942,
2550,600100,同方股份,sh,False,True,-1.8925549083105309,6.6,0.7171543316121629,0.01499173955150712,3.07,-0.08490566037735847,
2551,605369,拱东医疗,sh,False,True,-1.892571909857097,16.97,0.46048996131884323,0.015036463423802722,3.05,-0.2687861271676302,
2552,002266,浙富控股,sz,False,True,-1.8926156417546462,4.86,0.498603909054647,0.05713404217634993,4.76,0.22437673130193914,
2553,002546,新联电子,sz,False,True,-1.8926732077831618,7.82,0.6359300476947536,0.12929418305470436,10.92,0.36515912897822456,
2554,002392,北京利尔,sz,False,True,-1.8927299801543438,7.67,0.6522306287503261,0.0443437348954153,2.19,0.0014858841010401136,
2555,002556,辉隆股份,sz,False,True,-1.8928709935461896,5.11,0.7591285204585136,0.040887754935152024,3.1,-0.18706293706293697,
2556,000862,银星能源,sz,False,True,-1.892936232626662,5.15,0.9308386856557759,,2.48,-0.021126760563380254,
2557,301046,能辉科技,sz,False,True,-1.8930300807516802,22.92,0.3033152355242804,,0.6,-0.178468899521531,
2558,600654,中安科,sh,False,True,-1.893034901470828,2.87,0.2063813101085566,0.008908416137061328,1.68,-0.16216216216216217,
2559,000885,城发环境,sz,False,True,-1.8931628979428585,12.1,1.2621481761958855,0.15674226868759697,5.82,-0.10443490701001434,
2560,603726,朗迪集团,sh,False,True,-1.8931641415273364,23.19,0.34764470710933426,0.052836529062732805,5.84,0.40370578326782725,
2561,300073,当升科技,sz,False,True,-1.893242993236241,41.67,0.6598046978094484,0.03520804433396942,1.85,-0.03736050460941287,
2562,605056,咸亨国际,sh,False,True,-1.8932891322603098,13.74,0.32664793885150584,0.046936457423939475,1.41,-0.14877717391304357,
2563,601995,XD中金公,sh,False,True,-1.8933143788766598,33.62,0.6326311127981274,0.06978756664712615,2.7,,
2564,002962,五方光电,sz,False,True,-1.8934274350373463,12.44,0.48405053487584104,0.006706606745370933,0.84,-0.24754420432220037,
2565,603393,新天然气,sh,False,True,-1.893515183354521,24.18,0.9450902561194594,0.055700376534545376,3.98,-0.15047233468286103,
2566,002506,协鑫集成,sz,False,True,-1.8935258084104478,2.78,0.057889465853898564,,-103.26,-0.07031250000000011,
2567,605338,巴比食品,sh,False,True,-1.893538917478521,18.8,0.48506014745828485,0.06128953174797745,6.16,-0.08110882956878862,
2568,301175,中科环保,sz,False,True,-1.89368798433024,5.44,0.47438330170777987,0.04871798619332272,2.26,-0.05185185185185193,
2569,603348,文灿股份,sh,False,True,-1.8937086069051239,14.18,0.8578536501672815,,-5.64,-0.3882240306366683,
2570,002532,天山铝业,sz,False,True,-1.8937153368160944,12.7,0.5462093074065982,0.11756545456683008,13.01,0.33698030634573306,
2571,600352,浙江龙盛,sh,False,True,-1.893744724455585,12.94,0.7872775940796725,0.04680092291419986,1.62,0.22799999999999998,
2572,600295,鄂尔多斯,sh,False,True,-1.8938062549870887,13.04,0.6159152500615915,0.0701232767204746,2.92,0.26551373346897256,
2573,688278,特宝生物,sh,False,True,-1.8938623092399494,59.47,0.12785925253480968,0.04448477730920479,15.35,-0.2993100166547704,
2574,600285,羚锐制药,sh,False,True,-1.8938995513205348,19.58,0.2910276185209976,0.07026271228121948,15.32,-0.0013673655423883657,
2575,301002,崧盛股份,sz,False,True,-1.8939085194650507,27.58,0.30077901765572834,0.009300664439467556,3.38,0.15174443043295494,
2576,300399,天利科技,sz,False,True,-1.89402398936222,18.24,0.14063510814839816,0.0003585968649740799,2.55,-0.5320731329408119,
2577,600819,耀皮玻璃,sh,False,True,-1.894025940407936,5.42,0.7317965605561654,0.022128104019791376,0.62,-0.2182985553772071,
2578,301558,三态股份,sz,False,True,-1.8940384606056295,6.49,0.270175343798125,0.009547815459822792,3.55,-0.34796573875802994,
2579,002956,西麦食品,sz,False,True,-1.8940441983742742,16.7,0.31525851197982346,0.04568191681322949,9.01,0.00512820512820511,
2580,688155,先惠技术,sh,False,True,-1.8941435880215616,60.0,0.3212954633080581,0.05836110349174482,6.25,0.03238487457880934,
2581,603871,嘉友国际,sh,False,True,-1.8942300643649486,12.68,0.3626341746446185,0.06958119081249957,11.68,0.10186005314437563,
2582,002238,天威视讯,sz,False,True,-1.8943744397026017,6.38,0.3809668939769134,,-1.1,-0.37528604118993136,
2583,688779,五矿新能,sh,False,True,-1.894378607079641,8.15,0.4652894100130281,0.040226394146255125,5.0,0.23415492957746475,
2584,002997,瑞鹄模具,sz,False,True,-1.8944841587834869,28.32,0.447127207690588,0.06845142344735058,9.09,-0.36174530695078644,
2585,003006,百亚股份,sz,False,True,-1.8944841587834869,13.35,0.25090325170614214,0.034679114156707984,12.44,-0.4894595630509774,
2586,301656,联合动力,sz,False,True,-1.8944976218944702,16.43,0.2441585077032009,0.021613536990487882,11.81,,
2587,000582,北部湾港,sz,False,True,-1.894501581873456,10.42,0.7835762419683435,0.040606333775942374,2.71,0.43803680981595083,
2588,000037,深南电A,sz,False,True,-1.8945066783020328,9.29,0.3017865765330758,0.03310359438827868,0.71,-0.03548387096774197,
2589,300833,浩洋股份,sz,False,True,-1.8946497799022817,36.44,0.5394907207596029,0.034793742693314034,7.01,-0.08677098150782359,
2590,002066,瑞泰科技,sz,False,True,-1.8947058289302356,21.67,0.12222548156839738,,-0.51,0.5898653998416465,
2591,301595,太力科技,sz,False,True,-1.8947140792587556,38.54,0.219264586576622,0.01268990441963991,1.2,-0.13261648745519716,
2592,300145,南方泵业,sz,False,True,-1.8950245313992704,4.24,0.36548371770037646,0.030763362066313502,2.72,-0.07499999999999996,
2593,002961,瑞达期货,sz,False,True,-1.8950544715676432,18.51,0.46541934282788794,0.07583801001061732,4.96,-0.1334613538166105,
2594,002866,传艺科技,sz,False,True,-1.8951150232260499,14.76,0.4908457271879448,0.015267245498834344,1.03,-0.25891387822270984,
2595,688558,国盛智科,sh,False,True,-1.8951312721692912,31.15,0.42724087840724606,0.039804955716986765,2.34,-0.12949389179755666,
2596,600739,辽宁成大,sh,False,True,-1.8951399958339616,10.64,1.8198362147406735,0.05804167392187591,1.87,-0.11072961373390566,
2597,600855,航天长峰,sh,False,True,-1.8952172220060484,11.79,0.25310688703839634,,-2.67,-0.30591102985984153,
2598,000975,山金国际,sz,False,True,-1.8952416198445778,29.26,0.19624774315095375,0.04674819551965294,15.18,0.17204301075268802,
2599,603216,梦天家居,sh,False,True,-1.8953030381842066,20.55,0.39519443566234586,0.013970812179195225,3.6,0.41876430205949666,
2600,000807,云铝股份,sz,False,True,-1.895326035799924,26.29,0.3910374222813123,0.09520635978483362,10.1,0.5487804878048781,
2601,300252,金信诺,sz,False,True,-1.8955030468201863,11.43,0.2815632391035026,0.004127684129797504,0.66,-0.13911620294599025,
2602,001287,中电港,sz,False,True,-1.895535304510915,22.25,0.3439144340887987,0.03645497264054303,8.82,0.09453471196454966,
2603,002810,山东赫达,sz,False,True,-1.8955505664766032,21.66,0.3017592564651921,0.03204727614176433,9.06,0.4500756429652042,
2604,603866,桃李面包,sh,False,True,-1.8956064811349096,4.17,0.7885191610156127,0.03772460285424345,0.99,-0.2542372881355932,
2605,002757,南兴股份,sz,False,True,-1.8956193084474857,15.71,0.4435179846542777,0.0259061988352573,2.11,-0.24259166248116526,
2606,000567,海德股份,sz,False,True,-1.8956444629963392,5.87,0.5250170630545492,0.061682323696498294,6.87,-0.16717791411042948,
2607,688621,阳光诺和,sh,False,True,-1.8956901250662908,65.0,0.17222968550859427,0.02677469363056813,16.75,-0.12446488029173941,
2608,301590,优优绿能,sz,False,True,-1.8956950077224581,71.6,0.4597067071208569,0.009769221676339824,-0.24,-0.35517368130858296,
2609,002057,中钢天源,sz,False,True,-1.8957024692798454,8.73,0.5047445992327881,0.03027734043841589,5.11,-0.24278606965174132,
2610,601601,中国太保,sh,False,True,-1.8957173633718216,31.03,1.070663811563169,0.1806227873708547,3.14,-0.10075992119335775,
2611,603098,森特股份,sh,False,True,-1.8957791625401148,10.13,0.5228758169934641,0.01656021210319662,2.17,-0.09961685823754785,
2612,000848,承德露露,sz,False,True,-1.8958032417801143,8.43,0.3750515695908187,0.07752358655120821,9.24,-0.03140096618357491,
2613,600717,天津港,sh,False,True,-1.8958527874038824,4.3,1.6433853738701725,0.09277900967685071,3.31,-0.08242950108459868,
2614,000876,新 希 望,sz,False,True,-1.896256301418319,6.86,0.6098304671301379,,-4.11,-0.31218014329580346,
2615,688775,影石创新,sh,False,True,-1.896336229306358,116.63,0.12403408456643886,0.01790023127098802,16.01,-0.2815101418689179,
2616,605183,确成股份,sh,False,True,-1.8964533324587816,14.42,0.6324710644488015,0.07320965781805935,4.77,-0.3177476118652589,
2617,600178,东安动力,sh,False,True,-1.8964631087772927,9.23,0.5897965202005309,,-0.78,-0.35897435897435903,
2618,002575,群兴玩具,sz,False,True,-1.8965136735297687,4.86,0.26665955574518013,,-6.08,-0.4235145385587864,
2619,000950,重药控股,sz,False,True,-1.8965308890012211,5.41,1.2634238787113077,0.04664396660291991,3.35,-0.013358778625954248,
2620,605188,国光连锁,sh,False,True,-1.896711778405544,12.18,0.19795316428133103,0.0033092770950371437,1.3,-0.0018214936247722413,
2621,301130,西点药业,sz,False,True,-1.8968192120784761,33.09,0.34856565234061837,0.009003841939355522,2.42,-0.3559420289855073,
2622,002232,启明信息,sz,False,True,-1.8968737539756337,13.98,0.2485151221451825,0.005911957939966433,1.09,-0.2778693025809995,
2623,000683,博源化工,sz,False,True,-1.8969476886900307,6.14,0.5405405405405405,0.04527919149475667,6.76,0.09818181818181815,
2624,300770,新媒股份,sz,False,True,-1.8970876870417772,33.29,0.4895481470602634,0.08474648090238053,3.86,-0.14050235478806905,
2625,603071,物产环能,sh,False,True,-1.8972184466585755,12.62,0.8435970980259828,0.09909035058166037,6.09,-0.10534351145038157,
2626,301260,格力博,sz,False,True,-1.8972808983098175,13.27,0.6726306585054147,,-8.37,-0.4371812702828002,
2627,000528,柳    工,sz,False,True,-1.8973074518991353,8.05,1.1598237067965669,0.0949784873726101,8.66,-0.23992837958818258,
2628,603267,鸿远电子,sh,False,True,-1.8974746958157915,46.8,0.41776329531687345,0.026447330142022163,2.13,-0.1997154543837809,
2629,002765,蓝黛科技,sz,False,True,-1.8975049038833167,6.89,0.5923117929277972,0.03376006049802841,0.72,-0.5111111111111111,
2630,300783,三只松鼠,sz,False,True,-1.897535987713679,16.78,0.4770309593092592,0.028138497685608565,8.5,-0.3744113029827316,
2631,000905,厦门港务,sz,False,True,-1.8978496782321468,8.54,0.6961849067112226,0.015578629236413488,1.86,0.0012077294685990392,
2632,603665,康隆达,sh,False,True,-1.8979800475908795,20.53,0.20182856681534705,,2.41,-0.1893222264293828,
2633,001378,德冠新材,sz,False,True,-1.8979960026922078,20.05,0.5396071659831643,0.030591143252205622,3.25,-0.10663641520136125,
2634,600801,华新建材,sh,False,True,-1.8981552669605122,23.59,0.6701065469409636,0.06625851421907715,1.92,0.3366960907944514,
2635,601933,永辉超市,sh,False,True,-1.898253206173547,3.0,0.08097624966597297,,11.68,-0.36518046709129504,
2636,603015,弘讯科技,sh,False,True,-1.8983109112658811,10.54,0.3250341285835013,0.00934542756265642,1.81,-0.27586206896551735,
2637,002249,大洋电机,sz,False,True,-1.8983422108930548,6.94,0.5926628341136727,0.06408818534303201,2.95,0.007418397626112627,
2638,000404,长虹华意,sz,False,True,-1.8983558577203181,7.05,0.8745080891998251,0.0994708152628019,5.84,0.019746121297602448,
2639,002064,华峰化学,sz,False,True,-1.8984137328004824,11.39,0.5091390458734281,0.05054615116331967,6.89,0.3882352941176468,
2640,603227,雪峰科技,sh,False,True,-1.8984962061409916,7.65,0.6432936635574139,0.06420710644254106,4.81,-0.21177802944507362,
2641,688475,萤石网络,sh,False,True,-1.8985060886482048,29.08,0.2569769234722722,0.029420763998399508,6.96,-0.1614161416141614,
2642,300384,三联虹普,sz,False,True,-1.8985262220602857,12.15,0.7325470661490001,0.048707308044499,1.6,-0.42702423929860756,
2643,600686,金龙汽车,sh,False,True,-1.8985429350570278,10.72,0.47279088459174506,0.07435773506338997,4.13,-0.1271820448877805,
2644,000409,云鼎科技,sz,False,True,-1.89863362078979,8.53,0.28401829077792606,0.01223033637094121,1.2,-0.35082223962411907,
2645,002369,卓翼科技,sz,False,True,-1.898766720286058,5.85,0.056390447458200585,,-11.07,-0.44013303769401335,
2646,603701,德宏股份,sh,False,True,-1.8988066601340696,19.17,0.16066579907135167,0.002762788117358819,1.52,-0.094836670179136,
2647,688561,奇安信,sh,False,True,-1.8990051801171748,24.63,0.4201857220891634,,-17.28,-0.3152639087018544,
2648,300428,立中集团,sz,False,True,-1.8991509040002454,18.36,0.7216569242981887,0.07329605007586142,2.19,-0.00931506849315078,
2649,001230,劲旅环境,sz,False,True,-1.899150934490649,23.41,0.4593899301727306,0.03932038644075794,8.57,-0.02701115678214916,
2650,600073,光明肉业,sh,False,True,-1.8991940811671493,5.29,0.9458948164964057,,1.06,-0.3702290076335878,
2651,301087,可孚医疗,sz,False,True,-1.8992033795042507,47.42,0.4230118443316413,0.03461621007885572,2.26,0.4846642718983145,
2652,300111,向日葵,sz,False,True,-1.8992988335405068,2.91,0.1807141824490386,,-0.77,-0.24566473988439308,
2653,603776,永安行,sh,False,True,-1.8995084886182976,20.62,0.5913310862752055,,-0.15,-0.19234154929577452,
2654,300232,洲明科技,sz,False,True,-1.899586778953174,5.29,0.8018603159329644,,0.7,-0.34794520547945207,
2655,001256,炜冈科技,sz,False,True,-1.899617001863035,22.4,0.41057644933486614,0.04522124494087323,10.45,-0.045762711864406835,
2656,002254,泰和新材,sz,False,True,-1.899655338071481,12.13,0.6849784231796698,0.004529486048277074,0.22,0.009049773755656076,
2657,605218,伟时电子,sh,False,True,-1.8996739453347204,14.27,0.5119017148707448,,-1.44,-0.46866725507502216,
2658,000810,创维数字,sz,False,True,-1.8997224475625099,9.33,0.6139112284363681,0.023987660747311585,1.26,-0.2088772845953003,
2659,300034,钢研高纳,sz,False,True,-1.8997492763606727,15.53,0.31145856043853365,0.008062494003520085,1.75,-0.16002245929253223,
2660,000690,宝新能源,sz,False,True,-1.8998244561028177,5.0,1.1938872970391594,0.10098867916906513,4.87,0.06444444444444453,
2661,002960,青鸟智控,sz,False,True,-1.8998300824104564,8.38,0.7034327518289252,0.0339438704158803,2.23,-0.14269141531322505,
2662,002086,东方海洋,sz,False,True,-1.8999736406499517,2.01,0.322061191626409,,-11.94,-0.4035087719298246,
2663,601022,宁波远洋,sh,False,True,-1.90004630255671,8.45,0.5677946854417443,0.05594123932221594,2.22,-0.14514407684098185,
2664,000697,炼石航空,sz,False,True,-1.9000550474867473,8.34,0.2793920429146178,,-1.56,0.052493438320209806,
2665,002151,北斗星通,sz,False,True,-1.9000550474867473,27.72,0.3213264355258507,,0.28,-0.11935905820797899,
2666,605028,世茂能源,sh,False,True,-1.900071880571024,24.1,0.356493529642437,0.03681437822355899,0.22,0.40133951571354975,
2667,300436,广生堂,sz,False,True,-1.9000854307181587,89.66,0.017619282542814856,,-10.3,-0.2739276703111859,
2668,002801,微光股份,sz,False,True,-1.9001009502900719,26.42,0.33225902913911687,0.06416590737009611,9.79,-0.25401376146789,
2669,601890,亚星锚链,sh,False,True,-1.9001009502900719,8.44,0.4808154630252909,0.04314026626172337,8.33,-0.23870967741935478,
2670,302132,中航成飞,sz,False,True,-1.9001234444513333,56.7,0.13789489650988018,0.021309421321354598,3.39,-0.3402440469138728,
2671,300098,高新兴,sz,False,True,-1.9001829658927532,4.38,0.34783818567602354,,0.87,-0.17254901960784308,
2672,003039,顺控发展,sz,False,True,-1.9001896641568086,11.86,0.40594300560201346,0.043215585268671294,2.19,-0.1866376180101671,
2673,002526,山东矿机,sz,False,True,-1.9002126949599842,2.63,0.6878052135635189,0.006488501078388879,0.19,-0.36868686868686873,
2674,600662,外服控股,sh,False,True,-1.9002282187051875,4.16,0.5517545795630103,0.07015771454229107,7.6,-0.2767857142857143,
2675,002230,科大讯飞,sz,False,True,-1.9002604998573218,38.93,0.24424199496861493,0.009351405235664764,-0.89,-0.19185200581999573,
2676,600684,珠江股份,sh,False,True,-1.9002868167711267,3.46,0.3292614665305719,0.016205643129050398,-0.52,-0.29670329670329665,
2677,600626,申达股份,sh,False,True,-1.9003362421544492,3.52,0.6899406651028012,0.009555533896345392,0.12,-0.29646017699115035,
2678,300441,鲍斯股份,sz,False,True,-1.90040649654793,6.71,0.583056381552096,0.03865705394591878,7.74,-0.24695863746958635,
2679,002439,启明星辰,sz,False,True,-1.9004597110449957,13.21,0.6793478260869565,,0.28,-0.18220858895705527,
2680,300450,先导智能,sz,False,True,-1.9004619565030894,33.84,0.31540766440624507,0.028309925743064773,2.27,0.24980483996877445,
2681,002226,江南化工,sz,False,True,-1.9004626033683725,5.05,0.7251631617113851,0.05499612277334448,1.39,-0.2708661417322834,
2682,301305,朗坤科技,sz,False,True,-1.9005576324865172,24.02,0.6787483879725785,0.05340026166128214,4.86,0.0902887139107611,
2683,603192,汇得科技,sh,False,True,-1.900567272148053,19.7,0.6669334400426837,0.02342052012291089,5.07,-0.10755048287971913,
2684,001317,三羊马,sz,False,True,-1.9006709149405956,47.97,0.24802817600079372,0.0016424344623482575,0.22,-0.029066171923314732,
2685,002241,歌尔股份,sz,False,True,-1.9007500683804242,23.48,0.4556639023056594,0.04782926864265319,3.86,0.0035413899955734074,
2686,601233,桐昆股份,sh,False,True,-1.9007937075623815,24.5,0.6900835001035125,0.05695896106855011,5.3,0.722086389568052,
2687,002368,太极股份,sz,False,True,-1.9009397577474965,13.42,0.4446222933617892,,-9.49,-0.4829635499207606,
2688,603366,日出东方,sh,False,True,-1.9009428392890886,7.32,0.726427429899753,0.028570938783906562,0.85,-0.3378378378378377,
2689,300827,上能电气,sz,False,True,-1.9009973600721672,26.04,0.29673590504451036,0.032614615913975686,11.01,0.008392782207301774,
2690,688085,三友医疗,sh,False,True,-1.9010527825992432,13.05,0.44290902648595976,0.011977152384112068,3.0,-0.34726867335562983,
2691,300596,利安隆,sz,False,True,-1.9010916737453727,42.62,0.5095022163346411,0.05646910010842067,5.96,0.16620327463700968,
2692,002466,天齐锂业,sz,False,True,-1.901091947864256,49.1,0.5510552708436657,0.02656388215199322,4.04,0.07469997550820495,
2693,600507,方大特钢,sh,False,True,-1.901108295357573,4.2,1.0565240359218173,0.08232824270365949,1.05,-0.27427597955706995,
2694,688566,吉贝尔,sh,False,True,-1.9011232435447734,25.41,0.485601903559462,0.04972032318210068,1.69,-0.2581888246628131,
2695,603268,松发股份,sh,False,True,-1.9011638237779456,180.93,0.0572134749176126,0.018956231956036705,10.37,2.0489272107479453,
2696,000875,电投绿能,sz,False,True,-1.9011851603768295,5.04,0.9613535858488752,0.009072985819830463,1.56,-0.03065134099616862,
2697,000758,中色股份,sz,False,True,-1.9012453971999883,6.14,0.5102561485865905,0.0399241441261603,7.95,-0.07413509060955525,
2698,603150,万朗磁塑,sh,False,True,-1.9012712998813712,52.88,0.38504485772592506,0.022256843979523704,1.54,0.1767578125,
2699,688623,双元科技,sh,False,True,-1.9012965167425844,57.72,0.42868778668495733,0.01412116239760392,2.06,0.230438344940598,
2700,603043,广州酒家,sh,False,True,-1.901322176075019,13.46,0.5228211428870183,0.06413833355781749,1.32,-0.17159383033419018,
2701,301510,固高科技,sz,False,True,-1.9013871654494094,25.65,0.13988753042553786,0.007444408876713144,4.4,-0.2433795712484237,
2702,605186,健麾信息,sh,False,True,-1.901438068635704,25.6,0.3177730464901967,0.008837700925130533,0.31,-0.006244424620874267,
2703,600835,上海机电,sh,False,True,-1.9016067930208338,17.44,0.8057368463459833,0.03969388079133721,2.79,-0.32559938128383603,
2704,002351,漫步者,sz,False,True,-1.9017960406224483,9.91,0.3401823377330249,0.050172593722405075,7.04,-0.2515384615384615,
2705,300507,苏奥传感,sz,False,True,-1.9019054442591012,6.3,0.4247005860868088,0.018765000272092505,1.52,-0.2645962732919256,
2706,003026,中晶科技,sz,False,True,-1.9019540224304043,29.24,0.1240802551090045,0.009080796385843038,2.03,0.1150696150696151,
2707,300952,恒辉安防,sz,False,True,-1.902085228792272,15.97,0.43965706748735983,0.021069886707219175,0.39,-0.22570694087403598,
2708,600660,福耀玻璃,sh,False,True,-1.9020891012693468,56.49,0.2589399000491986,0.05750662763883538,10.4,0.03707153502235472,
2709,600508,上海能源,sh,False,False,-1.9022053957091443,9.88,1.284191601386927,0.029861710419049385,2.21,-0.030267753201396963,
2710,002642,荣联科技,sz,False,True,-1.902207972370854,7.0,0.25658131061733463,0.004306873339161969,0.07,-0.19874999999999998,
2711,600728,佳都科技,sh,False,True,-1.9022090737977486,4.51,0.8212203334154554,0.006839711364180431,0.16,-0.23867595818815335,
2712,300415,伊之密,sz,False,True,-1.9022379398978257,19.51,0.37119524870081666,0.07781253404298365,3.98,-0.07593735168486004,
2713,600305,恒顺醋业,sh,False,True,-1.90239769399839,6.7,0.45112103577389817,0.020784144192078746,3.62,-0.14580645161290318,
2714,600223,福瑞达,sh,False,True,-1.9024905951343083,5.55,0.7559150351500492,0.02994298854980118,0.75,-0.37410071942446044,
2715,601069,西部黄金,sh,False,True,-1.902493021354202,34.08,0.1693164694129798,0.03126651262698112,9.94,0.1082677165354331,
2716,601086,国芳集团,sh,False,True,-1.9025102999537211,7.44,0.328893274132544,0.019514403581283344,2.55,-0.3569377990430622,
2717,688187,时代电气,sh,False,True,-1.9026131221159,47.62,0.6692096633875393,0.06529034616941538,4.04,0.04469273743016755,
2718,300804,广康生化,sz,False,True,-1.9026516903776303,42.57,0.43391477913737736,0.007310171299244055,-0.04,-0.13743736578382248,
2719,000888,峨眉山Ａ,sz,False,True,-1.9026573743913977,9.78,0.5287648054145516,0.04275733502082282,8.25,-0.3301610541727672,
2720,601360,三六零,sh,False,True,-1.902698182400795,8.57,0.4709428275407365,0.01267762943542713,0.76,-0.18942307692307703,
2721,000786,北新建材,sz,False,True,-1.9026990560999562,17.09,0.940203083866115,0.08085904651012354,5.03,-0.25402434236356497,
2722,300858,科拓生物,sz,False,True,-1.9029369351231058,14.55,0.4674207721791156,0.02045232358848289,1.4,-0.3167278447823807,
2723,601399,国机重装,sh,False,True,-1.9029653099780142,3.09,0.6674676278200508,0.021511667928684516,0.85,-0.08284023668639051,
2724,002537,海联金汇,sz,False,True,-1.9030098815485763,5.86,0.6380806533945891,0.04386349679796474,1.18,-0.4307196562835661,
2725,300012,华测检测,sz,False,True,-1.9030340557694922,15.16,0.3172890820826855,0.04362012108945614,6.96,0.1139767054908487,
2726,601969,海南矿业,sh,False,True,-1.903040536174579,9.37,0.3758550702848981,0.02534648647004552,2.87,0.041871921182266236,
2727,002469,三维化学,sz,False,True,-1.9030679171817408,6.78,0.5817674093897259,0.023101463939769862,1.39,-0.3557692307692307,
2728,002563,森马服饰,sz,False,True,-1.9030890721451197,5.83,0.7298204641658151,0.06663779029087395,4.18,0.055343511450381744,
2729,600256,广汇能源,sh,False,True,-1.9030890721451197,6.16,0.6346385733324871,0.044958570677121036,5.12,-0.0073260073260073,
2730,002170,芭田股份,sz,False,True,-1.9031076650119085,11.12,0.37523452157598497,0.0940043994058922,6.76,0.12255406797116364,
2731,000516,国际医学,sz,False,True,-1.9031996466912653,4.09,0.3552271677737913,,-2.01,-0.24581005586592186,
2732,301280,珠城科技,sz,False,True,-1.9032318552290026,44.22,0.2334103587517214,0.024970721828655902,2.85,0.13977832512315302,
2733,000813,德展健康,sz,False,True,-1.9032650922102248,3.17,0.6921373200442967,,-7.45,-0.23866348448687358,
2734,300047,天源迪科,sz,False,True,-1.9033052603345504,8.92,0.5823433496389471,0.005049074479402554,0.99,-0.44812768569674644,
2735,002728,特一药业,sz,False,True,-1.9033333953923646,8.6,0.4031282754172378,0.01693795626619692,1.75,-0.07330415754923414,
2736,605222,起帆电缆,sh,False,True,-1.903547826042787,19.31,0.5903187721369539,0.024601335360483364,1.97,0.11460957178841302,
2737,300885,海昌新材,sz,False,True,-1.9035973022777528,20.0,0.18431820695248277,0.012430204402281191,2.63,-0.3694463431305537,
2738,000572,海马汽车,sz,False,True,-1.9036334060993183,3.75,0.25544089097782774,,-2.02,-0.2703862660944206,
2739,002978,安宁股份,sz,False,True,-1.903636347796263,26.02,0.7145409074669525,0.052323969086999066,8.35,-0.13152542372881348,
2740,002452,长高电气,sz,False,True,-1.9037405067331432,11.16,0.4006731308598445,0.05283960010990637,2.02,0.453061224489796,
2741,002124,天邦食品,sz,False,True,-1.9037531131239502,2.24,0.3332666799973339,,-55.34,-0.303921568627451,
2742,002950,奥美医疗,sz,False,True,-1.903908261104427,9.14,0.6388143605468252,0.046878149625677976,6.92,-0.10878661087866115,
2743,002557,洽洽食品,sz,False,True,-1.9039300395144176,18.65,0.5781349366942244,0.043401647526540105,3.04,-0.14305364511691876,
2744,300792,壹网壹创,sz,False,True,-1.9039331992048938,22.69,0.550812448361333,0.020946312506414808,1.06,-0.16065830721003127,
2745,002468,申通快递,sz,False,True,-1.9039343837198195,14.1,0.5278994879374966,0.07371967356928544,12.53,-0.23447475333720258,
2746,301381,赛维时代,sz,False,True,-1.9039705745732372,23.54,0.2926286834635531,0.02910589598134894,1.52,0.11100049776007959,
2747,300932,三友联众,sz,False,True,-1.903981449270037,10.53,0.37700282752120645,0.016378701791338615,0.85,0.002309468822170757,
2748,300274,阳光电源,sz,False,True,-1.903983319338802,111.5,0.2105041574571098,0.051592931768347734,4.71,0.40562647168174504,
2749,002334,英威腾,sz,False,True,-1.9043483628637008,6.5,0.5735589331803843,0.02686446073624741,-0.99,-0.29316338354577065,
2750,600237,铜峰电子,sh,False,True,-1.9044392819365998,8.09,0.38812342324859306,0.022267945737469826,2.63,0.003947368421052699,
2751,600184,光电股份,sh,False,True,-1.90450032203763,17.28,0.3394433129667345,0.005088962701465672,1.5,-0.26140350877192986,
2752,300791,仙乐健康,sz,False,True,-1.9046073181151344,16.98,0.5324813631522897,0.02250736553537145,1.69,-0.3198433420365535,
2753,600550,保变电气,sh,False,True,-1.9046370078512904,10.91,0.04881477720935681,0.012707400663072167,13.63,0.30011454753722777,
2754,002044,美年健康,sz,False,True,-1.904676906141789,4.61,0.4373879193456676,0.01693715300007791,-3.23,-0.17082533589251436,
2755,002531,天顺风能,sz,False,True,-1.9046896210653472,6.04,0.7987858455148175,,0.48,-0.08708708708708712,
2756,000795,英洛华,sz,False,True,-1.9047501377686407,8.56,0.28456788366864916,0.026213831466034742,2.55,-0.2769367764915406,
2757,600866,星湖科技,sh,False,True,-1.9048067386177028,4.23,1.0887316276537833,0.03035371180364791,0.92,-0.39319727891156464,
2758,600933,爱柯迪,sh,False,True,-1.9048532934959934,13.84,0.6898454746136865,0.07948999220998076,2.2,-0.28047404063205417,
2759,002489,浙江永强,sz,False,True,-1.9048908165581977,2.76,0.7108330963889679,,-0.09,-0.28729281767955805,
2760,301153,中科江南,sz,False,True,-1.904993155189223,16.88,0.30953044231900206,0.02024410339878252,-1.35,-0.36385639370713996,
2761,603367,辰欣药业,sh,False,True,-1.905064071397599,13.61,1.0259567046270648,0.06628530521068784,2.07,-0.5783059110298598,
2762,688389,普门科技,sh,False,True,-1.9051162135828088,10.8,0.44897409419476497,0.030667509000913893,3.82,-0.25958062183658714,
2763,603257,中国瑞林,sh,False,True,-1.9051162634523917,63.7,0.33582966719279983,0.026029126592657183,2.01,0.18226600985221664,
2764,002370,亚太药业,sz,False,True,-1.9053020759445598,5.45,0.2750350669710388,0.024981888131104947,-0.23,-0.3810810810810811,
2765,603207,小方制药,sh,False,True,-1.9053123695474647,22.78,0.31433690629616823,0.05564118115099347,4.87,-0.3800461361014994,
2766,300451,创业慧康,sz,False,True,-1.9053821426462576,3.4,0.7466587023071755,,-2.02,-0.4689075630252101,
2767,002078,太阳纸业,sz,False,True,-1.905426392692373,13.75,0.7957981855801369,0.08334583520861462,2.9,-0.005571030640668551,
2768,002508,老板电器,sz,False,True,-1.9054423131491673,16.57,0.7540340823405217,0.07807681196761374,2.6,-0.1712887438825449,
2769,300579,数字认证,sz,False,True,-1.9055356088837199,21.49,0.13640145676755827,,-1.33,-0.41119293078055974,
2770,300581,晨曦航空,sz,False,True,-1.9055356088837199,9.8,0.16983695652173914,,-1.16,-0.5845284658843981,
2771,000100,TCL科技,sz,False,True,-1.9055411901809542,4.92,0.6125199068969741,0.04944938114099502,2.44,0.16397228637413397,
2772,301589,诺瓦星云,sz,False,True,-1.9057131810287828,139.15,0.3176418270757893,0.0486265432849175,8.12,-0.15085364264303402,
2773,600179,安通控股,sh,False,True,-1.9057420296696468,4.36,0.6562971713591914,0.0595333773880326,2.1,0.27384615384615385,
2774,001203,大中矿业,sz,False,True,-1.9058024345459297,27.87,0.16847212628670588,0.01527172211574438,4.39,1.1979949874686713,
2775,000922,佳电股份,sz,False,True,-1.9059150420791475,11.8,0.4795933048774639,0.031236138963335016,3.93,0.07684319833852538,
2776,002177,御银股份,sz,False,True,-1.906297265458641,5.81,0.38840985007379786,0.0032698641796515696,0.71,-0.19812792511700472,
2777,688429,时创能源,sh,False,True,-1.906341931978923,10.53,0.3061286965040103,,-8.24,-0.41231593038821956,
2778,300138,晨光生物,sz,False,True,-1.9064680307570583,10.96,0.6557377049180328,0.06725718474876079,2.79,-0.2115085536547433,
2779,002572,索菲亚,sz,False,True,-1.906474916465737,8.1,0.9440196356084207,0.10906076866029751,-0.52,-0.3866666666666666,
2780,002945,华林证券,sz,False,True,-1.9065034394763278,13.89,0.19605152234007098,0.01325121116070009,1.28,-0.1480502313284865,
2781,002006,精工科技,sz,False,True,-1.9067057237266203,12.86,0.3700414446417999,0.02933747187269884,5.01,-0.23949579831932777,
2782,600640,国脉文化,sh,False,True,-1.9067995522373236,10.44,0.4756921320521359,0.002825821452167038,0.4,-0.22310756972111556,
2783,000933,神火股份,sz,False,True,-1.906870199127043,26.08,0.47189844745410786,0.11733646230566147,17.27,0.39086859688195985,
2784,300348,长亮科技,sz,False,True,-1.9069500898485314,9.48,0.275148580233326,,-1.81,-0.48484848484848486,
2785,605090,九丰能源,sh,False,True,-1.9070555784134828,34.62,0.5019576347756249,0.06415479268378745,7.72,0.1452784503631961,
2786,600797,浙大网新,sh,False,True,-1.9070642742505437,6.66,0.4713201677899797,,-1.84,-0.323170731707317,
2787,301181,标榜股份,sz,False,True,-1.907127060493353,22.73,0.43544524276072283,0.03315539935678525,1.73,-0.040867810292633644,
2788,001386,马可波罗,sz,False,True,-1.9071853133494026,15.18,0.6740361283364789,0.06462411384183894,10.02,,
2789,688696,极米科技,sh,False,True,-1.9072375268979473,67.29,0.6352432981832041,0.02781973921776457,1.68,-0.4209268991877688,
2790,002063,远光软件,sz,False,True,-1.9074082713611593,5.27,0.3953663068833274,0.0298670617083362,7.58,-0.17384370015948958,
2791,002262,恩华药业,sz,False,True,-1.9074082713611593,21.85,0.378086128019963,0.04944913661807465,8.83,-0.07607253427686855,
2792,600871,石化油服,sh,False,True,-1.907460728390405,2.21,0.23888583645875638,0.016138507123537045,5.09,0.06372549019607843,
2793,002251,步步高,sz,False,True,-1.9075091861067794,3.49,0.9053870529651425,0.011746105578695383,1.35,-0.2890295358649789,
2794,600776,东方通信,sh,False,True,-1.9075497645437192,12.52,0.24287761397032034,0.029083294555607257,9.48,0.02317290552584672,
2795,301330,熵基科技,sz,False,True,-1.9075528056493989,23.55,0.6263309532757109,0.03570459446721604,0.36,-0.2575389948006932,
2796,600682,南京新百,sh,False,True,-1.9076729386624904,5.59,2.184837229626393,,-5.1,-0.29166666666666674,
2797,300755,华致酒行,sz,False,True,-1.90772626424618,11.1,0.6065752759917505,,-13.4,-0.4268224819143015,
2798,600509,天富能源,sh,False,True,-1.9077266828807247,7.4,0.78125,0.022380577239848168,3.79,0.11428571428571432,
2799,002318,久立特材,sz,False,True,-1.9077311717818133,19.55,0.4772814051164566,0.07929962570576667,4.33,-0.1322314049586778,
2800,002891,中宠股份,sz,False,True,-1.9078110438053244,28.78,0.3641660597232338,0.03746426845396204,12.45,-0.5234467580836296,
2801,688348,昱能科技,sh,False,True,-1.907817528547704,31.68,0.674809366354005,,-1.84,-0.3494318181818181,
2802,603090,宏盛股份,sh,False,True,-1.9078997717458572,37.28,0.17482823126278432,0.020427298224254965,2.64,0.1841609050911377,
2803,002095,生 意 宝,sz,False,True,-1.9079340271582976,13.95,0.2485830764641543,,0.13,-0.36043629152206247,
2804,002733,雄韬股份,sz,False,True,-1.9080481211113203,18.62,0.37989590852106525,0.011163704563722426,0.78,-0.00895856662933936,
2805,000088,盐 田 港,sz,False,True,-1.908068059505592,4.49,0.7885191610156127,0.06318995532470158,1.85,-0.011415525114155223,
2806,300357,我武生物,sz,False,True,-1.9081119132716773,23.26,0.22487575614473002,0.03496564625255687,14.54,-0.11798839458413923,
2807,002075,沙钢股份,sz,False,True,-1.908117479018453,3.59,0.8445945945945946,0.03160666141996087,2.06,-0.5093795093795094,
2808,603125,常青科技,sh,False,True,-1.908203476564939,23.01,0.27154727638081794,0.021905085265544397,3.21,0.22031896042528065,
2809,000539,粤电力Ａ,sz,False,True,-1.908261831406768,5.32,0.8345852111500585,0.029758007879920487,-0.65,0.20169851380042458,
2810,600486,扬农化工,sh,False,True,-1.9082682830831947,54.75,0.536365586783952,0.05686082743876089,3.43,-0.14577442664153306,
2811,601096,宏盛华源,sh,False,True,-1.9082682830831947,4.15,0.4310902271845497,0.032103244032809515,3.84,-0.07918552036199089,
2812,603596,伯特利,sh,False,True,-1.9082682830831947,25.75,0.3487479946990305,0.05657612600634784,3.26,-0.27020506634499386,
2813,300588,熙菱信息,sz,False,True,-1.9083231041570778,21.12,0.06335048019663989,,-13.88,-0.07746150256649553,
2814,002919,名臣健康,sz,False,True,-1.9083307508984102,16.92,0.18132695062467136,0.00550005692558918,1.12,-0.017478152309612915,
2815,002145,钛能化学,sz,False,True,-1.9083854874662414,4.3,0.8081461128171973,0.031606561522172005,3.17,0.052757793764987904,
2816,603181,皇马科技,sh,False,True,-1.9084008140589968,12.53,0.48978792182984765,0.061005368472425575,6.42,-0.21100917431192667,
2817,920146,华阳变速,bj,False,True,-1.9084105151542345,4.9,0.2771772271190199,,-11.9479,-0.534136546184739,0.5407
2818,605319,无锡振华,sh,False,True,-1.9084175184253949,24.41,0.3365983372042142,0.05488895963465909,7.09,-0.12826899128268987,
2819,002434,万里扬,sz,False,True,-1.9084221159512786,5.66,0.7971938775510204,0.027489368486737758,1.21,-0.37828162291169454,
2820,301168,通灵股份,sz,False,True,-1.9084465658553171,41.6,0.4258762403645501,0.0014667384781825584,1.2,0.004575495678698527,
2821,603100,川仪股份,sh,False,True,-1.9085020190602453,17.3,0.5396071659831643,0.07224232967064723,5.85,-0.13017154389505559,
2822,603979,金诚信,sh,False,True,-1.90853115398341,74.34,0.24686481682630593,0.05430444156027522,13.02,0.42930538429921916,
2823,688236,春立医疗,sh,False,True,-1.9086606583299954,14.24,0.5578800557880056,0.050564041887252296,2.03,-0.4019873532068654,
2824,300584,海辰药业,sz,False,True,-1.908662200978217,32.79,0.27208663238375097,0.011279959572624891,1.62,-0.3540334227357128,
2825,301028,鼎熔岩,sz,False,True,-1.908692746895409,12.74,0.35574528637495556,0.048869406285583034,7.63,-0.17293233082706772,
2826,002373,千方科技,sz,False,True,-1.9087005175263818,7.41,0.9759906304899474,0.006649961962217576,-0.18,-0.37756849315068497,
2827,600298,安琪酵母,sh,False,True,-1.908750668745859,40.57,0.35359428591633957,0.04618361682376794,7.08,0.09072638530002886,
2828,600143,金发科技,sh,False,True,-1.9088849723035684,13.97,0.5282620179609087,0.032356281486706426,5.91,0.04538690476190488,
2829,000993,闽东电力,sz,False,True,-1.9089748324820734,9.75,0.5652591713300549,0.003830494490025201,1.17,-0.09456928838951306,
2830,002448,中原内配,sz,False,True,-1.9090184129814578,12.37,0.5405405405405405,0.06823283773548858,5.04,0.19493392070484572,
2831,002627,三峡旅游,sz,False,True,-1.9091354106967695,6.53,0.6710958996040535,0.013338633216931527,0.46,0.023679417122040025,
2832,002415,海康威视,sz,False,True,-1.9091766391930962,34.15,0.26949819436209776,0.05250721974271462,9.36,0.2770467836257309,
2833,003020,立方制药,sz,False,True,-1.909179622613371,17.49,0.4620858555519616,0.040644788931611074,1.91,-0.2934782608695652,
2834,301017,漱玉平民,sz,False,True,-1.9091993931627278,12.76,0.39397998581672056,0.019121957935516933,0.48,-0.08580106302201984,
2835,600733,北汽蓝谷,sh,False,True,-1.9092074547290891,4.96,0.19069049026525045,,-14.45,-0.47502774694783567,
2836,002714,牧原股份,sz,False,True,-1.909398691024139,38.83,0.35316969803990816,,-7.58,-0.1524978089395268,
2837,002380,科远智慧,sz,False,True,-1.9095023497214652,27.44,0.37527676661537884,0.025078998846366052,6.56,0.05527442584663289,
2838,600784,鲁银投资,sh,False,True,-1.9096751174351108,7.68,0.6496037417175522,0.02853881278538813,3.2,0.04457652303120363,
2839,603867,新化股份,sh,False,True,-1.9097432114436965,29.34,0.4906771344455349,0.04301759849954616,5.18,-0.02994454713493544,
2840,600362,江西铜业,sh,False,True,-1.909771473367755,45.95,0.5286250462546915,0.05024948871145236,3.35,0.8287435456110157,
2841,002244,滨江集团,sz,False,True,-1.9100315970777164,9.01,1.0802635843145727,0.06960104679974387,2.68,-0.10880829015544047,
2842,002444,巨星科技,sz,False,True,-1.9100337650183232,28.59,0.5599731212901781,0.07509198768491401,2.7,-0.12464766677106176,
2843,603312,西典新能,sh,False,True,-1.9100570031023536,31.89,0.3544967918040342,0.04029674523188762,4.63,-0.31973714026739186,
2844,300722,新余国科,sz,False,True,-1.910058891550713,20.76,0.11750052875237939,0.014261652839994239,0.52,-0.4727180010198878,
2845,301076,新瀚新材,sz,False,True,-1.9100933135514853,19.86,0.26574541589157585,0.014601289877947819,1.31,-0.4135338345864662,
2846,000561,烽火电子,sz,False,True,-1.9101356784570758,7.51,0.44782803403493054,,-1.83,-0.32947976878612717,
2847,002829,星网宇达,sz,False,True,-1.9102065025305852,19.11,0.42529664440947557,0.004514132620702264,6.59,-0.140442132639792,
2848,300692,中赋科技,sz,False,True,-1.910283648144246,8.99,0.6169412055031156,0.012968150223052186,2.69,0.22839506172839497,
2849,601339,百隆东方,sh,False,True,-1.9103148529232108,7.75,0.7924558205880022,0.07103937712674135,6.07,0.5383141762452106,
2850,600520,三佳科技,sh,False,True,-1.9104811295645363,24.21,0.10263989818122099,0.0034932166971566266,0.38,-0.18399452804377558,
2851,600057,厦门象屿,sh,False,True,-1.9105730863111412,6.18,0.8985533291400845,0.0743970122159894,1.53,-0.0915697674418604,
2852,000860,顺鑫农业,sz,False,True,-1.9105874197866028,10.18,0.8992805755395683,,0.59,-0.3443037974683545,
2853,002734,利民股份,sz,False,True,-1.9105923694673532,14.59,0.5798446016467587,0.06984264452189218,6.81,-0.43821712268314206,
2854,600066,宇通客车,sh,False,True,-1.9105994703330118,30.36,0.1930576470133982,0.0816239909234122,14.39,0.29013854930725347,
2855,002301,齐心集团,sz,False,True,-1.9106076194923152,7.6,0.5690547999772377,0.012710243312187727,2.45,-0.04597701149425293,
2856,000513,丽珠集团,sz,False,True,-1.9106986744751628,26.34,0.5714938850154303,0.0715922107674685,6.97,-0.21591206490447523,
2857,002030,达安基因,sz,False,True,-1.9109084677714463,5.39,0.9305788200260562,,-1.39,-0.2767732962447844,
2858,002043,兔 宝 宝,sz,False,True,-1.9110176589229362,13.32,0.29767220336964934,0.06168346513033716,7.52,0.25806451612903225,
2859,688219,会通股份,sh,False,True,-1.9111152525946689,10.25,0.5352459455119627,0.03495000401925046,3.56,-0.20863309352517978,
2860,002268,电科网安,sz,False,True,-1.9111408656870053,13.59,0.4783544606553456,0.0031770439512260216,-2.83,-0.25677919203099064,
2861,603977,国泰集团,sh,False,True,-1.9112032078051517,11.76,0.4733951903048665,0.034092110062968126,1.15,-0.17052469135802473,
2862,688139,海尔生物,sh,False,True,-1.9112032078051517,29.0,0.4817187725805675,0.027827171006313982,3.33,-0.19405700424499694,
2863,600219,南山铝业,sh,False,True,-1.9112292249662566,4.8,0.9044044496698924,0.07905263324321332,4.51,0.18302387267904519,
2864,600338,西藏珠峰,sh,False,True,-1.9112946751136426,13.93,0.37299515106303616,0.044466776647827576,7.48,0.041095890410958846,
2865,601000,唐山港,sh,False,True,-1.9113259995038787,4.54,0.8147967082212988,0.07760360080707746,2.15,0.1923076923076925,
2866,603105,芯能科技,sh,False,False,-1.9113588980725427,7.74,0.5553087516659263,0.0453395478740286,1.1,-0.17427884615384615,
2867,603012,创力集团,sh,False,True,-1.9113832582908172,8.61,0.6902263942573164,0.016466407704961494,0.61,0.34505862646566166,
2868,688377,迪威尔,sh,False,True,-1.9114302384537547,18.86,0.428027222531353,0.022888375680643072,1.72,-0.2617942768754834,
2869,603766,隆鑫通用,sh,False,True,-1.911553062492014,14.57,0.30574494756474146,0.05229742592069618,10.84,0.08307210031347956,
2870,601121,宝地矿业,sh,False,True,-1.9116091666387718,7.42,0.5992688919518188,0.021532465574970662,0.84,-0.035820895522388096,
2871,300287,飞利信,sz,False,True,-1.9116663119841737,3.44,0.20062997813133238,,-2.89,-0.37090909090909097,
2872,688351,微电生理,sh,False,True,-1.9116823136185905,19.93,0.1926967915984199,0.006642086518490572,1.61,-0.1631929046563193,
2873,300941,创识科技,sz,False,True,-1.9116897067253191,15.29,0.41266042173895107,0.009569478721785587,0.02,-0.536541889483066,
2874,600131,国网信通,sh,False,True,-1.9117256615749851,14.92,0.3679852805887765,0.0348765023053368,3.52,-0.1432664756446992,
2875,300406,九强生物,sz,False,True,-1.9117792620181182,11.51,0.5098139179199592,0.03334300280414654,5.86,-0.18649045521292207,
2876,002559,亚威股份,sz,False,True,-1.911809523053645,9.22,0.30009302883894007,0.017216622993833006,1.81,-0.12060301507537685,
2877,688087,英科再生,sh,False,True,-1.9118131542537573,40.98,0.36412627899355493,0.03341207445546671,5.19,0.29887482419127975,
2878,001380,华纬科技,sz,False,True,-1.9118294334744528,16.76,0.4331254331254331,0.05571961887780688,2.12,-0.3707112970711297,
2879,301439,泓淋电力,sz,False,True,-1.9119673581990664,14.75,0.5192916861401049,0.036736343264391465,3.44,-0.12877387553912512,
2880,600060,海信视像,sh,False,True,-1.9120226275110608,25.3,0.6610259122157589,0.07545347538707634,2.71,0.24622135543637236,
2881,603969,银龙股份,sh,False,True,-1.9121830077691708,7.1,0.4881620698071759,0.07028641714988579,7.98,-0.15643802647412763,
2882,003009,中天火箭,sz,False,True,-1.9123913180472798,45.38,0.2711790866688361,,0.84,0.05549760066764042,
2883,002427,尤夫股份,sz,False,True,-1.912394120054851,4.59,0.20927945085072097,0.0028092594314564575,3.93,-0.4961139896373057,
2884,300937,药易购,sz,False,True,-1.9123978400993902,25.16,0.33988172116103593,,-0.33,-0.23116383456235978,
2885,002605,姚记科技,sz,False,True,-1.9124197999826975,17.26,0.5403068943159715,0.06468849256405777,12.24,-0.3567274137262505,
2886,002340,格林美,sz,False,True,-1.912464094228615,6.53,0.6548788474132285,0.047766213046863425,2.39,0.0046511627906977715,
2887,002152,广电运通,sz,False,True,-1.9124660800252127,9.51,0.5383290267011197,0.03584293625333787,1.78,-0.24783634933123522,
2888,002003,伟星股份,sz,False,True,-1.9125177300339051,10.75,0.36571094207138677,0.04986809887846645,1.99,-0.03474903474903468,
2889,600446,金证股份,sh,False,True,-1.9125623205872424,10.62,0.35379444542720684,,-1.38,-0.4521690767519466,
2890,603013,亚普股份,sh,False,True,-1.9125970673417063,16.11,0.5659309564233164,0.06851943211094666,3.49,-0.25599232981783315,
2891,600860,京城股份,sh,False,True,-1.9126179105178618,8.57,0.1692018747567723,,-7.89,-0.4229583975346687,
2892,601965,中国汽研,sh,False,True,-1.9126555923403705,13.9,0.5742835812324125,0.07534205292025797,5.32,-0.2657082002129927,
2893,600339,中油工程,sh,False,True,-1.912679947105264,3.39,1.4216661927779357,0.019687015822454617,0.78,-0.037572254335260125,
2894,603070,万控智造,sh,False,True,-1.912847879233592,11.43,0.4649000464900047,0.005692491603574885,-0.88,-0.2435530085959885,
2895,002475,立讯精密,sz,False,True,-1.912860859447117,53.72,0.21252178348280698,0.04141644232760406,4.12,0.6719094922737308,
2896,301222,浙江恒威,sz,False,True,-1.9129454529879486,24.13,0.4337453914552158,0.02607820331610433,5.77,0.09855207846800562,
2897,300748,金力永磁,sz,False,True,-1.9129759344524182,27.71,0.19948532785413634,0.022533027785476563,5.92,-0.12998204667863555,
2898,600104,上汽集团,sh,False,True,-1.9130686929061207,10.19,2.5654181631605955,0.0862976578815651,1.01,-0.40235988200589967,
2899,001330,博纳影业,sz,False,True,-1.9130743962668115,4.68,0.5908419497784343,,-1.16,-0.07644628099173556,
2900,000863,三湘印象,sz,False,True,-1.9131522047938754,4.13,0.8926180487369454,,-0.12,-0.014084507042253502,
2901,300215,电科院,sz,False,True,-1.9131786993863211,5.95,0.4467277194549922,0.006419589505768643,0.34,-0.13016845329249627,
2902,601636,旗滨集团,sh,False,True,-1.9133457800846219,5.73,0.8812902088657795,0.009560220305716726,0.09,-0.06176961602671116,
2903,300815,玉禾田,sz,False,True,-1.9134802324644002,15.96,0.7391529307413703,0.0881849768073511,3.49,-0.26120114394661587,
2904,002742,冀衡医药,sz,False,True,-1.913563782681658,4.25,0.0509873704283449,,-13.58,-0.39779005524861877,
2905,600361,创新新材,sh,False,True,-1.913635900647278,3.71,0.8233841086867024,0.06101281269066504,7.03,-0.09319899244332497,
2906,600535,天士力,sh,False,True,-1.913698511140385,14.82,0.5905976848570753,0.05523610673825267,6.83,-0.0025316455696202667,
2907,300159,新研股份,sz,False,True,-1.913699855147576,2.86,0.2968592293534406,0.015062078355944022,1.61,-0.007246376811594013,
2908,600458,时代新材,sh,False,True,-1.9137175907253725,11.72,0.7274314395868189,0.04985293384515679,4.26,-0.20655487804878048,
2909,600546,山煤国际,sh,False,True,-1.9137499812836254,13.66,0.616827041697508,0.04948363823501759,2.57,0.2361809045226133,
2910,301267,华厦眼科,sz,False,True,-1.9137864719420217,15.82,0.4095171792456694,0.03481445635485679,3.15,-0.23134328358208966,
2911,300018,中元股份,sz,False,True,-1.9139329079137748,11.24,0.26084461486292615,0.025187965190232104,4.02,0.35121951219512204,
2912,002408,齐翔腾达,sz,False,True,-1.9139408802957998,5.28,0.7299802905321557,,-0.83,-0.045725646123260466,
2913,002986,宇新股份,sz,False,True,-1.9139506814398723,13.25,0.7539203860072377,,-1.02,-0.1013250194855807,
2914,000420,吉林化纤,sz,False,True,-1.913975541933889,3.64,0.4961301845604286,0.0046602209597165845,0.52,-0.14148681055155876,
2915,603014,威高血净,sh,False,True,-1.9140130447977077,31.94,0.5436259853220984,0.03659156857076992,1.63,-0.20089638808331134,
2916,603197,保隆科技,sh,False,True,-1.9140274080846773,30.41,0.49331557397267034,0.029038449811395268,2.19,-0.30328897815716793,
2917,301408,华人健康,sz,False,True,-1.914052150446289,14.89,0.3653902367728734,0.035169411053042506,9.13,-0.11080897348742358,
2918,605086,龙高股份,sh,False,True,-1.914069323223235,25.08,0.3559478892290169,0.025725060839768887,3.12,-0.24760213143872112,
2919,000997,新 大 陆,sz,False,True,-1.9142504759674697,18.32,0.406124355277586,0.05285496070233672,3.73,-0.4338106880894167,
2920,600973,宝胜股份,sh,False,True,-1.914298371041772,6.06,0.4074149521287431,,1.47,0.025547445255474477,
2921,601012,隆基绿能,sh,False,True,-1.914358979747566,12.15,0.548185505975222,,-3.77,-0.21491782553729455,
2922,002530,金财互联,sz,False,True,-1.9144293708675912,7.02,0.24648147691700967,0.01230869215222406,1.2,-0.3466533466533467,
2923,301487,盟固利,sz,False,True,-1.914479371737591,16.74,0.250934731876239,0.009110156366723878,1.03,-0.30987884436160296,
2924,601198,东兴证券,sh,False,True,-1.9145675914718905,13.67,0.6889424733034791,0.052222593582887694,3.06,,
2925,603131,上海沪工,sh,False,True,-1.9145966878010823,14.16,0.3461165720614703,,0.71,-0.37234042553191493,
2926,002029,七 匹 狼,sz,False,True,-1.9147109092390364,8.49,1.1348161597821154,0.03892125840212665,0.73,-0.002773925104022079,
2927,603737,三棵树,sh,False,True,-1.9148892433402704,25.07,0.13516618682670342,0.03498020120611734,3.56,-0.3325130729006459,
2928,600867,通化东宝,sh,False,True,-1.9150127719315975,7.95,0.4649648951504161,0.0794255941034439,1.75,-0.04064039408866982,
2929,603271,永杰新材,sh,False,True,-1.9150482024914728,42.77,0.3591051100657162,0.05414830136778609,3.92,0.13000261574679595,
2930,301237,和顺科技,sz,False,True,-1.9150540336114004,55.31,0.26147892479866125,,0.67,0.2694595293509181,
2931,300880,迦南智能,sz,False,True,-1.9150930264020527,19.77,0.2781022303798876,0.019679073666644366,7.6,-0.15240904621435603,
2932,600724,宁波富达,sh,False,True,-1.9151023334129504,4.98,0.392695857058708,0.025766621403301736,2.12,0.010729613733905463,
2933,000901,航天科技,sz,False,True,-1.9151574315571582,13.31,0.39980809211578444,0.008370098993160793,0.35,-0.20484061393152309,
2934,300071,福石控股,sz,False,True,-1.9151914115756852,3.85,0.04337717319637714,,-0.41,-0.3315217391304347,
2935,688408,中信博,sh,False,True,-1.9152092034358692,24.9,0.743439149505613,,-1.2,-0.5175879396984925,
2936,002309,中利集团,sz,False,True,-1.915236067676722,2.93,0.22479487467685735,0.014658028202046262,5.8,-0.15243902439024393,
2937,002001,新 和 成,sz,False,True,-1.9153096285443016,26.32,0.4311831666091756,0.08865641207500333,11.5,0.35906806761078114,
2938,002683,广东宏大,sz,False,True,-1.9153169566989685,29.32,0.315387769262308,0.04340937208343281,1.47,-0.2979525862068966,
2939,600006,东风股份,sh,False,True,-1.9153775059099098,5.3,0.7540340823405217,,2.57,-0.2758152173913043,
2940,002840,华统股份,sz,False,True,-1.9154223751132482,8.17,0.5487269534679543,,-6.69,-0.3301797540208137,
2941,002320,海峡股份,sz,False,True,-1.915481562274398,6.38,0.2888670633774337,0.012717112910158684,2.96,-0.20764331210191078,
2942,601608,中信重工,sh,False,True,-1.915481562274398,4.64,0.44355732978487467,0.017865214105658448,1.01,-0.15708812260536387,
2943,600846,同济科技,sh,False,True,-1.9154931844590029,11.42,0.606501698204755,0.034958556631113816,2.85,0.09009009009009006,
2944,002886,沃特股份,sz,False,True,-1.915567066313387,20.48,0.3437725600742549,0.013619524950969708,1.48,-0.13656605640771902,
2945,002920,德赛西威,sz,False,True,-1.9158507710019717,86.59,0.3109936246306951,0.047906027536384635,7.74,-0.20623101792887233,
2946,601702,华峰铝业,sh,False,True,-1.9158507710019717,16.13,0.4156967076820751,0.07380890873528434,8.33,-0.10223048327137552,
2947,002871,伟隆股份,sz,False,True,-1.9158608733127107,16.4,0.28363966417063763,0.031780738330112884,11.7,0.3926605504587155,
2948,002246,北化股份,sz,False,True,-1.9158854621397172,19.45,0.3055954527396632,0.035733428622476325,6.9,0.09116488463702876,
2949,002985,北摩高科,sz,False,True,-1.915887437633638,25.13,0.33067689560530406,0.02559790301978462,2.44,-0.22542977619202076,
2950,301069,凯盛新材,sz,False,True,-1.9159304513366018,16.06,0.3209654641160611,0.0184286617290139,4.03,-0.26131386861313877,
2951,002657,中科金财,sz,False,True,-1.915934427236257,14.96,0.3142875102143441,,-8.98,-0.5372822299651567,
2952,603055,台华新材,sh,False,True,-1.9159542684186648,8.8,0.6893699158968704,0.06379829530954932,2.41,-0.14876033057851235,
2953,301501,恒鑫生活,sz,False,True,-1.9159822284510204,27.71,0.5175179837499353,0.0425233346799056,1.52,-0.5134197553405149,
2954,002419,天虹股份,sz,False,True,-1.9160094490982962,4.61,0.7870916961826053,0.015255181040861002,3.58,-0.2569444444444444,
2955,300859,西域旅游,sz,False,True,-1.9160156881678845,26.2,0.18220246337730484,0.016531412162821182,0.5,-0.4704175039071221,
2956,002271,东方雨虹,sz,False,True,-1.9160932826220458,10.82,0.7946598855689765,0.006276372532836413,2.99,-0.03826086956521735,
2957,000597,东北制药,sz,False,True,-1.916209071975671,4.88,0.7978299026647518,0.03595647827869147,0.48,-0.21052631578947367,
2958,300037,新宙邦,sz,False,True,-1.916409451145615,62.0,0.23962426914597912,0.03417272947842163,8.59,0.7458945548833189,
2959,600590,泰豪科技,sh,False,True,-1.9164252012531513,8.11,0.4694615276278109,0.010862752382473166,1.52,-0.19601677148846952,
2960,600251,冠农股份,sh,False,True,-1.9164324547198812,10.17,0.5112735824939926,0.05752879316097707,7.21,0.1339950372208436,
2961,600398,海澜之家,sh,False,True,-1.9164394967350031,5.98,0.670555890833501,0.07590708972218005,4.93,-0.07573415765069547,
2962,601001,晋控煤业,sh,False,True,-1.9164415889956734,17.28,0.6759040216289287,0.05732104370156372,9.6,0.19535221496005817,
2963,603806,福斯特,sh,False,True,-1.9164929144774805,15.21,0.41037426132632965,0.028129316091937858,5.03,-0.010079193664506825,
2964,603121,华培动力,sh,False,True,-1.916520848241774,12.24,0.2647954455183371,,-3.92,-0.5528277071459886,
2965,300970,华绿生物,sz,False,True,-1.9165310537812525,17.82,0.5763024435223605,0.0742831674342594,2.83,0.26222596964586864,
2966,002841,视源股份,sz,False,True,-1.9165759512176528,48.73,0.3986922892911251,0.03223809769433125,1.82,0.30034522439585754,
2967,600497,驰宏锌锗,sh,False,True,-1.9165759512176528,10.19,0.33470562640157986,0.02341832624538659,3.85,0.5825932504440499,
2968,002833,弘亚数控,sz,False,True,-1.9165952765719882,17.69,0.3936078091789341,0.058440571782554324,4.76,0.02409638554216853,
2969,688029,南微医学,sh,False,True,-1.9168154385438627,73.85,0.305791694697572,0.04006859743881525,3.45,-0.1435464414957781,
2970,600572,康恩贝,sh,False,True,-1.9168271807583377,4.21,0.6789788158609451,0.04523310882633652,2.73,-0.04966139954853266,
2971,001280,中国铀业,sz,False,True,-1.916883107388289,69.6,0.11829139903237636,0.011944363156417406,9.74,,
2972,000917,电广传媒,sz,False,True,-1.9169055859974322,6.88,1.0551862403714256,0.004240024388620283,-0.54,-0.17195767195767198,
2973,600751,海航科技,sh,False,True,-1.9171363741766925,3.14,0.8304268393954493,0.008009540965197744,0.17,-0.3110047846889952,
2974,688489,三未信安,sh,False,True,-1.917146451109819,23.24,0.4598123965422108,,-1.25,-0.24078898399702275,
2975,002707,众信旅游,sz,False,True,-1.9171767138596982,5.28,0.17350267194114788,,0.79,-0.3866317169069463,
2976,000776,广发证券,sz,False,True,-1.917362979051927,20.64,0.8530239699735563,0.09691237183338824,2.75,0.10594989561586643,
2977,688016,心脉医疗,sh,False,True,-1.9173914927568292,90.38,0.3786301162394457,0.05282843437651881,3.67,-0.1801768607221813,
2978,300888,稳健医疗,sz,False,True,-1.9173983737709972,28.49,0.7074136955291455,0.04641448131817127,6.67,-0.27236079617031994,
2979,000558,天府文旅,sz,False,True,-1.9174496483488213,3.38,0.2410800385728062,,0.39,-0.47491638795986624,
2980,002664,信质集团,sz,False,True,-1.9174748212444042,14.92,0.5850005850005849,0.022011159657946578,1.42,-0.4094455852156057,
2981,000878,云南铜业,sz,False,True,-1.9174910351464851,16.54,0.459411035053062,0.03368262212476717,3.67,0.12164179104477602,
2982,000625,长安汽车,sz,False,True,-1.91755265677201,7.05,1.104728236853734,0.04397227987476695,0.45,-0.42537909018355946,
2983,605123,派克新材,sh,False,True,-1.9175957065733986,75.33,0.5104905814487722,0.028641313376066173,1.84,-0.011616782834495076,
2984,603050,科林电气,sh,False,True,-1.917746399398168,17.58,0.26984726644719087,0.030006331335911875,6.04,0.05453467694131575,
2985,603606,东方电缆,sh,False,True,-1.9178739050912732,34.15,0.300228173411793,0.048397791124813065,6.68,-0.0197302697302697,
2986,000762,西藏矿业,sz,False,True,-1.9179027162534783,23.38,0.24547105896214835,0.0037087187155668646,2.01,-0.05439144003566643,
2987,300185,通裕重工,sz,False,True,-1.9180007961320567,2.69,0.6541077969649398,0.007569913831670854,1.06,-0.10596026490066224,
2988,000756,新华制药,sz,False,True,-1.918062347549699,13.17,0.583056381552096,0.028521800638317902,1.57,-0.23317307692307698,
2989,002106,莱宝高科,sz,False,True,-1.918062347549699,10.16,0.7832693663350827,0.028583188511844874,0.62,-0.1104761904761905,
2990,600746,江苏索普,sh,False,True,-1.918062347549699,6.67,0.6995942353435007,0.0083955654623228,1.63,-0.26984126984126977,
2991,603816,顾家家居,sh,False,True,-1.91810592757677,24.78,0.4832085044696786,0.07703863487539002,4.48,-0.02734693877551031,
2992,300735,光弘科技,sz,False,True,-1.9181193504451235,19.58,0.3134206732276061,0.01706636083748046,5.78,-0.3186773255813954,
2993,301053,远信工业,sz,False,True,-1.9181637254019805,40.3,0.16850335321672902,0.003960410155917388,2.28,0.7261524418073939,
2994,300881,盛德鑫泰,sz,False,True,-1.9182352987559868,30.95,0.36871796762656245,0.06571770303484353,4.52,-0.14413196322336397,
2995,002555,三七互娱,sz,False,True,-1.918259593909125,18.4,0.3561253561253562,0.0792123127618957,6.02,0.12445820433436539,
2996,605066,天正电气,sh,False,True,-1.918329814843382,7.23,0.4660049396523603,0.012188225199399364,2.0,-0.20569210866752918,
2997,600775,南京熊猫,sh,False,True,-1.9183446767955474,9.21,0.36963110815406225,0.00388267337592626,-0.43,-0.2590987868284228,
2998,300918,南山智尚,sz,False,True,-1.9185321419086074,10.19,0.7515406583496167,0.023571396581676066,0.79,-0.5306329113924051,
2999,600699,均胜电子,sh,False,True,-1.918719772793077,19.09,0.5919962112242482,0.04720476956991734,2.29,0.03561791689152716,
3000,600711,盛屯矿业,sh,False,True,-1.9188201606640063,11.87,0.48728194133125424,0.07394644798237117,10.09,0.3426395939086295,
3001,688472,阿特斯,sh,False,True,-1.9189587573317943,10.25,0.6329514526235838,0.039845717382295746,4.34,0.021978021978022122,
3002,688117,圣诺生物,sh,False,True,-1.918968087985155,24.2,0.21453242657627702,0.03828821067705043,11.82,-0.1889705882352941,
3003,002378,章源钨业,sz,False,True,-1.9190002642823303,25.55,0.08861241814427874,0.020496675439243755,14.02,1.382478632478633,
3004,688518,联赢激光,sh,False,True,-1.9191823145114828,20.12,0.481370944449793,0.024213954501979492,2.98,-0.19843462246777155,
3005,603733,仙鹤股份,sh,False,True,-1.9192350382457073,21.14,0.5071251077640854,0.059458688103505686,2.79,-0.12908704883227173,
3006,002925,盈趣科技,sz,False,True,-1.919268422626806,22.17,0.305791694697572,0.045429146431767695,6.46,0.1637689287717332,
3007,300278,华昌达,sz,False,True,-1.9192833168186927,3.7,0.3192746080904186,,-3.58,-0.40909090909090906,
3008,601112,振石股份,sh,False,True,-1.919316763688691,15.01,0.2511174727537542,0.030426858396443712,7.09,,
3009,300019,硅宝科技,sz,False,True,-1.9193211973592779,14.05,0.4855547462976451,0.03905166926360267,3.41,-0.3518963034085453,
3010,002299,圣农发展,sz,False,True,-1.9193249614266599,15.97,0.5785697755149272,0.04898958971218616,4.38,-0.0376442015786278,
3011,600635,大众公用,sh,False,True,-1.9193768697784523,4.49,0.670465973851827,0.0205091183540202,0.57,0.07920792079207928,
3012,600868,梅雁吉祥,sh,False,True,-1.919404417453956,2.75,0.37064492216456635,,-0.76,-0.08664259927797846,
3013,002481,双塔食品,sz,False,True,-1.9194371484745425,4.13,0.4804920238324044,0.0022467961809857235,1.35,-0.2657992565055761,
3014,605365,立达信,sh,False,True,-1.9194400766905773,14.35,0.5179736869367035,0.029038787107940073,1.87,-0.15232240437158473,
3015,300181,佐力药业,sz,False,True,-1.9194887960518434,13.98,0.34923517496682266,0.06632839186813916,5.83,-0.26016260162601623,
3016,002284,亚太股份,sz,False,True,-1.9195942289272867,9.43,0.5097099750242112,0.08002176592033032,7.55,-0.23394898856640267,
3017,000061,农 产 品,sz,False,True,-1.9196295745044927,5.72,0.761266747868453,0.03812326777402052,4.38,-0.16187594553706508,
3018,301219,腾远钴业,sz,False,True,-1.9196384482802977,46.22,0.5607895917451773,0.08605703860518751,8.88,0.01784456445174909,
3019,603605,珀莱雅,sh,False,True,-1.9196567024159643,56.56,0.2837603927243835,0.0658210851264094,5.72,-0.2975774225774226,
3020,001288,运机集团,sz,False,True,-1.9196873325126702,26.01,0.3842311534619227,0.03425666463410457,2.11,0.12057373375168101,
3021,002677,浙江美大,sz,False,True,-1.9197060366768801,6.68,0.3413435281267067,0.00154284725981841,0.2,-0.12391930835734877,
3022,603016,新宏泰,sh,False,True,-1.9197078484634935,28.85,0.19065413433490305,0.012558459629575674,3.14,-0.0052414825907899365,
3023,605196,华通线缆,sh,False,True,-1.9197680191800164,34.15,0.19403158834258216,0.017681277295471823,4.77,0.35004557885141296,
3024,001286,陕西能源,sz,False,True,-1.9198367846510838,9.38,0.7546600256584409,0.0859638264218417,5.08,0.15248618784530366,
3025,603091,众鑫股份,sh,False,True,-1.9198874097607126,49.29,0.3236036502491748,0.040801837714770674,8.51,0.022742327224552827,
3026,301221,光庭信息,sz,False,True,-1.9199213474712846,27.23,0.5694760820045558,0.0006909591314256781,-1.44,-0.34480932203389836,
3027,300712,永福股份,sz,False,True,-1.9199603603275208,19.03,0.3481772918770238,,-2.12,-0.2111324376199616,
3028,300847,中船汉光,sz,False,True,-1.919981111837134,13.76,0.37291169451073986,0.028003360403248388,1.69,-0.30449657869012714,
3029,002312,川发龙蟒,sz,False,True,-1.9199823089313857,8.24,0.6216585851050603,0.025788482863553137,2.34,-0.27461607949412836,
3030,001236,弘业期货,sz,False,True,-1.920055143495809,7.63,0.24359349118191562,0.0019895841291669852,0.67,-0.43126022913256956,
3031,600482,中国动力,sh,False,True,-1.9201466717381883,31.66,0.569573389531241,0.020794430419756375,1.44,0.2254697286012528,
3032,300427,红相股份,sz,False,True,-1.9201742226572918,6.55,0.36082846214909436,,0.3,-0.09787234042553183,
3033,600151,航天机电,sh,False,True,-1.9202091589507542,9.78,0.31407035175879394,,-0.38,0.13246753246753262,
3034,000519,中兵红箭,sz,False,True,-1.9202168313840022,13.92,0.5355325871579286,0.006170356128274299,0.36,-0.3556161891768985,
3035,300258,精锻科技,sz,False,True,-1.9202332498006578,9.66,0.8324315325064513,0.01615451470222383,2.72,-0.3531914893617022,
3036,600770,综艺股份,sh,False,True,-1.920332959878386,4.99,0.5245764045533232,0.021020194100472324,1.39,-0.15495495495495482,
3037,002941,新疆交建,sz,False,True,-1.9203917259045142,10.54,0.6341958396752917,0.05198180636777128,3.73,-0.2877218934911242,
3038,600501,航天晨光,sh,False,True,-1.920455129342722,13.74,0.2583779035216908,,-2.61,-0.4748288360853806,
3039,000537,绿发电力,sz,False,True,-1.9204956351730362,7.52,1.2873326467559216,0.041105406594129326,0.45,-0.14053426248548195,
3040,600750,华润江中,sh,False,True,-1.920513537371125,22.52,0.27658691743880515,0.06118378384992841,12.41,0.19102749638205507,
3041,600096,云天化,sh,False,True,-1.9206783563054863,29.91,0.46591809159949676,0.09767437317471016,11.55,0.21161127471602859,
3042,603370,华新精科,sh,False,True,-1.9206971624610978,31.99,0.3517658646404953,0.02671760823971038,1.7,,
3043,600650,锦江在线,sh,False,True,-1.9207171239973915,10.45,0.7368110816386678,0.02473765714596702,0.33,-0.3993808049535603,
3044,002539,云图控股,sz,False,True,-1.9208000313226143,12.81,0.6279434850863422,0.05667873923812439,3.12,0.025616698292220352,
3045,603713,密尔克卫,sh,False,True,-1.9210364126559758,63.6,0.4379625979941313,0.059260663956478964,7.81,0.16474525846039412,
3046,000927,中国铁物,sz,False,True,-1.9212548405856673,2.41,0.6754931099702783,0.03432427515711937,1.03,-0.09701492537313439,
3047,000852,石化机械,sz,False,True,-1.9212682557436795,5.16,0.63403499873193,,-0.2,-0.27194244604316553,
3048,301339,通行宝,sz,False,True,-1.9212691284334784,10.87,0.4458314757021846,0.03585925957800823,1.88,-0.38497109826589593,
3049,605228,神通科技,sh,False,True,-1.9212811823962952,10.28,0.4638864405993413,0.03269843864955448,4.04,-0.2563559322033899,
3050,605117,德业股份,sh,False,True,-1.9212893131544497,94.31,0.0962973662670326,0.030422785449390175,10.27,1.4179879715691635,
3051,600331,宏达股份,sh,False,True,-1.921308368921784,13.05,0.09035464196973118,,-1.08,0.10590440487347719,
3052,600690,海尔智家,sh,False,True,-1.9213581981491719,20.94,0.6375111564452378,0.09531979792202841,3.72,-0.12484289903644741,
3053,688213,思特威,sh,False,True,-1.921387379069987,96.78,0.13859821762692132,0.029094802504480603,9.79,-0.07391967463141835,
3054,605507,国邦医药,sh,False,True,-1.9213973506858304,15.38,0.6980315510261064,0.058723699123255174,4.06,-0.031191515907673217,
3055,600809,山西汾酒,sh,False,True,-1.9214580436757553,117.1,0.3151591553734636,0.07686867755127141,11.96,-0.32699865094726965,
3056,000981,山子高科,sz,False,True,-1.9214988968113498,2.64,0.11742602160638797,0.04529744567703827,8.1,0.196078431372549,
3057,002097,山河智能,sz,False,True,-1.9215198250283214,7.12,0.6121449559255632,0.00913097748027024,0.39,-0.6062536189924725,
3058,300775,三角防务,sz,False,True,-1.9215426820753128,20.45,0.525955924893494,0.024178651218120448,6.44,-0.2807971014492754,
3059,002889,东方嘉盛,sz,False,True,-1.9215708811842194,12.55,0.5293806246691372,0.020670339096912883,4.16,-0.34922526817640054,
3060,002048,宁波华翔,sz,False,True,-1.9215902648508614,18.96,0.778755548633284,0.028258086757977963,2.28,-0.15254237288135586,
3061,600598,北大荒,sh,False,True,-1.9215955327164846,12.77,0.3779860901118839,0.053232546378856035,6.77,-0.1936357481381178,
3062,301303,真兰仪表,sz,False,True,-1.9217400670047242,14.05,0.6091246878235975,0.05679075446517307,1.54,-0.24046920821114381,
3063,300024,机器人,sz,False,True,-1.9218058930255484,14.26,0.1815475109836244,,-4.67,-0.22710428798305982,
3064,605296,神农集团,sh,False,True,-1.9219933750271854,30.78,0.2642007926023778,,6.9,-0.08091603053435115,
3065,000045,深纺织Ａ,sz,False,True,-1.9220113447873872,10.55,0.5617661929105107,0.013054915502059412,0.74,-0.19372693726937262,
3066,688093,世华科技,sh,False,True,-1.9220658875336487,24.88,0.41143797572515944,0.05692653630489852,2.97,-0.32181365772739845,
3067,000799,酒鬼酒,sz,False,True,-1.9220851357698097,38.37,0.30248948849027496,,0.88,-0.22352457330865727,
3068,688153,唯捷创芯,sh,False,True,-1.9221425384337865,25.21,0.36659579148031385,0.0012559472240928858,-1.21,-0.26189060642092754,
3069,002335,科华数据,sz,False,True,-1.9222075073106992,29.72,0.2893937201562726,0.019046929730162147,1.2,0.013708019191226883,
3070,688006,杭可科技,sh,False,True,-1.9222075073106992,22.44,0.40831325793148504,0.02810133340827022,2.32,0.015857284440039754,
3071,002065,东华软件,sz,False,True,-1.9222692586641221,6.8,0.5680849855138329,0.022205148929933874,0.5,-0.28401727861771053,
3072,688109,品茗科技,sh,False,True,-1.9223162064101897,71.49,0.1368513247208233,0.003055316816494311,0.24,0.6103092783505155,
3073,002079,苏州固锝,sz,False,True,-1.9223190649539448,9.38,0.37541765213800354,0.014331534248067391,2.36,-0.15039840637450197,
3074,000070,特发信息,sz,False,True,-1.9223385592645361,14.61,0.07886684122527524,,-0.95,0.5795868772782502,
3075,002803,吉宏股份,sz,False,True,-1.9223788238685866,18.47,0.3279763857002296,0.03741338800676434,5.69,0.09179926560587526,
3076,002749,国光股份,sz,False,True,-1.9223984297031933,8.58,0.3976143141153081,0.0555469149243451,9.67,-0.2815126050420168,
3077,603708,家家悦,sh,False,True,-1.9224610922941359,9.05,0.4227793514564749,0.035298644179077084,7.62,-0.14231136580706782,
3078,605055,迎丰股份,sh,False,True,-1.9225189022508176,9.74,0.229205345068647,,-1.22,-0.00987654320987652,
3079,300803,指南针,sz,False,True,-1.9225681455765762,80.26,0.05855109461271378,0.0040960004194304424,3.88,-0.15125086068395688,
3080,300416,苏试试验,sz,False,True,-1.922588075414322,14.34,0.3870268596640607,0.0369692600602599,4.59,-0.17515151515151517,
3081,300327,中颖电子,sz,False,True,-1.9227295685968822,22.14,0.23949801216649902,0.008612129495423945,1.13,-0.15724244771494955,
3082,000403,派林生物,sz,False,True,-1.9227841288004912,10.26,0.8261731658955718,0.027460984805837106,1.05,-0.5002646903123347,
3083,002777,久远银海,sz,False,True,-1.922821387536943,12.44,0.334739238133494,0.014512503247172603,0.69,-0.42425718460789086,
3084,000998,隆平高科,sz,False,True,-1.922960673118675,8.67,0.5188605821615732,0.004473792523397935,-4.13,-0.19000000000000006,
3085,301277,新天地,sz,False,True,-1.9229950854675362,10.23,0.3956948401392846,0.025125375624365582,2.27,-0.37275747508305657,
3086,603960,克来机电,sh,False,True,-1.9229950854675362,15.6,0.27524703421320634,0.0051812961426804605,2.46,-0.2927447995941147,
3087,301238,瑞泰新材,sz,False,True,-1.9231192206830692,16.44,0.6046314771146987,0.026655648998413987,2.48,-0.18296703296703298,
3088,000568,泸州老窖,sz,False,True,-1.9231648305485993,85.51,0.4099536752346985,0.07902577030369604,7.19,-0.3128880059597715,
3089,002887,绿茵生态,sz,False,True,-1.9232314199675793,9.05,0.8282259400364419,0.03847263633740502,1.86,0.10253456221198154,
3090,300925,法本信息,sz,False,True,-1.923293913760277,14.27,0.36713415081870915,0.016243628436745684,4.71,-0.4167027260926006,
3091,301325,曼恩斯特,sz,False,True,-1.9233271890961083,30.37,0.6055101422948834,,-1.55,-0.5527530497856907,
3092,603588,高能环境,sh,False,True,-1.9233697353094052,13.48,0.5077173030056864,0.06611089441429054,9.8,0.9388714733542318,
3093,600789,鲁抗医药,sh,False,True,-1.9234050602246688,7.19,0.6876633200385092,0.01157173026296757,2.2,-0.30118110236220474,
3094,002050,三花智控,sz,False,True,-1.923462271246665,35.71,0.21713169037020952,0.027198672704772008,2.84,0.3171739947388199,
3095,300119,瑞普生物,sz,False,True,-1.92356492922786,17.34,0.5969792848188168,0.04868027767230384,2.24,-0.2664147378365612,
3096,002756,永兴材料,sz,False,True,-1.9236098181675214,47.75,0.5125313925477936,0.037257546516046826,5.22,0.25034809245335565,
3097,300296,利亚德,sz,False,True,-1.92367457828841,5.02,0.5734602592040372,0.01502706374179898,0.89,-0.18892508143322462,
3098,600299,安迪苏,sh,False,True,-1.92367457828841,8.37,0.7616146230007617,0.03860899512368392,1.56,-0.19657258064516125,
3099,000969,安泰科技,sz,False,True,-1.923716128223279,16.52,0.33905201057842277,0.021985269869187644,1.69,0.16792168674698793,
3100,002199,东晶电子,sz,False,True,-1.9237667771857674,12.0,0.06199704894047044,,-27.45,0.07566089334548765,
3101,002637,赞宇科技,sz,False,True,-1.9237832786862923,11.33,0.6928086462519052,0.04211962816792253,3.77,-0.13195098963242213,
3102,600885,宏发股份,sh,False,True,-1.9238142831130414,34.06,0.25065797719012406,0.03698129116479973,8.75,0.39959016393442615,
3103,600400,红豆股份,sh,False,True,-1.9238226988624667,2.99,0.20245783815520416,,-30.45,0.16363636363636358,
3104,002967,广电计量,sz,False,True,-1.9238422483152695,17.15,0.4469473496022168,0.040934116539429785,2.48,-0.05896226415094341,
3105,301327,华宝新能,sz,False,True,-1.923931583364314,44.74,0.7809449433814917,,0.23,-0.2432819777857399,
3106,001979,招商蛇口,sz,False,True,-1.924159236644231,7.24,1.4947683109118086,0.00945926132628303,0.04,-0.23181818181818192,
3107,300343,联创股份,sz,False,True,-1.9241680672528605,5.63,0.3292506255761886,0.009264071429696352,1.43,0.12871287128712883,
3108,600366,宁波韵升,sh,False,True,-1.9241746590659399,11.56,0.5053057099545225,0.039125620630157246,4.27,-0.2543432939541348,
3109,300533,冰川网络,sz,False,True,-1.9241970418410361,14.06,0.3296522169111587,0.061732967874163526,-0.64,-0.4796944109368718,
3110,003007,直真科技,sz,False,True,-1.9241990762877466,39.34,0.18546681998590453,0.0050025588088307175,-2.7,-0.11727547377094194,
3111,605008,长鸿高科,sh,False,True,-1.924232837892689,13.21,0.22887485123134668,,-0.4,-0.16982456140350877,
3112,601727,上海电气,sh,False,True,-1.9242449502229546,6.45,0.547645125958379,0.012913373218438749,0.69,-0.20122699386503073,
3113,688157,松井股份,sh,False,True,-1.9243320605341048,19.28,0.37217611373702036,0.002629955296019878,1.49,-0.5468577728776185,
3114,603888,新华网,sh,False,True,-1.9243450758214677,15.79,0.3246858664242346,0.02815275685871539,3.8,-0.11374133949191689,
3115,688116,天奈科技,sh,False,True,-1.9243450758214677,31.67,0.324454105966711,0.01947370368423,6.0,-0.25793366738248613,
3116,603833,欧派家居,sh,False,True,-1.9243965844967428,31.81,0.9600614439324116,0.09568187689569718,0.82,-0.3663872418728277,
3117,688443,智翔金泰,sh,False,True,-1.9244194833962436,24.6,0.15912671260124436,,-33.8,-0.2815384615384615,
3118,301358,湖南裕能,sz,False,True,-1.9244719850336414,66.0,0.3641660597232338,0.06937988260923862,14.28,1.091623036649215,
3119,000680,山推股份,sz,False,True,-1.9245255808680737,10.25,0.4337830217325294,0.08583617308005939,10.21,0.052261306532663365,
3120,300421,力星股份,sz,False,True,-1.9245266237345062,16.21,0.2711570270343556,0.012408548993914846,0.55,-0.10029673590504462,
3121,603927,中科软,sh,False,True,-1.9245436536007208,13.14,0.2907906598040071,0.020544131876891344,2.94,-0.3449334698055271,
3122,002256,兆新股份,sz,False,True,-1.924712095925136,3.33,0.17773354187402246,0.007495881013383146,0.89,0.3722943722943721,
3123,000989,九芝堂,sz,False,True,-1.9247497957370634,8.66,0.4961794184777215,0.044386052126979623,6.8,-0.2222222222222222,
3124,300497,富祥股份,sz,False,True,-1.924813321118602,17.02,0.25785158063018926,0.014052325238257175,7.49,0.6443798449612401,
3125,603712,七一二,sh,False,True,-1.9248810696081122,10.78,0.45957994393124685,,-1.7,-0.5533223954060705,
3126,603703,盛洋科技,sh,False,True,-1.9248992343710147,9.62,0.20702219277906592,,-2.65,-0.22778827977315697,
3127,600729,重百集团,sh,False,True,-1.9250026647048941,19.1,0.9659969088098919,0.10095809229588798,3.43,-0.32504440497335696,
3128,603279,景津装备,sh,False,True,-1.9250625382378719,12.5,0.6442468754026542,0.06623218354262704,4.7,-0.15775401069518724,
3129,000783,长江证券,sz,False,True,-1.9250917901255031,8.63,0.7717835918808366,0.08807003329047258,3.47,0.21338912133891208,
3130,603687,大胜达,sh,False,True,-1.9251310241412312,13.1,0.45415323130024066,0.009629996282821435,1.96,0.567979669631512,
3131,300760,迈瑞医疗,sz,False,True,-1.9251396469642932,158.68,0.20859407592824367,0.040755775093330726,5.81,-0.3512099991135538,
3132,300397,天和防务,sz,False,True,-1.9251986214931813,11.32,0.2445645528137152,,-7.06,-0.33580080753701214,
3133,300429,强力新材,sz,False,True,-1.9251986214931813,10.75,0.27844294704015143,,-7.1,-0.32563176895306856,
3134,002372,伟星新材,sz,False,True,-1.9252096625024335,8.4,0.35278346151132434,0.0642904901506969,8.27,-0.2267441860465116,
3135,600392,盛和资源,sh,False,True,-1.9252980385274523,22.84,0.32145038413320903,0.02492889034030428,6.62,-0.11951325510647548,
3136,300856,科思股份,sz,False,True,-1.9253024902942442,10.78,0.532509718302359,0.0196577970686293,1.45,-0.3225593667546175,
3137,300256,星星科技,sz,False,True,-1.9253402123097594,2.71,0.14754049986721354,,-2.04,-0.4054054054054055,
3138,002164,宁波东力,sz,False,True,-1.9254502280751191,10.92,0.26515352389033253,0.03761364021048593,3.46,-0.03520456707897235,
3139,600332,白云山,sh,False,True,-1.9254765809980752,20.11,1.196888090963495,0.07838895029356661,5.36,-0.1612276612276612,
3140,688469,芯联集成,sh,False,True,-1.9254922542976745,8.68,0.1835030736764841,,2.08,0.453125,
3141,301003,江苏博云,sz,False,True,-1.9256445232390726,57.5,0.2069365118781558,0.018299701531868016,4.85,0.3914074074074074,
3142,603075,热威股份,sh,False,True,-1.925661914337812,19.04,0.26704408897909043,0.0425410627608299,7.99,-0.13945895522388063,
3143,300048,合康新能,sz,False,True,-1.9256977881464503,4.94,0.3244435792615664,0.00398225348556692,-0.64,-0.22815533980582525,
3144,000158,常山北明,sz,False,True,-1.925789015801413,12.39,0.26768744813555695,0.0015967115406478052,-1.92,-0.4717145343777197,
3145,603489,八方股份,sh,False,True,-1.9258101819264235,28.01,0.4215496163898491,0.019131725758190294,3.77,-0.13742375313957667,
3146,603658,安图生物,sh,False,True,-1.925813593298158,34.08,0.4704996706502306,0.053125929703769816,2.58,-0.20050825921219828,
3147,301101,明月镜片,sz,False,True,-1.9259367552198359,28.17,0.32036906516306785,0.03557047934777969,3.09,-0.3793340987370838,
3148,000737,北方铜业,sz,False,True,-1.9259474880797747,14.91,0.26182122846520395,0.03642828000233141,8.27,0.163619744058501,
3149,300341,麦克奥迪,sz,False,True,-1.9259564309509545,12.92,0.29559562518474725,0.026791766354363977,2.14,-0.320665083135392,
3150,600490,鹏欣资源,sh,False,True,-1.9260571630590457,7.45,0.38607057370087255,0.013830474343778567,3.56,0.29764453961456105,
3151,600893,航发动力,sh,False,True,-1.9260824357757793,36.6,0.4121501875283353,0.006451117623872748,0.01,-0.16243040426046962,
3152,601199,江南水务,sh,False,True,-1.9262372155502252,6.39,0.7867820613690009,0.060360594189689205,1.83,-0.03743315508021394,
3153,300008,天海防务,sz,False,True,-1.9262555656169655,6.04,0.2400556929207576,0.032813458768248385,3.39,-0.1523545706371191,
3154,688697,纽威数控,sh,False,True,-1.9262581878218568,14.69,0.20351676978183003,0.03291043425317997,3.48,0.04670329670329676,
3155,300537,广信材料,sz,False,True,-1.9263294114730942,19.48,0.22467366150666157,0.0028279679240566184,0.83,-0.344579226686884,
3156,603000,人民网,sh,False,True,-1.9263453995396889,15.73,0.22122914915269237,0.010956970879658494,-0.86,-0.25503685503685514,
3157,603363,傲农生物,sh,False,True,-1.9263553714065351,2.84,0.39939292275740873,,-0.43,-0.29177718832891253,
3158,300435,中泰股份,sz,False,True,-1.9263908991618874,16.38,0.5469262743382192,0.07061548456345508,3.78,-0.04291593180482067,
3159,300733,西菱动力,sz,False,True,-1.9264271817383682,13.47,0.33290056260195083,0.018501113767048775,3.63,-0.3148865522966242,
3160,688789,宏华数科,sh,False,True,-1.9264721906324866,45.36,0.44216483905199855,0.05644455733355911,1.15,-0.38186191284663284,
3161,300516,久之洋,sz,False,True,-1.9264777468700929,30.58,0.16705367434556723,0.0019393401550269731,-1.17,-0.14696485623003197,
3162,600456,宝钛股份,sh,False,True,-1.9265005482224373,27.23,0.5566379070414695,0.029105641837613806,0.81,-0.15401644528779257,
3163,601882,海天精工,sh,False,True,-1.9265052158206568,19.75,0.2968239833778569,0.04281720052579522,3.64,-0.0934815563415865,
3164,600773,西藏城投,sh,False,True,-1.9265779881056688,10.79,0.40945010850427876,,-1.64,-0.06883720930232562,
3165,603519,立霸股份,sh,False,True,-1.926627943838136,16.82,0.2372029033635372,0.03992079713847726,9.29,0.22398001665278922,
3166,300866,安克创新,sz,False,True,-1.9266584055444227,115.43,0.164503446347201,0.03713910078809172,4.22,-0.14038519410171524,
3167,601689,拓普集团,sh,False,True,-1.9267049913892305,46.3,0.30558611416697223,0.03436910355067209,2.24,-0.014686825053995656,
3168,002793,罗欣药业,sz,False,True,-1.926706689758022,4.66,0.22222716060356895,,4.43,-0.18652849740932642,
3169,688198,佰仁医疗,sh,False,True,-1.9267215699444835,76.08,0.13059774588290607,0.019317101816580255,14.59,-0.3627853506322878,
3170,000062,深圳华强,sz,False,True,-1.9267435338574943,21.87,0.30021014710297206,0.024405601573673188,2.93,-0.14820654316121407,
3171,603698,航天工程,sh,False,True,-1.9267515990127648,21.2,0.3097605550909147,0.01967868640832487,1.16,0.1454741379310347,
3172,300860,锋尚文化,sz,False,True,-1.9268149066361395,27.25,0.6090875867949811,,-0.53,-0.1997226074895978,
3173,002690,美亚光电,sz,False,True,-1.9268670737599083,15.22,0.2253571911479695,0.05411518959256674,3.83,-0.1170468187274909,
3174,301004,嘉益股份,sz,False,True,-1.9269330227440513,34.16,0.36050326255452614,0.06961849067112225,3.31,-0.5229236853669255,
3175,300520,科大国创,sz,False,True,-1.9270202005645898,23.35,0.2509599217005044,,-2.27,-0.10581162324649296,
3176,001207,联科科技,sz,False,True,-1.9270569286288626,16.8,0.47422582633850247,0.05796395801090882,6.58,-0.23791621911922667,
3177,600977,中国电影,sh,False,True,-1.9271595420586571,11.94,0.49287791414066734,0.006428503470106173,-1.04,-0.12145454545454548,
3178,600851,海欣股份,sh,False,True,-1.9272810456021972,8.44,0.49407114624505927,0.01941807900827987,2.57,0.07503607503607501,
3179,002413,雷科防务,sz,False,True,-1.9273232742416182,7.54,0.330698766493601,,-0.55,0.24590163934426235,
3180,300376,易事特,sz,False,True,-1.9273450337962503,4.44,0.6277069863787584,,0.37,0.05011933174224348,
3181,301109,军信股份,sz,False,True,-1.9274235291199684,13.13,0.7449899426357743,0.07368165105843692,2.85,-0.011756061719324085,
3182,301491,汉桑科技,sz,False,True,-1.9275915302489268,38.5,0.43830813061582297,0.04329979042901432,1.34,-0.45555222987129596,
3183,603727,博迈科,sh,False,True,-1.9276243056533844,17.85,0.6141374439599582,,-2.28,0.15466101694915269,
3184,300249,依米康,sz,False,True,-1.9276486905027885,12.61,0.11225612357154081,0.0063438332231620966,3.23,-0.28546099290780147,
3185,002603,以岭药业,sz,False,True,-1.927707040467478,15.84,0.4307188697936857,0.05174483586538063,11.71,0.0782380013149242,
3186,002832,比音勒芬,sz,False,True,-1.9277152148354464,24.17,0.4152823920265781,0.04389622931390194,6.74,0.4735142118863047,
3187,000869,张  裕Ａ,sz,False,True,-1.9278541739237127,15.93,0.9815469179426777,0.002503378935718486,1.37,-0.21536286522148917,
3188,000768,中航西飞,sz,False,True,-1.9279437425862875,21.36,0.3793626707132018,0.018667129611481034,1.09,-0.28886554621848737,
3189,603305,旭升集团,sh,False,True,-1.9279904441907623,11.08,0.7306202966318405,0.030819395261826175,1.34,-0.24127906976744184,
3190,603173,福斯达,sh,False,True,-1.9279946705184512,30.89,0.4203446826397646,0.08053993975612506,4.45,-0.26071596796985397,
3191,002946,新乳业,sz,False,True,-1.9280138367332367,15.81,0.2809620139357159,0.057637884228545745,4.76,-0.0859004739336493,
3192,300409,道氏技术,sz,False,True,-1.9280138367332367,18.47,0.5591590248266607,0.03921430224031308,3.59,-0.08628318584070793,
3193,601015,陕西黑猫,sh,False,True,-1.928135418602283,3.68,0.6400409626216078,,-6.51,-0.16442048517520214,
3194,300680,隆盛科技,sz,False,True,-1.9281984131553718,19.84,0.355694671693818,0.0410913872452334,2.8,-0.3872868217054263,
3195,002028,思源电气,sz,False,True,-1.9282622045965754,175.2,0.12000624032449687,0.024223163157537763,8.9,1.0424356559949781,
3196,688281,华秦科技,sh,False,True,-1.9283162999077994,44.5,0.2849408747684855,0.019597852075412533,3.54,-0.125343271871322,
3197,000525,红太阳,sz,False,True,-1.928326990363955,4.31,0.44212574056061543,,-15.33,-0.36627906976744184,
3198,301398,星源卓镁,sz,False,True,-1.9283495888289863,31.29,0.31449507815202693,0.003828598250636887,4.05,-0.1828615149196634,
3199,002880,卫光生物,sz,False,True,-1.9283995064409263,20.5,0.5186452984803693,0.039372868943468434,1.84,-0.3587994542974079,
3200,600633,浙数文化,sh,False,True,-1.9284007086712496,9.96,0.8181297553792032,0.03932069566174765,2.92,-0.2606149341142021,
3201,603027,千禾味业,sh,False,True,-1.9284429302465569,7.22,0.36571094207138677,0.034880881788691614,10.33,-0.19589977220956722,
3202,000893,亚钾国际,sz,False,True,-1.9285780617191521,46.53,0.3231539828728389,0.04234471135727503,3.83,0.48621794871794877,
3203,301618,长联科技,sz,False,True,-1.928589801741147,32.05,0.23419752219021525,0.00757434025602785,4.32,-0.2711784193090392,
3204,000630,铜陵有色,sz,False,True,-1.9286090995163478,6.63,0.421638487161108,0.029580110333811544,3.57,0.5176767676767677,
3205,002510,天汽模,sz,False,True,-1.9287532510832592,5.5,0.45407074422194976,0.010716390719605636,0.58,-0.177195685670262,
3206,002425,凯撒文化,sz,False,True,-1.928869280899977,3.0,0.8640055296353897,,0.48,-0.23364485981308414,
3207,600038,中直股份,sh,False,True,-1.9288896614977338,26.95,0.7973210014351778,0.0220737882593935,0.21,-0.34625126646403237,
3208,301261,恒工精密,sz,False,True,-1.9288977742897857,55.02,0.27846620812564393,0.0225971337795514,3.83,-0.2523188405797101,
3209,603345,安井食品,sh,False,True,-1.9288994594021724,78.59,0.6129328838492185,0.058330805665087845,3.51,0.1939034716342083,
3210,002583,海能达,sz,False,True,-1.9289215816506176,8.22,0.1362175121233586,,-1.53,-0.3584589614740368,
3211,300485,赛升药业,sz,False,True,-1.9290086625057368,9.05,0.7368653746960431,,-4.47,-0.41893732970027253,
3212,603198,迎驾贡酒,sh,False,True,-1.9291251699940897,39.79,0.36032140669477175,0.06256921719652365,10.96,-0.11246509266311244,
3213,300446,航天智造,sz,False,True,-1.9291645449172137,12.77,0.5604124635731899,0.0771158665895508,2.27,-0.30032644178454837,
3214,301613,新铝时代,sz,False,True,-1.9292039356994595,36.49,0.3221545697625721,0.04480326884649504,3.42,-0.36015718434990596,
3215,603505,金石资源,sh,False,True,-1.929209380402419,15.34,0.14591297750021887,0.02241026928179569,4.76,0.004430379746835245,
3216,002429,兆驰股份,sz,False,True,-1.9292499240621788,7.95,0.4634349800722959,0.028703546897290096,2.35,0.7158836689038033,
3217,600576,祥源文旅,sh,False,True,-1.9292968321938009,5.45,0.4502679094060967,0.017876455813870342,0.7,-0.29527559055118113,
3218,600141,兴发集团,sh,False,True,-1.929312700237028,30.21,0.68903741473162,0.03961180431768667,1.03,0.21294021294021293,
3219,300708,聚灿光电,sz,False,True,-1.9294354729443943,7.64,0.40844667728628026,0.022907093410545507,2.62,-0.1736662883087401,
3220,600930,华电新能,sh,False,True,-1.9294605326798362,3.96,0.6686279753944905,0.03875938946209719,5.3,-0.35202492211838,
3221,300210,森远股份,sz,False,True,-1.9294854185955148,8.16,0.09488926422864516,,-3.12,-0.2515837104072399,
3222,600600,青岛啤酒,sh,False,True,-1.9295599089909856,50.72,0.46886721680420107,0.06760228225304886,5.55,-0.18563058896083873,
3223,300144,宋城演艺,sz,False,True,-1.9296679550657778,5.8,0.4789730817128077,0.05018644263438675,4.79,-0.2872860635696821,
3224,603809,豪能股份,sh,False,True,-1.92968950782278,8.79,0.45985468591924955,0.03475879136730658,4.82,-0.4481848184818482,
3225,300413,芒果超媒,sz,False,True,-1.9297799146706918,13.98,0.8826904404625298,0.025444256722372625,0.87,-0.3158388003748829,
3226,601958,金钼股份,sh,False,True,-1.929787195168373,23.29,0.2750426316078992,0.046754752620603884,8.42,0.596546310832025,
3227,000921,海信家电,sz,False,True,-1.9298525253509295,24.78,0.5087246273592104,0.08066077305284894,9.5,0.008654262224145448,
3228,000559,万向钱潮,sz,False,True,-1.9298579920168553,10.84,0.2442718256876252,0.027522885279109583,2.81,0.35611038107752946,
3229,002738,中矿资源,sz,False,True,-1.9299420436828225,53.69,0.3257647327100368,0.021208727815670705,3.98,0.23651240092048065,
3230,002240,盛新锂能,sz,False,True,-1.9299919849447251,32.93,0.3561126740500694,,4.32,0.6980906921241048,
3231,000025,特  力Ａ,sz,False,True,-1.9301177126919271,15.66,0.28314174075542214,0.021263747012443546,4.43,-0.16479621972829295,
3232,603099,长白山,sh,False,True,-1.930176804671624,38.49,0.1436699040285041,0.012691949876951547,0.54,-0.0739209097958129,
3233,605555,德昌股份,sh,False,True,-1.9303109786061055,12.16,0.486263068319961,0.014532433485051939,1.17,-0.3555284056200366,
3234,605303,园林股份,sh,False,True,-1.930393181255954,20.77,0.2526720064684034,,-1.37,0.4719626168224298,
3235,300702,天宇股份,sz,False,True,-1.9304359029458047,21.48,0.4926108374384237,0.012806228949761163,1.15,-0.2429618202853837,
3236,603976,正川股份,sh,False,True,-1.9305117782171324,27.76,0.2493019545273235,0.0031102012735652173,1.57,0.1543747136967477,
3237,300724,捷佳伟创,sz,False,True,-1.930584820068705,56.29,0.693721817551162,0.11115680891032981,19.63,-0.1571946795646917,
3238,002639,雪人集团,sz,False,True,-1.9306135156885724,11.44,0.2918685424084992,0.001774898497992146,0.24,-0.020104895104894993,
3239,002458,益生股份,sz,False,True,-1.9306321126948374,8.77,0.36954915003695493,0.037194632070699556,6.63,0.18813314037626627,
3240,600901,江苏金租,sh,False,True,-1.930641434216115,6.63,0.6709608158883521,0.08816631694027614,6.63,0.14964788732394374,
3241,300696,爱乐达,sz,False,True,-1.9306878008967931,20.1,0.32289312237649337,0.00907360325488296,2.91,-0.42043399638336343,
3242,603668,天马科技,sh,False,True,-1.930731009248112,9.96,0.42078687144961074,,0.32,-0.24748201438848916,
3243,301025,读客文化,sz,False,True,-1.9307550095675796,9.04,0.17309123639070154,0.0037477888046052827,1.75,-0.36643835616438347,
3244,301376,致欧科技,sz,False,True,-1.930777870329094,20.62,0.4140615295432902,0.036160741729134346,2.19,0.013498312710910954,
3245,002074,国轩高科,sz,False,True,-1.930828769551124,27.17,0.5867511588335387,0.04672307699495858,0.07,-0.07285911602209938,
3246,300143,盈康生命,sz,False,True,-1.9309487614551937,7.41,0.33062223103881505,0.010279510160781819,2.83,-0.14462299134734236,
3247,002219,新里程,sz,False,True,-1.931086367942553,2.13,0.2686799752814423,0.004153127471110845,0.46,-0.09633027522935789,
3248,605366,宏柏新材,sh,False,True,-1.9311429277077163,7.74,0.4474473130788849,,-1.05,0.09922480620155039,
3249,601016,节能风电,sh,False,True,-1.931214524992239,3.37,0.8074935400516796,0.022575605703501023,1.13,0.15333333333333332,
3250,688108,赛诺医疗,sh,False,True,-1.931343833548579,17.63,0.13461849119595068,0.009334314058597089,2.47,-0.2573385518590998,
3251,600426,华鲁恒升,sh,False,True,-1.931552885252634,20.07,0.6329514526235838,0.07427985678843611,6.74,0.15200445434298437,
3252,300832,新产业,sz,False,True,-1.931632940767616,51.47,0.2217835835791435,0.04245419192691086,9.67,-0.10001862544235418,
3253,600557,康缘药业,sh,False,True,-1.9316509468325593,11.91,0.7263746640517179,0.04446025253423439,1.62,-0.2951566951566952,
3254,601225,陕西煤业,sh,False,True,-1.931674664425745,26.5,0.39740889401104795,0.06293860339239073,17.3,0.1750713606089438,
3255,600163,中闽能源,sh,False,True,-1.931693706302336,4.91,0.7848677497841614,0.04995004995004995,2.68,-0.05740740740740746,
3256,001328,登康口腔,sz,False,True,-1.9318141821067008,27.96,0.30605374303727734,0.0409849503262402,6.88,-0.3590664272890486,
3257,002096,易普力,sz,False,True,-1.9318503250136767,9.24,0.7088679379031686,0.06412023827080542,1.32,-0.34497816593886466,
3258,603638,艾迪精密,sh,False,True,-1.931879323959724,18.62,0.22212350066637052,0.02701811835016562,10.68,0.022392135445111983,
3259,002324,普利特,sz,False,True,-1.9320646286600545,8.95,0.4710981297404249,0.03073915368962062,1.01,-0.36489607390300227,
3260,300611,美力科技,sz,False,True,-1.932101937162101,22.91,0.26624068157614483,0.02672489129650465,1.35,-0.06295399515738509,
3261,301162,国能日新,sz,False,True,-1.9321106048652168,36.04,0.24076080414108583,0.02294957061353382,4.33,-0.03528114663726578,
3262,300226,上海钢联,sz,False,True,-1.932121291424741,16.07,0.37377588397996564,0.035622303836878345,5.43,-0.32888070013818516,
3263,000796,凯撒旅业,sz,False,True,-1.9321215881337475,3.8,0.14904240256352932,0.0057996802056334605,3.12,-0.31411530815109345,
3264,688327,云从科技,sh,False,True,-1.9321886368544727,9.65,0.07202690925329704,,-10.9,-0.3612191958495461,
3265,002019,亿帆医药,sz,False,True,-1.9321992207431553,9.84,0.7432181345224824,0.029716622289844046,4.55,-0.3264604810996563,
3266,603369,今世缘,sh,False,True,-1.9322192920767338,27.78,0.49509852460639664,0.07092802224302777,12.14,-0.32289732024409656,
3267,300217,东方电热,sz,False,True,-1.9322496089050243,4.23,0.6793016778751444,0.02231724408816204,0.67,-0.25142857142857145,
3268,600108,亚盛集团,sh,False,True,-1.9322496089050243,3.27,0.6809206046574969,0.008374837632835393,1.32,-0.05280528052805267,
3269,600375,汉马科技,sh,False,True,-1.9323112291542053,3.71,0.5717226001943857,0.008921911858648365,0.98,-0.45586107091172223,
3270,600872,中炬高新,sh,False,True,-1.9323187837611295,18.18,0.3959925553399596,0.049328393916822456,7.43,0.0016357688113413094,
3271,300224,正海磁材,sz,False,True,-1.9324827411067123,11.02,0.5062778452814904,0.02777993843965642,0.91,-0.4177285318559557,
3272,300183,东软载波,sz,False,True,-1.9326019893572315,10.27,0.6510840549514942,,-0.73,-0.4383561643835616,
3273,001369,双欣材料,sz,False,True,-1.93260957667567,12.3,0.5005005005005005,0.038185865883601844,1.81,,
3274,300455,航天智装,sz,False,True,-1.9326324313033008,17.01,0.1367315685845548,,0.15,-0.14531645569620255,
3275,603612,索通发展,sh,False,True,-1.932668627638269,16.61,0.7312614259597806,0.07610697596541699,6.71,-0.33728813559322035,
3276,002632,道明光学,sz,False,True,-1.9328669263990974,8.29,0.4186728072011723,0.037747529424199185,4.05,-0.1553829078801331,
3277,000948,南天信息,sz,False,True,-1.9329052514754357,13.69,0.5122688386865427,0.01025602105356002,0.48,-0.36308926780341033,
3278,605118,力鼎光电,sh,False,True,-1.9329156250240567,28.59,0.13759132624279366,0.02327237522516023,4.35,-0.15978128797083846,
3279,002218,拓日新能,sz,False,True,-1.9329558882222866,3.84,0.7267441860465117,,-1.03,0.14754098360655732,
3280,603293,埃泰克,sh,False,True,-1.9329901862585093,34.78,0.4730368968779565,0.0400312243549969,3.17,,
3281,600201,生物股份,sh,False,True,-1.9329922749667958,12.43,0.39577314283452725,0.010516883805260967,1.92,0.3118405627198124,
3282,688790,昂瑞微,sh,False,True,-1.9330033790059549,93.99,0.29049500348594004,,-2.47,,
3283,688552,航天南湖,sh,False,True,-1.9331127229965794,25.87,0.2959981056121241,,1.24,-0.4004014049172102,
3284,301508,中机认检,sz,False,True,-1.9331205559682931,23.71,0.3866976024748647,0.02839078208087398,1.51,-0.3708345200797494,
3285,000925,众合科技,sz,False,False,-1.9331589368681747,8.97,0.5332195798229711,,-0.5,-0.17472118959107807,
3286,300562,乐心医疗,sz,False,True,-1.9331789447474255,14.94,0.3252667187093417,0.027907236346384617,3.02,-0.23631990378833434,
3287,301538,骏鼎达,sz,False,True,-1.9332273621163523,37.35,0.3588087549336204,0.044822346629135416,2.43,-0.2806579221320009,
3288,600763,通策医疗,sh,False,True,-1.9332850173970284,34.61,0.2672082086361693,0.039721788592696754,11.08,-0.25220653133274495,
3289,000688,国城矿业,sz,False,True,-1.9333286799763798,33.9,0.07468985039622966,0.017090774229163355,11.77,0.9715707178393744,
3290,300761,立华股份,sz,False,True,-1.9333534849567764,18.41,0.5892057506481263,0.022916910158837105,-0.78,-0.10872817955112213,
3291,300774,倍杰特,sz,False,True,-1.9335118834412404,11.13,0.3199897603276695,0.008330167869542908,-2.05,-0.011815252416756294,
3292,003015,日久光电,sz,False,True,-1.9335994607860916,12.05,0.33537914612469394,0.027666267350207913,3.06,-0.3872135102533172,
3293,601666,平煤股份,sh,False,True,-1.9336083774197788,9.8,0.9031791907514451,0.00825092719794387,0.48,-0.062195121951219345,
3294,600315,上海家化,sh,False,True,-1.9336305500854198,18.23,0.5767012687427913,0.031236821965733207,5.39,-0.2412539754656975,
3295,601696,中银证券,sh,False,True,-1.9339754479672282,11.61,0.6000600060006,0.034925713008431065,5.52,-0.2402422611036339,
3296,600268,国电南自,sh,False,True,-1.9341235645921104,10.49,0.35091413131206795,0.04834724928325203,5.18,0.09018036072144286,
3297,000155,川能动力,sz,False,True,-1.934135130873637,12.11,0.4805843906189927,0.023816044869428534,2.48,0.16367265469061887,
3298,601116,三江购物,sh,False,True,-1.9341898396581114,10.33,0.5918910920390648,0.031246777676052155,1.8,-0.1320224719101124,
3299,002100,天康生物,sz,False,True,-1.9342049151372216,7.17,0.7006726457399103,,-2.38,0.0738461538461539,
3300,600649,城投控股,sh,False,True,-1.9342066221300698,3.81,2.217786648924373,0.02875314846975744,0.03,-0.21076233183856496,
3301,301622,英思特,sz,False,True,-1.934281549272545,39.62,0.3383865728207905,0.016964938561475,-0.81,-0.5538372763993076,
3302,603275,众辰科技,sh,False,True,-1.9343437335225004,34.92,0.581260172053011,0.034916932617303435,3.19,-0.39270661535642293,
3303,603223,恒通股份,sh,False,True,-1.9345202212337111,10.33,0.5606638259699483,0.043452189555831716,4.46,0.010848126232741562,
3304,002430,杭氧股份,sz,False,True,-1.9345416770387684,22.86,0.45024763619990993,0.04417039170303362,2.61,0.034852546916890104,
3305,002643,万润股份,sz,False,True,-1.934590311535112,12.98,0.5972288580984233,0.02050281093537924,2.5,0.043124491456468794,
3306,300599,雄塑科技,sz,False,True,-1.9347237670801714,11.62,0.46981442330279544,,1.65,0.03550295857988184,
3307,301525,儒竞科技,sz,False,True,-1.9347329189361944,38.65,0.6381620931716656,0.01627424048119674,0.32,-0.3827012184657629,
3308,603088,宁波精达,sh,False,True,-1.93480948672709,9.54,0.23976215594130623,0.01914590134117039,0.7,-0.07308970099667778,
3309,600389,江山股份,sh,False,True,-1.934845738060682,18.28,0.5309264666843643,0.07110504348073408,4.37,-0.13144449605202047,
3310,301565,中仑新材,sz,False,True,-1.93491122419853,19.93,0.3063162408870918,0.010006564306184858,3.24,-0.19760744350908288,
3311,300677,英科医疗,sz,False,True,-1.9349711095888193,48.1,0.5794749956539376,0.02121093211441177,5.54,0.271562082777036,
3312,002410,广联达,sz,False,True,-1.9350251906771827,8.9,0.41334270243458854,0.02785111905796375,0.56,-0.34839203675344566,
3313,002242,九阳股份,sz,False,True,-1.9350755788390517,8.21,0.5167958656330749,0.010645591234846001,2.22,-0.1938061938061938,
3314,002782,可立克,sz,False,True,-1.9350755788390517,14.99,0.2950287653046172,0.02969623718978568,3.27,-0.04189560439560447,
3315,003035,南网能源,sz,False,False,-1.9352850336968679,5.73,0.3242437015660971,0.01569841461710782,1.22,0.14345991561181437,
3316,605305,中际联合,sh,False,True,-1.9353693124027085,36.25,0.3977091950365892,0.07277278879881234,8.46,-0.014439485429246668,
3317,301517,陕西华达,sz,False,True,-1.9353913536258325,37.66,0.22337383845604003,,-5.19,-0.1927094909979996,
3318,300869,康泰医学,sz,False,True,-1.935427959291259,11.23,0.3755304367418979,,-0.48,-0.4331491712707183,
3319,603501,豪威集团,sh,False,True,-1.93545903980585,82.5,0.3165759149043941,0.035489308845710235,1.52,-0.18365627632687442,
3320,000949,新乡化纤,sz,False,True,-1.9354665499392507,6.95,0.591261160054396,0.024866528906096527,1.7,0.3855721393034828,
3321,001285,瑞立科密,sz,False,True,-1.9355225702637502,40.6,0.5281783129984683,0.04778470125004779,2.14,,
3322,600208,衢州发展,sh,False,True,-1.935555048036716,2.88,1.7053206002728512,0.0061875865875398095,0.63,-0.2904884318766068,
3323,300855,图南股份,sz,False,True,-1.93558345184977,34.0,0.16347348460079775,0.02315538420571243,11.33,-0.03293084522502743,
3324,300488,恒锋工具,sz,False,True,-1.9356128499452459,31.49,0.3675659780930677,0.03332422471191208,4.82,-0.1833005341579983,
3325,603155,新亚强,sh,False,True,-1.9356496491059791,13.82,0.3547608911593586,0.015031716922706913,3.22,0.21340887629839478,
3326,600343,航天动力,sh,False,True,-1.9357352428443133,17.8,0.11211516469717694,,-1.75,0.11398963730569944,
3327,600126,杭钢股份,sh,False,True,-1.9358814927607033,6.87,0.8378016085790885,0.0029628725404824683,0.05,-0.3054919908466819,
3328,603610,麒盛科技,sh,False,True,-1.9359223252287998,14.96,0.5892751915144372,0.017834499412353245,1.08,-0.029434546862897037,
3329,600499,科达制造,sh,False,True,-1.9359801105288175,13.96,0.4913280597454921,0.05784057979397185,4.46,0.40092165898617504,
3330,300627,华测导航,sz,False,True,-1.9361304248461473,26.98,0.20384035223612865,0.03230934256949739,7.63,-0.26725082146768897,
3331,600779,水井坊,sh,False,True,-1.9361319801758294,26.83,0.4040240798351582,0.029559824651120167,3.24,-0.3434492968171725,
3332,300174,元力股份,sz,False,True,-1.936196744167,19.02,0.504133897963299,0.0321910862882068,1.19,0.1912928759894459,
3333,603486,科沃斯,sh,False,True,-1.936216222448198,55.05,0.3156167150612296,0.06354733959062804,12.25,-0.37719093246085533,
3334,603300,海南华铁,sh,False,True,-1.9363223435208967,4.71,0.7248477819657873,0.045018682753342636,3.48,-0.5691736304549675,
3335,300498,温氏股份,sz,False,True,-1.9363462036468826,13.66,0.4352746583093932,0.024018426937146176,-2.65,-0.19848219497956798,
3336,600103,青山纸业,sh,False,True,-1.9364990558557347,2.86,0.6205398696866274,0.0061104114689979104,0.38,0.12554112554112562,
3337,300414,中光防雷,sz,False,True,-1.9365775106075456,10.48,0.2921840759678598,0.0054888025683204975,1.21,-0.26291693917593195,
3338,002497,雅化集团,sz,False,True,-1.9368300764948185,19.54,0.48988389751628864,0.0394625204711825,5.89,0.190576652601969,
3339,688768,容知日新,sh,False,True,-1.9368365617776961,40.3,0.3048780487804878,0.019124298377303284,-3.81,-0.22067252579289265,
3340,000729,燕京啤酒,sz,False,True,-1.936889488499816,11.4,0.5253480430785396,0.06147717352546999,8.29,-0.028928850664581618,
3341,300066,三川智慧,sz,False,True,-1.9370086488922686,4.9,0.5067139599695971,0.0239848991075219,0.97,-0.34850640113798015,
3342,000777,中核科技,sz,False,True,-1.9370179608631712,16.86,0.38001140034201025,0.024345294176362182,6.88,-0.21741176470588242,
3343,002678,珠江钢琴,sz,False,True,-1.9370680847320902,4.8,0.4669842159335015,,-1.49,-0.2036290322580645,
3344,300781,因赛集团,sz,False,True,-1.937126542340933,26.03,0.1288078830424422,,-16.86,-0.45822485207100594,
3345,002276,万马股份,sz,False,True,-1.9372082576575769,9.99,0.6178178672927221,0.030296328387962663,3.35,-0.38914027149321273,
3346,601615,明阳智能,sh,False,True,-1.9372735586079413,10.6,1.1004732034774953,0.0159550196087191,0.09,-0.037752414398595224,
3347,300457,赢合科技,sz,False,True,-1.9373529388612656,21.26,0.518887505188875,0.04504463923748435,4.93,-0.12674698795180717,
3348,300316,晶盛机电,sz,False,True,-1.9373569022475237,42.99,0.3047015448368323,0.008490153544426851,1.35,0.3917231537638244,
3349,600062,华润双鹤,sh,False,True,-1.9373912420359627,15.83,0.7449899426357743,0.09813157481551264,7.73,-0.1713411524732279,
3350,600435,北方导航,sh,False,True,-1.9374101800421464,10.32,0.18609844607797524,0.007794025723402497,-0.54,-0.40529648819804265,
3351,000063,中兴通讯,sz,False,True,-1.9375224080709963,33.13,0.47544335092473733,0.020905020131534387,3.58,0.03626011387473782,
3352,300655,晶瑞电材,sz,False,True,-1.9375657288629393,12.66,0.1804630682330861,0.007890498813663504,5.61,0.1938369781312126,
3353,000738,航发控制,sz,False,True,-1.9375976311799155,17.82,0.5370569280343717,0.010361062298995392,1.72,-0.16752941176470582,
3354,002060,广东建工,sz,False,True,-1.9376024362584838,3.12,1.2038040207054292,0.08023170917610058,1.29,-0.1039325842696629,
3355,600078,澄星股份,sh,False,True,-1.9376256543415058,10.83,0.24449877750611249,0.014610313712656038,6.54,0.49108589951377635,
3356,688750,金天钛业,sh,False,True,-1.9376372575470429,13.84,0.38651824366110077,0.00929664381861504,0.39,-0.38941229250785103,
3357,605011,杭州热电,sh,False,True,-1.9377246388885465,16.49,0.3769744034380066,0.026049603655280383,3.85,-0.2452999104744853,
3358,603072,天和磁材,sh,False,True,-1.937741779975634,31.26,0.2698909640505236,0.02095895607631575,7.39,-0.4301994301994302,
3359,002901,大博医疗,sz,False,True,-1.9377444835214608,45.51,0.19766361605819216,0.034130974200396604,3.94,-0.2501724137931034,
3360,300910,瑞丰新材,sz,False,True,-1.9378055702501897,25.26,0.40913182227313644,0.07042203928141351,3.53,-0.36745230078563407,
3361,002597,金禾实业,sz,False,True,-1.9378618396437353,19.76,0.7040270346381301,0.017903468080801933,1.21,-0.18037135278514593,
3362,603883,老百姓,sh,False,True,-1.9380382342834561,13.01,0.6886578059362303,0.040014084957905184,3.88,-0.32865956253505313,
3363,300572,安车检测,sz,False,True,-1.9381313183135545,18.73,0.37517820964958354,,-0.32,-0.3555802743789396,
3364,600031,三一重工,sh,False,True,-1.9381719789879017,18.61,0.5293245818335803,0.04920194446084509,2.74,-0.0476653696498055,
3365,001311,多利科技,sz,False,True,-1.9382420722143276,17.72,0.6697475051905432,0.03432875273342694,3.52,-0.22325327510917026,
3366,002237,恒邦股份,sz,False,True,-1.9382921297319895,15.19,0.6322711178553364,0.045752979662800536,4.9,0.03217821782178221,
3367,002737,葵花药业,sz,False,True,-1.9383017837207892,12.86,0.5257623554153523,,2.79,-0.17998741346758973,
3368,000066,中国长城,sz,False,True,-1.9383423167024165,13.88,0.2441585077032009,0.0004505700544743702,-0.76,-0.03141711229946531,
3369,300351,永贵电器,sz,False,True,-1.9384321577516257,13.6,0.4600874166091557,0.0033073453162863935,-0.88,-0.24809830310122882,
3370,002270,华明装备,sz,False,True,-1.938437489772738,19.52,0.17842486528922671,0.0400943017978285,5.22,0.02382302892796373,
3371,000973,佛塑科技,sz,False,True,-1.9385605705748865,14.67,0.2537555826228177,0.017874762265661866,6.08,0.8081570996978853,
3372,600782,新钢股份,sh,False,True,-1.9386004044130292,2.74,2.911208151382824,,0.17,-0.33252427184466016,
3373,002713,东易日盛,sz,False,True,-1.9386728058082776,9.05,0.10086237329164355,0.00444988517071317,4.12,1.8108108108108105,
3374,603693,江苏新能,sh,False,True,-1.938813661126365,11.19,0.7200979333189313,0.04543699025376559,7.18,-0.14170337738619676,
3375,600882,妙可蓝多,sh,False,True,-1.938839385548726,19.83,0.4690871563936579,0.013563901574904611,3.2,-0.24889705882352942,
3376,601156,东航物流,sh,False,True,-1.938883556672782,18.67,0.6820351930159596,0.09180376028202115,2.86,0.1717171717171717,
3377,603281,江瀚新材,sh,False,True,-1.9389181809857805,18.88,0.5078720162519045,0.039416633819471816,3.58,0.046972269383135146,
3378,300705,九典制药,sz,False,True,-1.9389842099687389,10.92,0.4679457182966776,0.062428987027256494,6.15,-0.4078179696616102,
3379,002139,拓邦股份,sz,False,True,-1.9393356778410513,9.39,0.5978358342799067,0.01869497834186759,0.74,-0.36413043478260876,
3380,920781,瑞奇智造,bj,False,True,-1.9393388392493485,5.47,0.4177982034677251,,-12.3356,-0.5619208087615838,18.2473
3381,002438,江苏神通,sz,False,True,-1.93937130340297,13.49,0.5505698397841766,0.04170767921789759,3.99,-0.1765913757700206,
3382,605499,东鹏饮料,sh,False,True,-1.9394685433480845,120.99,0.21924055073226342,0.05524343017506643,14.72,-0.4387796065837013,
3383,002210,飞马国际,sz,False,True,-1.9396152190714724,2.2,0.16009221311475408,0.0047461385416824875,1.67,-0.33850931677018636,
3384,600158,中体产业,sh,False,True,-1.9396568333072577,6.82,0.3667167846272324,,-8.89,-0.2289719626168225,
3385,603233,大参林,sh,False,True,-1.9397111268716014,17.36,0.388530577356438,0.06506604203266315,6.49,0.09916367980884111,
3386,600415,小商品城,sh,False,True,-1.939751519541959,12.3,0.35388208648878194,0.06509738568899073,4.15,-0.4065040650406504,
3387,603365,水星家纺,sh,False,True,-1.9397588420176124,17.36,0.7109341674960898,0.09264320323139492,4.86,0.04537418974661156,
3388,600166,福田汽车,sh,False,True,-1.9397681384518684,2.85,0.713165026387106,0.06335569789469016,3.12,0.10074626865671643,
3389,600559,老白干酒,sh,False,True,-1.9398313495793265,11.52,0.5196424859696529,0.04202122071646181,8.1,-0.3117040630685264,
3390,601888,中国中免,sh,False,True,-1.9399695449843295,52.06,0.5311238580837051,0.0378372242612282,5.41,-0.17211328976034856,
3391,600761,安徽合力,sh,False,True,-1.9399737883918486,16.65,0.7520493344363389,0.08197863636736266,2.92,-0.062118691070438214,
3392,002077,大港股份,sz,False,True,-1.9399959724878466,12.08,0.48274197441467537,0.010827573064463037,1.59,-0.16248256624825663,
3393,301096,百诚医药,sz,False,True,-1.940095825427023,48.2,0.4751948298802509,,-3.63,-0.35656836461126007,
3394,300710,万隆光电,sz,False,True,-1.940101424607519,30.66,0.14207168937445835,,-2.1,0.2826413206603302,
3395,600592,龙溪股份,sh,False,True,-1.9401240165751614,13.8,0.46888920148168994,0.0251179917663223,6.52,-0.42026351658337124,
3396,600566,济川药业,sh,False,True,-1.9401853202017822,24.4,0.6666666666666666,0.07728512802281456,2.67,0.07847896440129465,
3397,300276,三丰智能,sz,False,True,-1.9402071715504436,6.11,0.20451152422439003,,-10.59,-0.4307116104868913,
3398,301367,瑞迈特,sz,False,True,-1.9402329235915012,42.4,0.5793071486502144,0.03617251395354726,1.25,-0.2821691176470589,
3399,603992,松霖科技,sh,False,True,-1.9402823331648598,21.13,0.39155800931908064,0.02727798448428243,2.6,-0.2786119452786119,
3400,688309,恒誉科技,sh,False,True,-1.940292490800097,73.0,0.14484776499898605,0.01830710535372989,9.66,1.7475769068689422,
3401,300324,旋极信息,sz,False,True,-1.9403348289954963,3.28,0.41729260557502923,,-5.96,-0.3232931726907631,
3402,688570,天玛智控,sh,False,True,-1.940374255689949,15.2,0.6556087327083197,0.008571433469390554,0.29,-0.3458118858212448,
3403,688631,莱斯信息,sh,False,True,-1.9404500551675767,39.25,0.29673590504451036,0.008951838215218303,2.88,-0.596644010195412,
3404,002600,领益智造,sz,False,True,-1.9404529758562543,12.08,0.24867580135776987,0.02155283893994517,1.61,0.2780126849894291,
3405,301662,宏工科技,sz,False,True,-1.940489316104576,71.48,0.18682509434667266,0.014301486782565917,4.06,-0.10383064516129037,
3406,002617,露笑科技,sz,False,True,-1.940523454937241,6.06,0.5566998830930245,0.015980107961609386,3.33,-0.2272727272727273,
3407,002544,普天科技,sz,False,True,-1.9405868946935216,15.92,0.3438553056873668,0.0023021254142674683,0.67,-0.3797996661101837,
3408,600812,华北制药,sh,False,True,-1.9406314271908438,4.61,0.6976906439684644,0.015602060096015079,1.16,-0.29027355623100304,
3409,301215,中汽股份,sz,False,True,-1.9407010924701191,5.35,0.41976241447340806,0.034854135443170335,4.34,-0.20760697305863707,
3410,601886,江河集团,sh,False,True,-1.940779240399238,13.23,0.48255561453457513,0.048222750529244685,6.09,0.16968011126564675,
3411,603915,国茂股份,sh,False,True,-1.9408599622180942,12.94,0.43882745304546256,0.028581963066387328,1.45,-0.21702404158544508,
3412,002446,盛路通信,sz,False,True,-1.9409046207926222,8.34,0.33338889814969164,0.009111301841029651,2.75,-0.06949806949806936,
3413,002125,湘潭电化,sz,False,True,-1.940919283212081,13.3,0.41401010184648507,0.03874872613562829,6.42,-0.11025443330763307,
3414,301161,唯万密封,sz,False,True,-1.9409823908166246,27.47,0.2913837815787173,0.027767827639540273,9.36,-0.3667687595712098,
3415,601390,中国中铁,sh,False,True,-1.9409979444770613,4.36,3.005710850616171,0.1984481355797662,1.16,-0.1985559566787003,
3416,301559,中集环科,sz,False,True,-1.9411494987925852,12.82,0.5861664712778429,0.012392479747589972,1.0,-0.26740784084259805,
3417,002322,理工能科,sz,False,True,-1.9411593437119605,11.82,0.6533385600418137,0.05214933483523418,4.27,-0.1909465020576132,
3418,002292,奥飞娱乐,sz,False,True,-1.941257366472193,7.74,0.259787493830047,0.006770664066731665,1.84,-0.25079702444208296,
3419,000791,甘肃能源,sz,False,True,-1.941420841596404,7.27,0.6431281754453663,0.08761938140716727,5.54,0.14024390243902451,
3420,002543,万和电气,sz,False,True,-1.941598302022188,7.38,0.8803591865481117,0.021134276626546766,1.65,-0.531787584143605,
3421,300902,国安达,sz,False,True,-1.9416396947662569,15.02,0.29701793988356895,,-0.84,-0.41532433609055286,
3422,603202,天有为,sh,False,True,-1.9416944508435425,51.62,0.8322929671244278,0.0978971688138779,1.85,-0.48927993527508085,
3423,688363,华熙生物,sh,False,True,-1.941761709546189,35.33,0.4189710072063013,0.014973825752584484,0.91,-0.3049550411325809,
3424,000564,供销大集,sz,False,True,-1.9417919450727523,1.42,0.5649079200090386,,-0.94,-0.4229074889867841,
3425,300127,银河磁体,sz,False,True,-1.941860048013643,25.05,0.1856424155791115,0.026046007667944657,7.81,-0.2817679558011049,
3426,002250,联化科技,sz,False,True,-1.941871489654034,14.54,0.5223568742164647,0.031651278869922736,1.49,0.5307377049180328,
3427,000733,振华科技,sz,False,True,-1.9419006404174444,39.1,0.7273785277858598,0.04535764503106999,0.1,-0.199010105176325,
3428,300129,泰胜风能,sz,False,True,-1.9419285155733907,7.04,0.7306736811340055,0.014854360423230437,0.36,-0.0539083557951483,
3429,605599,菜百股份,sh,False,True,-1.9419784311475374,17.1,0.38035829751626027,0.09110953187922521,9.88,-0.020639147802929303,
3430,002179,中航光电,sz,False,True,-1.9420478943712782,33.01,0.35588455105163885,0.027693159789531987,1.61,-0.11918604651162801,
3431,600276,恒瑞医药,sh,False,True,-1.9421002480103604,46.76,0.20771883178929004,0.02489531519958574,6.93,-0.12001975633849193,
3432,002635,安洁科技,sz,False,True,-1.9421592126206624,15.4,0.5746796161140164,0.011309479379426246,0.6,-0.0542521994134898,
3433,688036,传音控股,sh,False,True,-1.9421797407630748,56.71,0.32419114309797054,0.04811671189637585,8.38,-0.29400682915342047,
3434,002310,东方新能,sz,False,True,-1.9422006344050102,2.3,0.17362618282837053,,-3.15,0.042857142857142705,
3435,601038,一拖股份,sh,False,True,-1.9422184949481678,12.93,0.5659950192438307,0.05815847019959986,6.84,0.051028179741051005,
3436,002130,沃尔核材,sz,False,True,-1.9423911192319576,15.87,0.4118955432902216,0.05062804084670336,2.53,-0.31474103585657365,
3437,600888,新疆众和,sh,False,True,-1.9424074351198086,10.53,0.7928956549318109,0.048504603086832944,4.03,0.16777629826897478,
3438,600429,三元股份,sh,False,True,-1.9424709692678876,4.49,0.7182360123536594,,-4.75,-0.14102564102564108,
3439,002906,华阳集团,sz,False,False,-1.942529083568583,28.23,0.4813477737665463,0.05678946441856107,5.63,-0.2108843537414966,
3440,600161,天坛生物,sh,False,True,-1.9425562125092737,11.94,0.5024368185700648,0.04119294776734223,1.06,-0.40316988608221893,
3441,002865,钧达股份,sz,False,True,-1.9425781090259395,39.8,0.3051664683084623,,-6.69,-0.03071512309495883,
3442,600064,南京高科,sh,False,True,-1.9425795754403268,7.59,1.5149219815179518,0.1298212361578107,6.31,0.02046384720327432,
3443,001237,惠康科技,sz,False,True,-1.942585074652032,51.43,0.1946813067009306,0.051654760244430324,5.58,,
3444,920211,新睿电子,bj,False,True,-1.9425933577350143,103.3,0.073071105492755,0.01661681621801263,8.8989,,34.5212
3445,600617,国新能源,sh,False,True,-1.9427402571619006,3.3,0.500150045013504,,2.71,0.1452702702702704,
3446,688667,菱电电控,sh,False,True,-1.942757683518775,85.5,0.4028846541235244,0.034915225831680684,3.56,0.38897789170137775,
3447,301119,正强股份,sz,False,True,-1.9429835594109413,21.7,0.33781501249915546,0.03175046673186096,2.39,-0.3574846206425154,
3448,002584,西陇科学,sz,False,True,-1.9430209089486237,8.09,0.4621285641665511,,-3.48,-0.21973094170403584,
3449,002161,远 望 谷,sz,False,True,-1.9430417332647172,5.79,0.3551010262419658,0.00030477217761610496,0.99,-0.3957016434892541,
3450,301535,浙江华远,sz,False,True,-1.9432082741810004,14.49,0.18893591293833134,0.014430389245319504,8.81,-0.1936117936117937,
3451,002895,川恒股份,sz,False,True,-1.943283851720844,33.01,0.3699456179941549,0.06421988889959221,7.57,0.42991452991452994,
3452,002568,百润股份,sz,False,True,-1.9433641031368343,17.9,0.2677591238921466,0.03900368974905026,9.34,-0.2708074534161491,
3453,603383,顶点软件,sh,False,True,-1.9434067111689772,28.02,0.25202248040525216,0.034302610771705835,4.97,-0.27288911495422175,
3454,600345,长江通信,sh,False,True,-1.9435291555339163,47.7,0.2422245906404418,0.015957845754654504,0.47,0.5226395226395228,
3455,000011,深物业A,sz,False,True,-1.9435451546075848,7.97,0.7086669973779322,0.00034614011371048877,-0.81,-0.0472895040369089,
3456,300053,航宇微,sz,False,True,-1.9435885943544722,11.48,0.17405531477903677,,-2.89,-0.20000000000000007,
3457,603919,金徽酒,sh,False,True,-1.9436227342997197,16.11,0.4163024020648599,0.03306025562189647,6.29,-0.209366391184573,
3458,600416,湘电股份,sh,False,True,-1.9437021091970819,8.26,0.7985944737262418,0.018304793110075875,0.52,-0.4157608695652174,
3459,603112,华翔股份,sh,False,True,-1.9438704358945103,15.96,0.5246864998163597,0.06634071263193508,5.71,-0.17478684531059685,
3460,688516,奥特维,sh,False,True,-1.9440297761040521,42.5,0.27482342594882786,0.02973951161774021,11.96,0.09175920514319102,
3461,603010,万盛股份,sh,False,True,-1.9440744371670198,11.45,0.38675742574257427,,0.54,-0.030303030303030387,
3462,601369,陕鼓动力,sh,False,True,-1.9441740642819596,8.74,0.6038282712396594,0.045936671704388324,2.11,0.02188940092165903,
3463,688119,中钢洛耐,sh,False,True,-1.944184946445801,3.83,0.6538511834706421,,0.1,-0.16551724137931034,
3464,000099,中信海直,sz,False,True,-1.9442237487005627,13.69,0.5260389268805892,0.029245324403760948,1.67,-0.4078602620087336,
3465,603707,健友股份,sh,False,True,-1.944254549413097,7.78,0.5523031039434442,0.046606575255637064,8.42,-0.3312666076173605,
3466,300467,迅游科技,sz,False,True,-1.944265213026158,32.71,0.09774311155421321,0.0037853881745230507,0.94,0.39877300613496947,
3467,301107,瑜欣电子,sz,False,True,-1.9442672697841068,19.87,0.33530042918454933,0.017745063766886646,2.73,-0.28005342831700797,
3468,300685,艾德生物,sz,False,True,-1.9443085257708517,18.41,0.2865001146000458,0.04956113613948486,4.14,-0.29552238805970144,
3469,603032,德新科技,sh,False,False,-1.9443578243388855,20.22,0.25176867494146377,0.015603374697879657,4.5,-0.130068457082675,
3470,002020,京新药业,sz,False,True,-1.944392573690608,12.69,0.5577244841048522,0.06954586549829612,12.99,-0.2767329392799569,
3471,000058,深 赛 格,sz,False,True,-1.944412387819815,6.72,0.24628115456605262,0.008450135328917292,1.21,-0.3303571428571429,
3472,600570,恒生电子,sh,False,True,-1.9444756091424056,21.14,0.24912184549463143,0.03343900057515081,1.39,-0.3906158357771261,
3473,002558,巨人网络,sz,False,True,-1.944521200902526,26.66,0.32200933827080985,0.04908409086446901,6.62,-0.1803389830508475,
3474,000682,东方电子,sz,False,True,-1.9445974534120167,11.48,0.4061573453555908,0.06577995290155372,6.44,0.11900191938579652,
3475,002216,三全食品,sz,False,True,-1.9445974534120167,12.4,0.4472872031131189,0.05554259561657835,5.52,0.188785046728972,
3476,603229,奥翔药业,sh,False,True,-1.9447769329470446,7.94,0.3590664272890485,0.016387183256231636,4.08,-0.3122043519394513,
3477,603338,浙江鼎力,sh,False,True,-1.944783922831813,54.66,0.42793563847997257,0.06949704985023386,3.82,0.12893642305407016,
3478,300872,天阳科技,sz,False,True,-1.94483733531926,15.0,0.48837663606173076,,1.68,-0.436818732337505,
3479,600085,同仁堂,sh,False,True,-1.9448495951842142,23.78,0.4318908180012093,0.03306430014449099,3.35,-0.2960674157303371,
3480,600674,川投能源,sh,False,True,-1.9448623647642105,15.59,0.5879586077140169,0.06082984068664724,5.21,0.03588039867109627,
3481,300303,聚飞光电,sz,False,True,-1.944937256528473,6.87,0.3948667324777887,0.0293230194499588,1.33,0.049284578696343395,
3482,300267,尔康制药,sz,False,True,-1.944969847792576,3.17,0.6151574803149606,,0.33,-0.2817955112219451,
3483,301178,天亿马,sz,False,True,-1.9451287479780481,34.48,0.24318474745263977,0.0024394688495684457,0.12,-0.20671764063353348,
3484,000963,华东医药,sz,False,True,-1.9452842239698622,27.15,0.5404528995298059,0.07354617596658061,13.76,-0.3069835111542193,
3485,000858,五 粮 液,sz,False,True,-1.945295861534708,71.48,0.46131844812474054,0.04541491062345589,7.47,-0.36253357594662516,
3486,600839,四川长虹,sh,False,True,-1.9454485996919437,6.83,0.48823357094033787,0.023530020777008345,0.64,-0.3292307692307692,
3487,301606,绿联科技,sz,False,True,-1.9454988588155138,48.95,0.17823088028231773,0.03899395593682979,6.56,0.030460767302872727,
3488,603882,金域医学,sh,False,True,-1.9455014016839156,29.73,0.4609569466211856,,-2.57,-0.11576438542730683,
3489,300505,川金诺,sz,False,True,-1.945707574103513,18.76,0.5727704908643106,0.08202234288620219,1.39,-0.2188392007611797,
3490,000920,沃顿科技,sz,False,True,-1.9458096404397038,11.32,0.37821482602118,0.0427633688982018,6.56,0.0582347588717016,
3491,300573,兴齐眼药,sz,False,True,-1.9460297861543163,38.52,0.15983121823354537,0.05532534066578515,9.45,-0.05799220272904493,
3492,300595,欧普康视,sz,False,True,-1.9460518820319088,10.71,0.5282899255111205,0.04859133713641532,2.89,-0.43011332973556393,
3493,002685,华东重机,sz,False,True,-1.9460941186560101,5.38,0.3042472921990994,0.01595397597012139,3.28,-0.38773006134969323,
3494,000019,深粮控股,sz,False,True,-1.9462304431475173,6.42,0.6829668078131403,0.029305231569939864,1.29,-0.13803230543318645,
3495,002062,宏润建设,sz,False,True,-1.946265308270677,7.79,0.5068166844052506,0.02574824396976126,2.29,0.42205323193916366,
3496,002255,海陆重工,sz,False,True,-1.9464119140322327,7.62,0.732922896511287,0.06104186250930888,3.58,-0.07683215130023657,
3497,002414,高德红外,sz,False,True,-1.9464765252420602,13.41,0.1293393346784624,0.016911803254845655,4.94,0.08870356330553442,
3498,001360,南矿集团,sz,False,True,-1.9465332499599899,18.18,0.38581735406458584,0.011956516540644982,0.9,-0.14113159567705025,
3499,603193,润本股份,sh,False,True,-1.9465443074014719,20.68,0.27977506085107573,0.042078155966892905,9.62,-0.40920554854981084,
3500,600850,电科数字,sh,False,True,-1.9466700024620376,14.15,0.42506163393692087,0.026287979558467095,0.51,-0.3464491362763916,
3501,002534,西子洁能,sz,False,True,-1.9466802728870662,15.1,0.44899425287356326,0.035103361848964273,1.06,-0.11254480286738344,
3502,002935,天奥电子,sz,False,True,-1.9468127448207786,15.42,0.24732273143224592,0.010107891635315357,0.57,-0.12424242424242427,
3503,002601,龙佰集团,sz,False,True,-1.9468743978906313,15.37,0.6234025310142759,0.02034194814837417,0.82,-0.05214368482039411,
3504,300926,博俊科技,sz,False,True,-1.9468871017329277,16.98,0.49055678194751046,0.11175806613842354,3.52,-0.3872437357630979,
3505,600710,苏美达,sh,False,True,-1.9469199413362395,10.43,0.6284170175328349,0.10066945185483464,3.63,0.003816793893129722,
3506,000661,长春高新,sz,False,True,-1.9469514487989001,76.11,0.7218652999350321,,2.12,-0.2800267328623257,
3507,002157,正邦科技,sz,False,True,-1.9469641958575614,2.93,0.38541586371695064,,-3.97,-0.02083333333333337,
3508,001391,国货航,sz,False,True,-1.9471275925081892,4.09,0.5469262743382192,0.04962360495640566,1.73,-0.3666666666666667,
3509,002171,楚江新材,sz,False,True,-1.947173129408819,9.77,0.5617030837499298,0.02469806614142113,1.57,-0.041214750542299394,
3510,600531,豫光金铅,sh,False,True,-1.9472318787369864,13.89,0.4228687415426252,0.053949363127768275,3.87,0.33097762073027104,
3511,688027,国盾量子,sh,False,True,-1.9475869947712963,369.1,0.08483203257550051,0.00015820857268971974,-0.72,0.3610955423532489,
3512,300059,东方财富,sz,False,True,-1.9475932799217628,18.92,0.3287310979618672,0.048709680561914874,8.19,-0.15944540727902945,
3513,300756,金马游乐,sz,False,True,-1.9478175944577352,29.15,0.23054223533751383,0.01686727478814703,1.83,0.17249757045675418,
3514,605333,沪光股份,sh,False,True,-1.9478213180063377,17.16,0.4330316546139523,0.05253977260786415,1.6,-0.540005904930617,
3515,600089,特变电工,sh,False,True,-1.9480445031620781,19.0,0.7381163271331562,0.05544343660597458,3.38,0.5284857571214394,
3516,300007,汉威科技,sz,False,True,-1.9480551525890732,30.67,0.29420417769932333,0.0165910667060428,0.84,-0.37684210526315787,
3517,603516,淳中科技,sh,False,True,-1.9481223983403742,95.88,0.0874118233232227,0.015179827830392746,7.26,-0.00967419103747369,
3518,603097,江苏华辰,sh,False,True,-1.9481489025522114,19.27,0.24346894553599685,0.01125115043013148,0.01,-0.058859595340281956,
3519,603087,甘李药业,sh,False,True,-1.9482154629093285,65.47,0.30235230090100984,0.02618383671759423,5.21,0.04940318302387259,
3520,301522,上大股份,sz,False,True,-1.9484977427306658,22.5,0.2331219694143976,0.012212293627503062,3.15,-0.414654454621149,
3521,000002,万  科Ａ,sz,False,True,-1.9485143543339198,3.05,3.037667071688943,,-5.38,-0.524031007751938,
3522,603386,骏亚科技,sh,False,True,-1.9486913562467083,13.55,0.2960419195358063,,-0.64,-0.18599717114568604,
3523,300758,七彩化学,sz,False,True,-1.9487159418676963,11.33,0.397630124458229,0.014176394035707501,3.08,-0.3871399866041527,
3524,000899,赣能股份,sz,False,True,-1.9489298027234478,9.45,0.6591957811470007,0.09024537718055393,4.13,0.13033953997809422,
3525,688586,江航装备,sh,False,True,-1.9490442924462905,11.06,0.28468129928544994,0.005818090421270473,0.64,-0.2320872274143303,
3526,002342,巨力索具,sz,False,True,-1.9490984855538553,7.44,0.3417284625636469,0.0016640948081406853,0.16,-0.0679094540612516,
3527,601328,交通银行,sh,False,True,-1.949150269231201,7.2,1.8298261665141813,0.15153811183512653,2.03,-0.047361299052773975,
3528,603859,能科科技,sh,False,True,-1.949243627256702,37.2,0.3191930798940279,0.022774218673492858,2.26,-0.13384845463609163,
3529,000509,华塑控股,sz,False,True,-1.9493685273049857,3.4,0.033138808527278206,,-2.07,-0.2165242165242165,
3530,301683,慧谷新材,sz,False,True,-1.9493841989975609,100.0,0.3736362277686444,0.033333777783703784,4.69,,
3531,603352,至信股份,sh,False,True,-1.949472629139043,25.22,0.5179736869367035,0.03271138094365792,1.82,,
3532,000400,许继电气,sz,False,True,-1.9495262257936792,21.87,0.5549389567147613,0.04260722107182725,3.36,-0.027181060938184842,
3533,000877,天山股份,sz,False,True,-1.9495403548642043,3.65,2.8481913984619767,,-2.02,-0.38620689655172413,
3534,688100,威胜信息,sh,False,True,-1.9495884778334183,25.22,0.2903347559736376,0.045444010706608924,5.62,-0.1642099056603774,
3535,603583,捷昌驱动,sh,False,True,-1.9495953143823403,22.83,0.5342451116572283,0.038055805032499654,1.07,-0.3897313115190211,
3536,301368,丰立智能,sz,False,True,-1.9496152206465844,38.59,0.20338017856779678,,-1.02,-0.4381761978361669,
3537,002176,江特电机,sz,False,True,-1.949819797882734,9.15,0.18979653811114486,,-6.08,-0.021546261089987362,
3538,300253,卫宁健康,sz,False,True,-1.94986754959286,6.97,0.35904064340083297,,0.25,-0.3772683858643745,
3539,300580,贝斯特,sz,False,True,-1.9499207565095626,19.9,0.3348737525952716,0.02758438062031755,4.37,-0.3132161955691367,
3540,688083,中望软件,sh,False,True,-1.949948729230814,51.89,0.2961383558398484,0.006349988506520803,-0.66,-0.34716056941680695,
3541,300850,新强联,sz,False,True,-1.9500584851553084,25.06,0.6890848952590959,0.0768302895733614,2.09,-0.2847260653016048,
3542,002195,岩山科技,sz,False,True,-1.9501602361437653,6.16,0.2838248233190475,0.0023423433130431745,0.93,0.013769363166953541,
3543,600563,法拉电子,sh,False,True,-1.950217774633533,126.27,0.21450481563311097,0.042409900167095005,9.55,0.19083826152257588,
3544,605298,必得科技,sh,False,True,-1.9502247736035543,47.04,0.12112109687265328,0.006482570313198902,0.72,1.5075715086932138,
3545,600010,包钢股份,sh,False,True,-1.950301338226364,2.26,0.5126364894653201,0.0049081585374472865,0.53,-0.16279069767441856,
3546,000596,古井贡酒,sz,False,True,-1.9504515572159764,90.65,0.5451968160505942,0.05897930416216949,14.17,-0.33681897400924454,
3547,002881,美格智能,sz,False,True,-1.9504592853958167,39.96,0.22584579249288583,0.011852680661521812,1.71,-0.22070511514163438,
3548,301551,无线传媒,sz,False,True,-1.9505212636585285,19.55,0.3224870198974491,0.03250478632978706,10.66,-0.5994504333121962,
3549,001221,悍高集团,sz,False,True,-1.9506803504754582,38.11,0.1994534974170772,0.04791153613967171,9.61,-0.1769455034761157,
3550,002279,久其软件,sz,False,True,-1.9507342948706152,6.19,0.2616431187859759,0.01405066670413511,-6.14,-0.21632653061224494,
3551,002236,大华股份,sz,False,True,-1.9507531869654908,16.1,0.7427764985515858,0.07153638698323903,6.09,0.033333333333333215,
3552,601611,中国核建,sh,False,True,-1.9509506330968291,10.56,0.7075638576381519,0.03677971525144452,3.97,0.07288317256162902,
3553,000681,视觉中国,sz,False,True,-1.9510006552287948,16.44,0.33284516043136736,0.026398458330033524,6.23,-0.2442710872745003,
3554,001233,海安集团,sz,False,True,-1.9511151512433638,43.15,0.587820362097343,0.05859432221017783,1.13,,
3555,600316,洪都航空,sh,False,True,-1.9512171017893678,29.11,0.2582978173834431,0.002590603776478561,0.11,-0.43735866123925826,
3556,300133,华策影视,sz,False,True,-1.9513772386560337,6.83,0.5803156917363045,0.018779801197024527,2.25,-0.16556291390728473,
3557,600536,中国软件,sh,False,True,-1.9514578584184357,33.2,0.11339411257767497,,-2.1,-0.3405265429434614,
3558,300818,耐普矿机,sz,False,True,-1.9514588868367178,18.57,0.43821209465381245,0.012033419211835109,-0.63,0.086121777290181,
3559,000006,深振业Ａ,sz,False,True,-1.9515425518073648,6.88,0.5780680964217585,,0.14,-0.07066052227342545,
3560,600252,中恒集团,sh,False,True,-1.951622081052773,2.18,0.7581501137225171,,-0.64,-0.25177304964539005,
3561,002023,海特高新,sz,False,True,-1.9516948252718216,9.79,0.516422226812642,,1.37,-0.23300970873786409,
3562,601952,苏垦农发,sh,False,True,-1.9518426738862282,8.81,0.592627711271779,0.039422849483560674,2.0,-0.16125654450261784,
3563,688608,恒玄科技,sh,False,True,-1.9519134905591222,102.38,0.29007367871439343,0.0189792575694024,2.43,-0.20877992426673508,
3564,600360,华微电子,sh,False,True,-1.95214164947683,10.46,0.3498583073855089,0.017505930133832837,1.65,0.16686251468860158,
3565,002488,金固股份,sz,False,True,-1.9521521979674112,7.84,0.44610992148465384,0.007119398724061361,1.27,-0.3612167300380228,
3566,300763,锦浪科技,sz,False,True,-1.9523664107505898,62.65,0.3638745360599665,0.024531449318025707,8.21,0.06273986317370261,
3567,300678,中科信息,sz,False,True,-1.9523705415165005,21.37,0.13588433525383192,0.002488825794389639,0.54,-0.4252717391304348,
3568,000802,北京文化,sz,False,True,-1.9524640820563768,3.83,0.21585684374123082,,-6.62,-0.37688442211055273,
3569,300753,爱朋医疗,sz,False,True,-1.9524640820563768,21.15,0.24871291068719378,,-0.66,-0.4567093127045522,
3570,688578,艾力斯,sh,False,True,-1.9524699067853375,112.19,0.16761368398116022,0.0530579976972829,18.21,0.2746125066809193,
3571,300277,汽轮科技,sz,False,True,-1.952523542307319,11.66,0.5715265474081271,0.0025911548855059347,0.84,-0.15274642588412335,
3572,002183,怡 亚 通,sz,False,True,-1.952681769339511,4.37,0.7985944737262418,,0.19,-0.06768558951965076,
3573,601155,新城控股,sh,False,True,-1.952741893337333,10.85,2.529724260055654,0.02808483868068662,0.5,-0.31375,
3574,603248,锡华科技,sh,False,True,-1.9527592483538065,18.06,0.2811911256080758,0.02356056714997243,2.6,,
3575,688717,艾罗能源,sh,False,True,-1.9528658964801051,58.55,0.4731711933377496,0.015117135121488857,1.5,-0.034767641996557686,
3576,601177,杭齿前进,sh,False,True,-1.9530184917838898,13.79,0.5326515393629487,0.050666518044880406,5.3,-0.3846153846153847,
3577,601799,星宇股份,sh,False,True,-1.9531209768946738,83.68,0.48398025360565294,0.06931976514463568,3.07,-0.2507952452703833,
3578,688553,汇宇制药,sh,False,True,-1.9531343178393583,12.04,0.4949514947535142,0.015049090132010617,1.55,-0.3243787777031565,
3579,300046,台基股份,sz,False,True,-1.9532692612896365,24.41,0.1963864886095837,0.007439939230576366,2.96,-0.4765132040196308,
3580,301301,川宁生物,sz,False,True,-1.9532956733426636,8.62,0.42582183614375746,0.030740382102949538,1.35,-0.30133555926544253,
3581,603058,永吉股份,sh,False,True,-1.9533760576167205,8.82,0.30748416456552485,0.029400264014370847,7.19,-0.07600434310532045,
3582,300184,力源信息,sz,False,True,-1.9534004155897642,11.84,0.34308848251964186,0.027441015537102997,6.37,0.1941176470588235,
3583,000039,中集集团,sz,False,True,-1.953582679307415,9.25,0.9365926758452748,,0.41,-0.01122194513715713,
3584,000999,华润三九,sz,False,True,-1.9535883513109378,23.6,0.5813277525869085,0.08342440497543151,7.32,-0.18776718184807628,
3585,600816,建元信托,sh,False,True,-1.953623978820492,2.45,0.6268806419257773,0.047600913937547604,7.09,-0.1802721088435374,
3586,603406,天富龙,sh,False,True,-1.9536877732852334,28.63,0.41201433809896587,0.040970509427314214,5.37,-0.5366114377338322,
3587,603565,中谷物流,sh,False,False,-1.9537321135839316,13.52,0.3861003861003861,0.06977782739756615,4.81,0.057809330628803224,
3588,300946,恒而达,sz,False,True,-1.953802480426798,38.09,0.20143421158649583,0.0038609337977264504,2.44,-0.4058436074987334,
3589,301000,肇民科技,sz,False,True,-1.953802480426798,23.73,0.22796699037979304,0.024168249687021165,2.04,-0.5138796357983566,
3590,605339,南侨食品,sh,False,True,-1.9539323151208592,13.83,0.5808887598024978,0.0012442975399117769,0.08,-0.37287204832509613,
3591,000520,凤凰航运,sz,False,True,-1.9539877014909592,4.26,0.10371292263015973,,6.68,-0.20997920997920994,
3592,002245,蔚蓝锂芯,sz,False,True,-1.9540188928246311,17.95,0.259275584018253,0.02894238728387272,6.42,0.5233644859813085,
3593,688365,光云科技,sh,False,True,-1.954042238781539,13.96,0.16200891049007696,,1.21,-0.23657211828605917,
3594,300377,赢时胜,sz,False,True,-1.9540704106987627,13.92,0.2310536044362292,,-3.24,-0.4725366876310273,
3595,002745,木林森,sz,False,True,-1.9543049240201666,11.25,0.7103786318107551,,-12.78,0.23536299765807978,
3596,603848,好太太,sh,False,True,-1.9543585406879234,12.79,0.5024620641141594,0.042605587296718095,3.95,-0.34976152623211454,
3597,301179,泽宇智能,sz,False,True,-1.954421776815549,21.22,0.29080757262919127,0.020201285609816207,2.36,0.038818076477404206,
3598,603662,柯力传感,sh,False,True,-1.9544514098663885,47.97,0.2070822116380203,0.022715966371283383,12.38,-0.3019407251391605,
3599,600026,中远海能,sh,False,True,-1.9545883461684048,19.14,0.460426354804549,0.05254142891670082,4.51,0.5612449799196786,
3600,000518,四环生物,sz,False,True,-1.9546030476959837,3.7,0.0810602683094881,,-8.37,0.4829059829059832,
3601,688050,爱博医疗,sh,False,True,-1.9546269126485232,39.22,0.37748669359405085,0.034915225831680684,6.33,-0.4950430472214975,
3602,920478,峆一药业,bj,False,True,-1.954810910732915,10.69,0.4284490145672665,0.006119434221589609,-0.4949,-0.3715988887219951,29.1556
3603,688505,复旦张江,sh,False,True,-1.954986321901143,8.38,0.2478191911181602,,1.71,-0.31756756756756754,
3604,688798,艾为电子,sh,False,True,-1.9550433787357682,52.58,0.3423485107839781,0.020832291718747394,2.23,-0.24611973392461195,
3605,688169,石头科技,sh,False,True,-1.9553807358948925,112.5,0.48950022027509915,0.04859771299162661,9.73,-0.4489297677851587,
3606,300390,天华新能,sz,False,True,-1.9554785629744182,67.23,0.2457123200157256,0.04987058582977174,16.7,1.7551020408163267,
3607,301600,慧翰股份,sz,False,True,-1.9555115775649272,83.67,0.14519267067398436,0.01794021244799581,3.23,-0.3014699775766132,
3608,603416,信捷电气,sh,False,True,-1.9556169365324105,43.69,0.40181620926588174,0.03827853760674927,1.97,-0.13777288570904422,
3609,601083,锦江航运,sh,False,False,-1.9556671708598905,13.11,0.5707111060381235,0.08716571946584847,3.46,-0.06090026478375987,
3610,300617,安靠智电,sz,False,True,-1.9557571150939677,40.0,0.4564334291843534,0.011888118538807575,1.62,0.16647432198499712,
3611,600452,涪陵电力,sh,False,True,-1.9557597754837934,9.03,0.41221814584278,0.0312186837578554,3.61,-0.13789954337899546,
3612,688305,科德数控,sh,False,True,-1.9558101622597177,62.08,0.23326335432703524,0.010942834631883043,1.17,-0.14177256973097874,
3613,002831,裕同科技,sz,False,True,-1.9558703527344152,25.25,0.37917567208887876,0.0490939707694498,1.99,0.6054502369668249,
3614,600032,浙江新能,sh,False,True,-1.9558773409796868,6.76,0.7905763301446755,0.02770735491736281,0.22,-0.05710491367861892,
3615,002915,中欣氟材,sz,False,True,-1.9559517498175594,16.6,0.2671511006625347,0.0019253432742657272,-0.34,-0.41129339946585275,
3616,688575,亚辉龙,sh,False,True,-1.9559517498175594,9.2,0.5161023947151114,0.0059244127870155825,0.87,-0.4573248407643312,
3617,603439,三力制药,sh,False,True,-1.9562441955032448,12.12,0.30507337014552,0.009953735039536235,2.97,-0.26331811263318117,
3618,603092,德力佳,sh,False,True,-1.9562488980252726,41.24,0.3451727589658624,0.05124893658456587,7.23,,
3619,000801,四川九洲,sz,False,True,-1.9563363974468886,11.11,0.27588490081937816,0.015242949754664724,0.48,-0.3964932126696833,
3620,603161,科华控股,sh,False,True,-1.9566723850940215,16.0,0.4262211235188816,0.024422171424105663,1.03,0.1414790996784565,
3621,300002,神州泰岳,sz,False,True,-1.9567545098935464,7.86,0.5054334091483447,0.047466476800759466,2.19,-0.41344667697063364,
3622,300015,爱尔眼科,sz,False,True,-1.9568874399581675,8.34,0.2971326697370376,0.04346503238144912,14.75,-0.32482043096568225,
3623,300085,银之杰,sz,False,True,-1.9569336096725711,28.86,0.020579561614178492,,-5.15,-0.3578048780487806,
3624,002387,维信诺,sz,False,True,-1.9570559540066153,7.42,0.25157232704402516,,-24.02,-0.34957627118644063,
3625,601099,太平洋,sh,False,True,-1.9571173367429286,3.37,0.4324698352289928,0.007269026677327906,0.25,-0.16541353383458646,
3626,000915,华特达因,sz,False,True,-1.9571447683625403,23.8,0.4689991558015195,0.07549220920401015,8.54,-0.2215926975133774,
3627,300045,华力创通,sz,False,True,-1.9571696900612414,12.4,0.18461765683269948,,-0.79,-0.48998664886515353,
3628,300188,国投智能,sz,False,True,-1.9571696900612414,10.4,0.26574541589157585,,-10.73,-0.39065420560747666,
3629,688275,万润新能,sh,False,True,-1.957208637355916,87.25,0.5010522096402446,0.008948353681889606,7.27,0.814876823726381,
3630,002785,万里石,sz,False,True,-1.957216402556554,34.36,0.10213357028321639,,0.08,0.08153638814016184,
3631,300496,中科创达,sz,False,True,-1.957276093854762,55.68,0.4048910842983237,0.017890975970630173,0.98,-0.005891526598509889,
3632,603019,中科曙光,sh,False,True,-1.9575604961488104,82.18,0.18759262385802988,0.01844382104329318,1.01,0.43953934740882916,
3633,002577,雷柏科技,sz,False,True,-1.957597310370302,18.52,0.22567759698494733,,1.27,-0.2358535425582502,
3634,000829,天音控股,sz,False,True,-1.9578499186854121,8.26,0.34223134839151265,,-0.73,-0.1891625615763547,
3635,301262,海看股份,sz,False,True,-1.9580367193714359,18.04,0.5065086359722434,0.05155595883772247,11.15,-0.29131985731272303,
3636,002007,华兰生物,sz,False,True,-1.9581153585571207,12.84,0.49997500124993743,0.036584741236125234,1.97,-0.17794970986460346,
3637,603166,福达股份,sh,False,True,-1.9582757158672561,11.0,0.3851486673856108,0.046091657870841955,5.74,-0.42882668254913636,
3638,301513,尚水智能,sz,False,True,-1.9583754933292945,48.91,0.15574140696787056,0.027988155412629376,3.86,,
3639,300339,润和软件,sz,False,True,-1.9584912888322448,35.01,0.13074629987971342,0.005129728262904729,2.12,-0.347909474491753,
3640,601179,中国西电,sh,False,True,-1.9585286770847823,12.73,0.3590148632153371,0.02083537346365165,2.94,1.0814132104454686,
3641,301239,普瑞眼科,sz,False,True,-1.9585499245841667,35.29,0.40011203136878326,,-2.98,-0.28339307048984475,
3642,600391,航发科技,sh,False,True,-1.9586888770861668,30.9,0.1739463201655969,0.004505515201157737,-0.64,-0.17862738953306168,
3643,688439,振华风光,sh,False,True,-1.9587573332833685,38.12,0.6580679126085812,0.017907507722612705,-0.27,-0.3698676620291822,
3644,600259,中稀有色,sh,False,True,-1.958804351257116,84.11,0.1294180072215248,0.008876816418559648,4.67,0.15889830508474567,
3645,300905,宝丽迪,sz,False,True,-1.958834704702563,35.12,0.31204168876961963,0.024831456489080365,3.5,0.1854132901134522,
3646,605133,嵘泰股份,sh,False,True,-1.9588628924753229,28.08,0.47693995325988464,0.023376884469099267,1.17,-0.19899402703552338,
3647,600521,华海药业,sh,False,True,-1.958913871706797,16.2,0.3960709759188847,0.015385017762003007,2.82,-0.21864324060517315,
3648,600577,精达股份,sh,False,True,-1.9589660167971827,8.55,0.3264240248082259,0.03199385717942155,2.18,-0.07672301690507166,
3649,002718,友邦吊顶,sz,False,True,-1.9592101094725545,85.65,0.0828479822373926,0.00011864405553002137,-0.1,3.7869822485207107,
3650,688130,晶华微,sh,False,True,-1.9593223554465231,23.46,0.43729228616407206,,-0.16,-0.3003182179793159,
3651,300816,艾可蓝,sz,False,True,-1.9593513163124436,51.55,0.2318464249281276,0.02336612379372386,2.08,0.3668708078156897,
3652,300003,乐普医疗,sz,False,True,-1.9595451198302773,11.71,0.7596475235490732,0.035696182650227386,3.05,-0.28300769686204863,
3653,600048,保利发展,sh,False,True,-1.9595940927732514,5.06,3.203074951953876,,0.47,-0.36375321336760924,
3654,600515,海南机场,sh,False,True,-1.9595999108382136,2.75,0.7684032580298141,0.006673807640842368,0.49,-0.29274611398963724,
3655,301655,C绿控传动,sz,False,True,-1.9596967011626059,26.99,0.07891850086415758,0.014683317548766969,6.05,,
3656,300146,汤臣倍健,sz,False,True,-1.959901292118571,9.59,0.6702862122126148,0.03998960270329714,5.55,-0.15209790209790208,
3657,688776,国光电气,sh,False,True,-1.959998239094674,45.95,0.34284147010422383,,-2.35,-0.4795871027603804,
3658,600916,中国黄金,sh,False,True,-1.9604422463078615,8.12,0.5352745958676801,0.022330251014351654,3.86,-0.10669975186104219,
3659,300633,开立医疗,sz,False,True,-1.9608211858232019,19.11,0.37154003343860303,0.020203612001753673,0.46,-0.44756097560975605,
3660,000410,沈阳机床,sz,False,True,-1.961165838065697,5.04,0.3128421711246676,,-0.23,-0.31547619047619047,
3661,603200,上海洗霸,sh,False,False,-1.9612077129317425,39.13,0.16015631256105958,0.011941139734023052,8.19,-0.532723842693368,
3662,603004,鼎龙科技,sh,False,True,-1.9613426122907287,18.51,0.4815332017142582,0.026222217560494657,2.45,-0.25882352941176456,
3663,002922,伊戈尔,sz,False,True,-1.9613692917871575,24.77,0.3590019745108598,0.019820584072971464,2.97,0.38818076477404406,
3664,600562,国睿科技,sh,False,True,-1.9613771715125128,26.11,0.20729684908789386,0.019441409424417633,9.46,-0.1787291879034998,
3665,300075,数字政通,sz,False,True,-1.9614818348983667,10.59,0.48185804462005494,,0.34,-0.4322080796900941,
3666,000423,东阿阿胶,sz,False,True,-1.9615099430546024,48.0,0.33077533739084414,0.0581152075875215,8.47,0.05123966942148761,
3667,300963,中洲特材,sz,False,True,-1.9615214217762538,11.11,0.22035653687666645,0.011837863881138376,4.9,-0.4546391752577319,
3668,300124,汇川技术,sz,False,True,-1.9615413030959155,58.3,0.2304784733105928,0.03003183374376839,2.79,-0.07395849586518966,
3669,001356,富岭股份,sz,False,True,-1.9615883500185962,9.45,0.36567082312502286,0.012803244854375893,0.72,-0.4516129032258065,
3670,600422,昆药集团,sh,False,True,-1.9615892868780367,8.31,0.7732158045310447,,-7.48,-0.40097970608817346,
3671,002955,鸿合科技,sz,False,True,-1.9620829154094193,34.61,0.3924030764401193,0.0011496643382514823,-1.14,0.3001215066828675,
3672,300483,首华燃气,sz,False,True,-1.9621168699862324,23.2,0.4357298474945534,0.038915502768838026,4.8,0.6559048428207306,
3673,301632,广东建科,sz,False,True,-1.9623707828402759,13.33,0.4966476285075739,0.023977135403679052,0.13,,
3674,600985,淮北矿业,sh,False,True,-1.9624025249671768,17.99,0.8669267446900737,0.026943356980619643,1.17,0.1563981042654028,
3675,688190,云路股份,sh,False,True,-1.9625407909100943,71.74,0.3124511795032026,0.03222282729531255,2.3,-0.2958380202474691,
3676,000550,江铃汽车,sz,False,True,-1.962697613819869,15.62,0.8873114463176575,0.088519075860848,6.18,-0.17346938775510212,
3677,301155,海力风电,sz,False,True,-1.9629800145715952,41.0,0.6487608667445179,0.033258059259209986,0.23,-0.4308728763913299,
3678,605020,永和股份,sh,False,True,-1.9630051461282734,31.32,0.3774439495734883,0.05020105522618086,8.49,0.27680311890838216,
3679,600764,中国海防,sh,False,True,-1.9630300647758547,17.43,0.6622516556291391,0.009295935166429776,1.47,-0.48774302620456467,
3680,300482,万孚生物,sz,False,True,-1.9630460242706302,16.0,0.7129108148570613,,2.25,-0.3457047539616347,
3681,688692,达梦数据,sh,False,True,-1.9630711885602599,233.67,0.14686228723326136,0.0215365000603022,5.7,-0.13132978273734053,
3682,300920,润阳科技,sz,False,True,-1.963104196243013,33.08,0.2741077791787731,0.005852498314480485,0.27,-0.35285781766650925,
3683,300641,正丹股份,sz,False,True,-1.9634070298960167,13.74,0.44095599259193935,0.04445116150885022,7.44,-0.3762331838565023,
3684,301548,崇德科技,sz,False,True,-1.9634590871960602,60.7,0.29954469206805656,0.027613096339331816,2.47,0.16528766596113154,
3685,300354,东华测试,sz,False,True,-1.9635891707654676,26.16,0.24039617289292756,0.027485666225063633,4.47,-0.3287469287469288,
3686,300115,长盈精密,sz,False,True,-1.9637313461974268,24.89,0.25074596925854414,0.016173561725589647,1.47,-0.023971234518577744,
3687,601137,博威合金,sh,False,True,-1.9637490307800018,19.39,0.5270925574530888,,-0.97,-0.12213333333333332,
3688,300674,宇信科技,sz,False,True,-1.9637547005817193,15.16,0.4335009537020982,0.03928393247877685,0.99,-0.39561752988047816,
3689,300726,宏达电子,sz,False,True,-1.9637840293487832,52.3,0.24161592732192907,0.020432682484287267,1.81,0.3604716451431782,
3690,600160,巨化股份,sh,False,True,-1.9638101851279406,37.82,0.21168053174149573,0.04066826086249247,5.43,0.4171713573209832,
3691,300257,开山股份,sz,False,True,-1.9639470838994386,17.15,0.38957497370368926,0.02086219269990153,1.2,0.36592379583033785,
3692,601595,上海电影,sh,False,True,-1.9641249840197947,15.75,0.23968744756837082,0.008588947570487344,6.72,-0.5646090534979424,
3693,300957,贝泰妮,sz,False,True,-1.9642030933853938,31.05,0.4759185227489054,0.04131019411660215,1.08,-0.2901624548736462,
3694,002773,康弘药业,sz,False,True,-1.9643112518132146,20.48,0.5091390458734281,0.05673018556443698,12.51,-0.4864137086903305,
3695,600021,上海电力,sh,False,True,-1.964530501926193,13.53,0.5448997384481256,0.06562368752624947,1.64,0.3481973434535106,
3696,300619,金银河,sz,False,True,-1.9645545867179277,27.42,0.2546473134708429,0.011420687890873043,-0.92,0.14860834990059635,
3697,002606,大连电瓷,sz,False,True,-1.9646072179635201,13.26,0.3382835492709989,0.04313561405703391,11.09,0.4083769633507852,
3698,688084,晶品特装,sh,False,True,-1.9646854434120975,42.94,0.47198753952895645,,-1.09,-0.6229250564777526,
3699,300222,科大智能,sz,False,True,-1.964748825571016,10.05,0.23080296351005147,0.012437795475378762,5.17,-0.1824751580849141,
3700,688192,迪哲医药,sh,False,True,-1.964769316548009,59.17,0.04105562215689817,,-18.62,-0.23835616438356166,
3701,601162,天风证券,sh,False,True,-1.9648081309283347,3.61,0.7534091765237702,0.0036268086441357227,0.0,-0.2729124236252546,
3702,300403,汉宇集团,sz,False,True,-1.9653098647790423,9.04,0.4113871976304097,0.03814959218085959,3.98,-0.4511958629605689,
3703,688612,威迈斯,sh,False,True,-1.9653333615171866,32.98,0.2600442075152776,0.041443390400881915,7.98,-0.09244501115715653,
3704,688088,虹软科技,sh,False,True,-1.9655652601739886,30.42,0.22712819115108568,0.021536824739781316,9.44,-0.3721270371918094,
3705,301687,新广益,sz,False,True,-1.9656709093005365,47.92,0.21791714790036829,0.017765712884760927,8.18,,
3706,301609,山大电力,sz,False,True,-1.9659151312275571,33.0,0.23510050546608677,0.025184856849273667,3.72,-0.2803206074667791,
3707,000547,航天发展,sz,False,True,-1.9660365920958727,13.46,0.1700622427808578,,-6.11,0.6118881118881119,
3708,688165,埃夫特,sh,False,True,-1.9661208127296352,15.97,0.14505156583165316,,-0.81,-0.37786885245901636,
3709,002541,鸿路钢构,sz,False,True,-1.9661855780308417,19.52,0.7317430118542367,0.047679214246549216,1.46,0.13409742120343848,
3710,002545,东方铁塔,sz,False,True,-1.966219801496435,17.46,0.47032264133195373,0.06455652892455278,3.93,0.9075025693730727,
3711,300864,南大环境,sz,False,True,-1.9662280084769679,25.69,0.3427827100401056,0.03730647267300877,11.17,-0.14410905550146058,
3712,601127,赛力斯,sh,False,True,-1.9663030977410019,49.75,0.43241373346017464,0.014989290152186264,-4.58,-0.5661582687854348,
3713,301121,紫建电子,sz,False,True,-1.9664948461122327,34.33,0.4877810838495683,0.00013590405456428194,-0.26,-0.3392648091781785,
3714,002487,大金重工,sz,False,True,-1.9665583993337832,35.26,0.553250345781466,0.04435061824761837,4.16,0.1979297365119197,
3715,001382,新亚电缆,sz,False,True,-1.9669209733890873,16.73,0.2379535990481856,0.013906523132805906,1.57,-0.20991117344553534,
3716,002695,煌上煌,sz,False,True,-1.9669395550952469,11.2,0.4461298237787196,0.014509471057232607,3.09,-0.4310692669804975,
3717,600518,康美药业,sh,False,True,-1.9669758702564097,1.34,0.39251089217725793,,-0.23,-0.3543689320388349,
3718,300777,中简科技,sz,False,True,-1.9670373728861301,22.4,0.4658312759118647,0.022376370552696354,0.42,-0.4053120849933599,
3719,002009,天奇股份,sz,False,True,-1.9670548486070305,16.31,0.3129890453834116,0.005638275319239149,1.2,-0.10753306497987358,
3720,002870,香山股份,sz,False,True,-1.9670657867455037,47.2,0.22694262890341324,0.008574218867225649,-0.64,0.134402332361516,
3721,000429,粤高速Ａ,sz,False,True,-1.9670715360086424,13.37,0.41221814584278,0.05708446788713259,3.92,0.14061207609594706,
3722,688660,电气风电,sh,False,True,-1.967225728086924,7.36,0.3680394538294505,,-15.0,-0.5457767277023036,
3723,603903,中持股份,sh,False,True,-1.9672440412027719,14.39,0.388968843595628,,1.21,0.5594660194174756,
3724,002056,横店东磁,sz,False,True,-1.9672999671560745,21.31,0.30597882626522244,0.05133443873491409,8.94,0.37087378640776714,
3725,688648,中邮科技,sh,False,True,-1.9675356708912033,31.49,0.5031446540880503,0.14442935960021952,28.69,-0.3547265987025022,
3726,002465,海格通信,sz,False,True,-1.967579826580627,9.82,0.4687133817670494,,0.05,-0.321173104434907,
3727,603327,福蓉科技,sh,False,True,-1.9676250874996586,9.58,0.24998125140614452,0.014577790735813988,5.65,-0.16320474777448057,
3728,688325,赛微微电,sh,False,True,-1.9677328407853136,106.0,0.19364458472918802,0.010140722810440482,0.63,0.688985604285236,
3729,688480,赛恩斯,sh,False,True,-1.9677328407853136,77.68,0.16292217207839815,0.016279062195785024,9.26,0.6722810394610201,
3730,300913,兆龙互连,sz,False,True,-1.967760745391802,34.9,0.22142018909284147,0.020673629545097456,1.83,-0.3380140421263792,
3731,603477,巨星农牧,sh,False,True,-1.9678660188430601,14.23,0.3401823377330249,,0.97,-0.31217432496447184,
3732,301498,乖宝宠物,sz,False,True,-1.9678703670423394,37.77,0.3137058066944819,0.03917083183178478,2.6,-0.5977343165544512,
3733,002389,航天彩虹,sz,False,True,-1.9679162584415093,17.49,0.4709428275407365,0.00922487950001153,1.25,-0.324334458192726,
3734,002067,景兴纸业,sz,False,True,-1.9679732767708826,3.94,1.1506155793349442,0.017224629842704682,0.32,-0.061224489795918435,
3735,300618,寒锐钴业,sz,False,True,-1.9680290547073844,35.08,0.5122688386865427,0.02079248476430679,1.77,-0.1404981050351921,
3736,002687,乔治白,sz,False,True,-1.9680689666152962,6.62,0.45601714624469886,0.02468934630017801,0.76,-0.024896265560165998,
3737,300434,金石亚药,sz,False,True,-1.968069508897522,11.27,0.5892404690354134,0.04081299485756265,4.35,-0.047070124879923125,
3738,001301,尚太科技,sz,False,True,-1.9683261475574088,63.82,0.3091859134897814,0.03722744854235925,5.55,0.5185387131952017,
3739,600873,梅花生物,sh,False,True,-1.9683650767926995,7.87,0.7100759781296598,0.09854352667573267,4.22,-0.2150333016175071,
3740,300113,顺网科技,sz,False,True,-1.9684943125467742,16.14,0.24202526743792052,0.03902743628771026,3.06,-0.2175404213620774,
3741,000716,黑芝麻,sz,False,True,-1.9688786249421077,4.72,0.7116931179275496,,-1.92,-0.3405238828967643,
3742,002093,国脉科技,sz,False,True,-1.968887426023499,6.63,0.5751423477310634,0.009965906633407113,-0.49,-0.48514851485148514,
3743,688510,航亚科技,sh,False,True,-1.9692135058744444,23.52,0.19881901505059943,0.015052442710403045,4.22,-0.24678760393046106,
3744,002892,科力尔,sz,False,True,-1.9695324016160634,8.91,0.19217095528181868,0.0029096224706651862,2.59,-0.38604972375690605,
3745,002315,焦点科技,sz,False,True,-1.969759898425287,25.14,0.2775002775002775,0.04721702834910382,3.4,-0.3873147907460358,
3746,300699,光威复材,sz,False,True,-1.9699007270419098,23.99,0.2910360884749709,0.02857918577899716,2.09,-0.2065393331175137,
3747,688805,健信超导,sh,False,True,-1.9699147746900927,39.8,0.18673090209698803,0.012412553560168613,1.86,,
3748,600301,华锡有色,sh,False,True,-1.96996320489728,47.33,0.17008538286219682,0.03182351949031451,10.48,0.7468019408910453,
3749,603373,安邦护卫,sh,False,True,-1.9701065651367835,38.93,0.31928480204342274,0.021959489134444773,1.25,-0.04947695787390449,
3750,600845,宝信软件,sh,False,True,-1.9702741475491534,17.15,0.22620851901282601,0.026508534422657375,6.37,-0.2785123966942148,
3751,603402,陕西旅游,sh,False,True,-1.9704188578829585,62.16,0.45869455529562864,0.0487279566905921,4.35,,
3752,300191,潜能恒信,sz,False,True,-1.9704972284377524,33.97,0.1131400900595117,0.01737688908505466,9.56,0.5409916543937161,
3753,002940,昂利康,sz,False,True,-1.97059745023013,25.29,0.3226535024037686,0.02493087913759103,1.07,-0.5614685703689969,
3754,600967,内蒙一机,sh,False,True,-1.9706466146514443,10.9,0.6440808965606081,0.015463766076517808,1.16,-0.49913344887348343,
3755,002549,凯美特气,sz,False,True,-1.9707205367827307,13.44,0.21973192704900021,0.0037056416170234215,1.07,0.06158833063209079,
3756,603040,新坐标,sh,False,True,-1.9707313207888026,52.1,0.1512493193780628,0.02588581250388287,4.25,0.46880466472303217,
3757,600895,张江高科,sh,False,True,-1.9707454365585286,30.35,0.2911123402521033,0.020134782232262765,1.92,-0.2039511911679257,
3758,300158,振东制药,sz,False,True,-1.970796236880016,5.1,0.6615506747816883,,-8.99,-0.3517241379310344,
3759,300834,星辉环材,sz,False,True,-1.9708518427969102,37.88,0.3923261014555298,0.007194637980206112,0.73,0.6345177664974619,
3760,300130,新国都,sz,False,True,-1.9709417712488717,18.37,0.4334821622090251,0.04021167425326921,2.36,-0.3889280677009873,
3761,605598,上海港湾,sh,False,True,-1.9709639794293414,25.89,0.27233115468409586,0.005389159274985624,3.75,-0.14554151007857863,
3762,300263,隆华科技,sz,False,True,-1.97114083037816,10.19,0.3976143141153081,0.019869457663153085,1.54,0.01156069364161838,
3763,600171,上海贝岭,sh,False,True,-1.9712843378593243,22.17,0.28933510792199524,0.014014238466281744,0.49,-0.345985401459854,
3764,001323,慕思股份,sz,False,True,-1.9717454483507337,18.5,0.5720169317011784,0.06284802091582135,12.06,-0.44239130434782614,
3765,301190,善水科技,sz,False,True,-1.971790306558919,21.15,0.43639537420903335,0.02050213837303231,1.92,-0.2968944099378882,
3766,301658,首航新能,sz,False,True,-1.9719091678160485,23.85,0.3242121644404098,0.007060586183986166,-1.09,-0.343279258400927,
3767,300893,松原安全,sz,False,True,-1.9719465503823295,13.93,0.32257023966968806,0.049960780787082146,5.84,-0.19743446737311765,
3768,600556,天下秀,sh,False,True,-1.97209573063704,4.48,0.47326076668244205,0.002563072734621756,0.08,-0.19253438113948906,
3769,603730,岱美股份,sh,False,True,-1.9721528061795914,10.58,0.21881359270037853,0.028029891075843277,3.71,0.7377938517179021,
3770,301275,汉朔科技,sz,False,True,-1.9724087333958797,42.59,0.23106962127689074,0.026831951487831712,11.08,-0.29954241464273146,
3771,002992,宝明科技,sz,False,True,-1.9725785497233113,33.8,0.12040504256318253,0.002537873317992735,-1.91,-0.4529364440868866,
3772,000751,锌业股份,sz,False,True,-1.9726427652559613,5.29,0.4323389537397319,0.013266135932788447,1.99,0.24561403508771917,
3773,688522,纳睿雷达,sh,False,True,-1.9727058440911056,17.8,0.30985653642363586,0.015133629952480401,2.63,-0.4500304692260816,
3774,301252,同星科技,sz,False,True,-1.9727287757480423,32.96,0.24407507749383708,0.01632367896547052,3.76,-0.07147651006711409,
3775,002550,千红制药,sz,False,True,-1.9728591777877658,6.5,0.32916392363396973,0.03529042253222898,5.58,-0.3487437185929647,
3776,600036,招商银行,sh,False,True,-1.9729841512756627,39.58,1.1344299489506524,0.15101862059591947,2.95,-0.07218934911242592,
3777,688041,海光信息,sh,False,True,-1.973060725766426,230.81,0.04729585924752288,0.005856515373352855,7.09,1.3107124476141458,
3778,605018,长华集团,sh,False,True,-1.9730712366323526,12.09,0.4981816370248593,0.018277626175022894,3.44,-0.13067292644757433,
3779,601717,中创智领,sh,False,True,-1.9731722471607351,15.12,0.9279881217520417,0.151758885482745,3.56,-0.07978404319136179,
3780,002445,中南文化,sz,False,False,-1.9731823737802938,3.37,0.28585312866249324,0.005526816111774329,1.34,,
3781,688297,中无人机,sh,False,True,-1.9733233611747056,38.29,0.21466137168616506,0.004322845677435307,0.99,-0.31727802536852934,
3782,603290,斯达半导,sh,False,True,-1.9734986622735073,92.99,0.3127247709291053,0.014736221632773357,0.38,-0.07035064358632936,
3783,003010,若羽臣,sz,False,True,-1.9736117172845336,28.44,0.08946944618412812,0.027051592797783932,9.14,-0.3635620915032679,
3784,301638,南网数字,sz,False,True,-1.9736315276078347,22.1,0.15968573846669754,0.00991537229744134,0.69,,
3785,600282,南钢股份,sh,False,True,-1.9739218378803145,4.78,0.9446438692612885,0.09251892011916436,4.75,0.1146788990825689,
3786,920748,路桥信息,bj,False,True,-1.9739268845530316,25.77,0.104695597550123,,-2.8872,-0.6492957746478873,20.6509
3787,301091,深城交,sz,False,True,-1.973951082430753,18.44,0.2492957395358113,0.011221820605731432,1.59,-0.5264338353091957,
3788,002705,新宝股份,sz,False,True,-1.9739817597979261,11.03,0.9689922480620154,0.0928298243659723,0.91,-0.25883922615076727,
3789,688712,北芯生命,sh,False,True,-1.9741833852481354,32.18,0.13151492036771573,0.007833656993928132,9.89,,
3790,000935,四川双马,sz,False,True,-1.9742267664842372,22.1,0.46416635722242855,0.014255736508370968,3.84,0.14889232354456472,
3791,000617,中油资本,sz,False,True,-1.9743376637057743,7.15,1.177440244907571,0.05081171718198217,4.11,-0.1711165048543689,
3792,688708,佳驰科技,sh,False,True,-1.9745787117672342,41.26,0.21383970575656489,0.026719821297835157,12.57,-0.4230024525622821,
3793,688215,瑞晟智能,sh,False,True,-1.974830303079726,44.65,0.12221054432576442,0.010427996250092548,7.26,-0.2640970735189151,
3794,301279,金道科技,sz,False,True,-1.9748591274543374,20.92,0.39041149371437495,0.018464049572280292,1.11,-0.1406417112299465,
3795,600998,九州通,sh,False,True,-1.9749935411715887,4.92,1.1088933244621866,0.08134843160223872,2.5,-0.023391812865497075,
3796,688543,国科军工,sh,False,True,-1.9751547247772636,38.19,0.2556237218813906,0.024830531621682018,0.81,-0.18342151675485008,
3797,002868,绿康生化,sz,False,True,-1.9753131743250498,21.57,0.021164737853556947,,10.31,-0.14699162223914708,
3798,001212,中旗新材,sz,False,True,-1.9754290759174662,32.8,0.29041064064587324,,-0.11,-0.20932468156693107,
3799,002681,奋达科技,sz,False,True,-1.975550900873024,4.34,0.2736052969985499,,-0.74,-0.3892215568862275,
3800,002402,和而泰,sz,False,True,-1.9756453995125545,18.19,0.43105306263201,0.032712344003009534,3.31,-0.26428571428571435,
3801,688726,拉普拉斯,sh,False,True,-1.9758439747864738,47.02,0.22088708252341405,0.025772000268028804,2.86,-0.19325551232166016,
3802,002987,京北方,sz,False,True,-1.9761450623561847,11.23,0.25716857400025717,0.026173214332452167,0.84,-0.36231003039513676,
3803,000970,中科三环,sz,False,True,-1.9761923783850273,12.09,0.44493882091212456,0.006568062533209766,0.75,-0.08102345415778256,
3804,002385,大北农,sz,False,True,-1.976200783277224,3.2,0.5415357955160837,,-2.36,-0.2973621103117505,
3805,300875,捷强装备,sz,False,True,-1.9762859391340417,31.23,0.2721310583176858,,-1.13,-0.471658615136876,
3806,603916,苏博特,sh,False,True,-1.976461271289517,11.46,0.8826904404625298,0.027354691876750697,1.7,-0.1957857769973661,
3807,300180,华峰超纤,sz,False,True,-1.9764751826232074,4.64,0.5728689275893676,0.00034575270121026586,-0.04,-0.5294117647058824,
3808,002277,友阿股份,sz,False,False,-1.9765614426508238,6.44,0.7120478496154942,,-5.29,-0.12207357859531776,
3809,001257,盛龙股份,sz,False,True,-1.9768178507977934,25.97,0.16140486797081802,0.020667604975932573,9.16,,
3810,002223,鱼跃医疗,sz,False,True,-1.976911085546523,25.99,0.5116921659929387,0.04306001705176675,6.32,-0.22062701435687082,
3811,688563,航材股份,sh,False,True,-1.9769197477647944,49.25,0.4716981132075471,0.023521110196401268,2.22,-0.12388295076222189,
3812,002366,融发核电,sz,False,True,-1.9772087947224817,5.59,0.3991060025542784,,-1.78,-0.3549190535491905,
3813,603619,中曼石油,sh,False,True,-1.9773334115334693,23.57,0.4005607850991388,0.028577960676726112,0.73,0.20680489101541744,
3814,300768,迪普科技,sz,False,True,-1.9773894595461154,14.26,0.3848225967828831,0.021947392101133584,2.05,-0.11794298490776978,
3815,601519,大智慧,sh,False,True,-1.9775853791229843,7.81,0.08350172848577966,,-2.28,-0.4281414597441685,
3816,301680,固德电材,sz,False,True,-1.9778103934956308,98.15,0.234181068802398,0.02215722768767172,2.58,,
3817,600877,电科芯片,sh,False,True,-1.9779079504922423,11.91,0.1775221458876995,0.0021174027852739717,-0.05,-0.06304176516942461,
3818,001318,阳光乳业,sz,False,True,-1.9780454066445063,10.93,0.46622220150123556,0.02946280468222892,3.22,-0.3117350611951044,
3819,600702,舍得酒业,sh,False,True,-1.9783371616777077,35.13,0.5971218725741924,,2.08,-0.3623557033848561,
3820,605116,奥锐特,sh,False,True,-1.9784936167069465,19.48,0.3411572052401747,0.04975941323699911,2.35,-0.18486298390604616,
3821,600619,海立股份,sh,False,True,-1.9786973248291462,14.27,0.4028521935301938,0.008421811481118719,1.17,-0.36517150395778364,
3822,300493,润欣科技,sz,False,True,-1.9790508423478708,11.82,0.19125944343501958,0.00980172098617075,1.45,-0.3963202386872202,
3823,600879,航天电子,sh,False,True,-1.9791012998465392,14.05,0.4504504504504504,0.004930120472423864,0.15,0.2926613616268787,
3824,600595,中孚实业,sh,False,True,-1.9791016333303662,6.19,0.7375175160410059,0.11248467396317251,10.28,0.2697768762677486,
3825,300721,怡达股份,sz,False,True,-1.9791698567020732,22.74,0.2971150132216181,,2.76,0.3747534516765285,
3826,688271,联影医疗,sh,False,True,-1.9792723023034486,105.4,0.25358184354000257,0.02035631697228284,4.07,-0.15801181253355845,
3827,600862,中航高科,sh,False,True,-1.9794610130433332,17.51,0.3250975292587776,0.03787878787878788,3.16,-0.3143735588009223,
3828,605189,富春染织,sh,False,True,-1.9795911301395062,15.03,0.5327934359848686,0.04054722535336907,3.68,-0.13668639053254428,
3829,300101,振芯科技,sz,False,True,-1.979815264608647,13.87,0.22374367924106142,0.0019908992015697843,-0.23,-0.4504065040650407,
3830,601026,道生天合,sh,False,True,-1.9800441762752201,15.48,0.24932060136129047,0.020153529588404464,3.51,,
3831,000932,华菱钢铁,sz,False,True,-1.9803821652675657,3.64,2.1915406530791146,0.04360566524802902,0.41,-0.34391534391534384,
3832,002624,完美世界,sz,False,True,-1.9806206779172382,10.82,0.31023143264875597,0.005203122081373707,-1.82,-0.3550335570469799,
3833,601567,三星电气,sh,False,True,-1.980846325277576,14.39,0.5782686636211184,0.0470787627701144,1.43,-0.3452640768223483,
3834,603316,诚邦股份,sh,False,True,-1.9810096373542652,13.72,0.1491869312248247,,4.25,0.44890929965556814,
3835,603685,晨丰科技,sh,False,True,-1.981228710646057,24.46,0.3225182222795588,0.005960779264594819,0.5,0.6528925619834711,
3836,688302,海创药业,sh,False,True,-1.9813013668144372,34.66,0.3012229652388698,,-12.91,-0.3772967072948882,
3837,000034,神州数码,sz,False,True,-1.981380592034533,22.99,0.48028432832236684,0.023172876611383907,2.1,-0.05726405090137854,
3838,601579,会稽山,sh,False,True,-1.9814076880724822,20.21,0.38740169681943204,0.028835146583467655,3.43,-0.2498656636217087,
3839,688091,上海谊众,sh,False,True,-1.9814942375802045,36.96,0.18959861972204842,0.00897112821805583,2.84,-0.48567077391665514,
3840,301120,新特电气,sz,False,True,-1.982372257898482,14.52,0.28819274330672356,0.005907484073422938,-0.12,0.034848484848484906,
3841,000668,荣丰控股,sz,False,True,-1.9823763226411804,22.03,0.22745365631752532,0.008357332807378522,-3.28,0.9164859002169199,
3842,001376,百通能源,sz,False,True,-1.9826143674435597,10.32,0.25362686415745156,0.0381128062840395,16.2,-0.186511240632806,
3843,688811,有研复材,sh,False,True,-1.9827843238873284,21.09,0.07634170547370028,0.006775150374462561,0.03,,
3844,002706,良信股份,sz,False,True,-1.9830523914235985,9.65,0.3892565200467108,0.01594153918749163,3.65,-0.195077484047402,
3845,920662,方盛股份,bj,False,True,-1.9830798553112359,18.3,0.28892548611713037,0.010186587727402838,0.6959,-0.468396197490103,14.9684
3846,600955,维远股份,sh,False,True,-1.983099268407777,12.45,1.1032656663724625,,-0.3,-0.1722925457102673,
3847,600095,湘财股份,sh,False,True,-1.9833366853009358,7.83,0.5495109352676119,0.01961180395256297,0.2,-0.20945319740500468,
3848,601188,龙江交通,sh,False,True,-1.9833876417410539,2.84,1.2211503236048358,0.04153893444325366,1.19,-0.19596541786743515,
3849,601166,兴业银行,sh,False,True,-1.9835301093636948,18.28,2.145462347135808,0.20034459269944305,2.61,-0.15878843506195506,
3850,300474,景嘉微,sz,False,True,-1.9836632459886896,49.88,0.2599563273370074,,-1.59,-0.38430656934306573,
3851,600986,浙文互联,sh,False,True,-1.9836727629862585,6.89,0.5034739703957305,,-0.44,-0.24913494809688586,
3852,301269,华大九天,sz,False,True,-1.983694735595105,91.25,0.10406368697642956,,-1.4,-0.16871193527861106,
3853,688591,泰凌微,sh,False,True,-1.9838747007942739,26.7,0.38069133546520484,0.015482176917932076,0.34,-0.4092697857455182,
3854,002317,众生药业,sz,False,True,-1.9839913954666448,25.34,0.19316206297083255,0.013602777142981512,6.8,0.281460134486071,
3855,000592,平潭发展,sz,False,True,-1.9840241359452855,5.91,0.15520961057908705,,-0.1,0.8461538461538458,
3856,300802,矩子科技,sz,False,True,-1.9841052073830723,23.54,0.22715914769887785,0.013497243862803215,6.05,-0.01967892283790773,
3857,601089,福元医药,sh,False,True,-1.9841057711306922,16.01,0.4855547462976451,0.05044925057638269,4.99,-0.43218869233437385,
3858,600113,浙江东日,sh,False,True,-1.9841058474456574,29.69,0.20481310803891448,0.011239566872051018,0.85,-0.14757103574702102,
3859,000422,湖北宜化,sz,False,True,-1.984268873146346,12.28,0.45879977977610564,0.05458723859536118,4.13,-0.006949806949806958,
3860,001365,天海电子,sz,False,True,-1.984424821141809,34.12,0.41659723379436764,0.03430602345159763,3.86,,
3861,002471,中超控股,sz,False,True,-1.9845250250399888,5.22,0.2526720064684034,,-0.7,-0.006036217303822755,
3862,002730,电光科技,sz,False,True,-1.9845691621901338,20.87,0.21832154396995895,0.009038224458881501,1.32,0.22132564841498548,
3863,603995,甬金股份,sh,False,True,-1.9846606913275522,24.76,0.6596741209842337,0.0670196367535688,5.94,0.0964203233256351,
3864,688295,中复神鹰,sh,False,True,-1.9852651338136056,38.32,0.1377960893469843,0.004983402777051032,0.64,0.7330659536541888,
3865,002181,粤 传 媒,sz,False,True,-1.9852838901898355,8.08,0.4532680627322999,0.007783876012195778,0.41,0.07454289732770736,
3866,000719,中原传媒,sz,False,True,-1.9853100153611836,11.7,1.0087763542822556,0.11272432139958517,4.19,-0.011281224818694646,
3867,001393,维通利,sz,False,True,-1.9853377727488846,41.16,0.3607373471375491,0.0290451972314118,3.67,,
3868,688290,景业智能,sh,False,True,-1.985410995146343,66.28,0.18679717562670453,,-0.99,-0.03939171857823376,
3869,002190,成飞集成,sz,False,True,-1.985490584023843,22.68,0.42995958379912286,,-1.68,-0.38409703504043125,
3870,301061,匠心家居,sz,False,True,-1.9856874425392839,34.56,0.44365572315882873,0.08442594578165762,3.82,-0.5309876049580169,
3871,600329,达仁堂,sh,False,True,-1.9857599043266463,35.72,0.21596872772822495,0.030832983892849213,10.85,0.026928471248246932,
3872,300031,宝通科技,sz,False,True,-1.9857918104695915,21.5,0.45411198401525815,0.029212432811404534,5.14,-0.33395038874490934,
3873,301106,骏成科技,sz,False,True,-1.9861242842666085,20.86,0.4351988858908521,0.024897422618810502,7.06,-0.3379279679857714,
3874,300304,云意电气,sz,False,True,-1.9862044424303973,11.32,0.3501768393038484,0.041508588126883454,4.81,-0.041742286751361046,
3875,688772,珠海冠宇,sh,False,True,-1.9863101563810304,14.4,0.43956043956043955,0.02505223390769755,-2.83,-0.052814454482279394,
3876,603392,万泰生物,sh,False,True,-1.9864515616252294,28.09,0.33044742581455294,,-1.09,-0.49370008873114457,
3877,301081,严牌股份,sz,False,True,-1.9864572464710195,14.94,0.30950170225936247,0.002316197026836848,0.26,-0.030303030303030276,
3878,300695,兆丰股份,sz,False,True,-1.986625710898494,48.56,0.5799791207516529,0.06090950066391356,-0.57,-0.5725136722706097,
3879,301259,艾布鲁,sz,False,True,-1.987071527963492,22.34,0.17520805957074026,0.006182189113164972,1.09,-0.2893558387874613,
3880,002693,双成药业,sz,False,True,-1.9871280369815025,8.9,0.11544677903486492,0.013855635364015254,3.2,-0.010727056019070313,
3881,000712,锦龙股份,sz,False,True,-1.987486634786243,9.06,0.33038192150125545,0.02129739468970761,0.53,-0.41234221598877974,
3882,600055,万东医疗,sh,False,True,-1.9875363177781227,10.81,0.5844535359438925,,-0.36,-0.4118653736451797,
3883,002976,瑞玛精密,sz,False,True,-1.9880215945528574,23.17,0.3192338387869114,,0.54,-0.08382066276803113,
3884,300643,万通智控,sz,False,True,-1.9880643164138387,17.93,0.3163555836760519,0.03865750226146388,12.17,-0.19693301049233258,
3885,688122,西部超导,sh,False,True,-1.9882908495031377,47.9,0.23055818135706546,0.022915702297528314,0.61,-0.06279464454082595,
3886,300154,瑞凌股份,sz,False,True,-1.9883025273290567,11.59,0.3454947484798231,0.016897514882486232,1.55,-0.2420382165605096,
3887,002582,好想你,sz,False,True,-1.9884504283648394,10.02,1.002004008016032,0.3633985027981685,16.56,-0.022002200220021972,
3888,301291,明阳电气,sz,False,True,-1.9884963773338515,37.15,0.4333694474539545,0.0428436165153573,0.49,-0.029839326702371882,
3889,000767,晋控电力,sz,False,True,-1.9886631144054905,3.42,0.5751754285056943,0.016403472943291555,1.09,0.19672131147540983,
3890,300265,通光线缆,sz,False,True,-1.988710394835111,13.41,0.37540355882573767,0.004879472158219812,0.17,0.3416833667334669,
3891,600906,财达证券,sh,False,True,-1.9887194128332435,6.42,0.6124448799608035,0.054662432150256096,6.01,-0.06666666666666654,
3892,300892,品渥食品,sz,False,True,-1.988740895459259,21.93,0.46552767562031566,,-0.44,-0.4439338235294118,
3893,002061,浙江交科,sz,False,True,-1.9887801319637612,3.47,1.7482517482517483,0.1048207041854907,1.36,-0.125,
3894,002182,宝武镁业,sz,False,True,-1.9889592130345217,11.5,0.4630487127245786,,-0.35,-0.11326860841423936,
3895,300315,掌趣科技,sz,False,True,-1.9891733601392658,3.82,0.4443457009553432,,0.79,-0.35382059800664445,
3896,002963,豪尔赛,sz,False,True,-1.9892491071946776,18.47,0.4184975936388366,,-2.44,-0.046444121915819925,
3897,600012,皖通高速,sh,False,True,-1.9893074895094252,16.25,0.4810930433945926,0.06708977954298442,4.02,0.10243277848911658,
3898,300492,华图山鼎,sz,False,True,-1.989337111105459,23.19,0.04002225237231901,0.03766833035125718,179.3,-0.5052331113225499,
3899,002467,二六三,sz,False,True,-1.9897023440349335,4.44,0.2559967232419425,,-0.78,-0.29623567921440264,
3900,002520,日发精机,sz,False,True,-1.989736758029652,5.79,0.06814727990132274,,11.43,-0.24057971014492752,
3901,603311,金海高科,sh,False,True,-1.990130711283595,28.33,0.20177155424628235,0.010504267884041286,2.62,1.2232841007819286,
3902,688047,龙芯中科,sh,False,True,-1.9903382120154822,102.73,0.05822585810358381,,-4.75,-0.14845492194966547,
3903,002049,紫光国微,sz,False,True,-1.99050062272341,60.99,0.27529249827942187,0.03000066001452032,5.57,-0.05480656506447823,
3904,300812,易天股份,sz,False,True,-1.990753951667311,18.9,0.20952061682869594,,1.07,0.014697236919459122,
3905,002017,东信和平,sz,False,False,-1.9908773793572876,15.98,0.196513844400338,0.01819260143284929,4.72,-0.5712791913558731,
3906,603360,百傲化学,sh,False,True,-1.9912493002489937,12.52,0.15947437246834434,0.01950800803729931,4.59,-0.40740740740740744,
3907,300821,东岳硅材,sz,False,True,-1.9916051050986736,16.29,0.2731941864277128,0.01878862236184256,8.03,0.40398550724637694,
3908,603160,汇顶科技,sh,False,True,-1.9916075332523508,47.29,0.4222972972972973,0.02985965959988056,2.7,-0.341012590409858,
3909,002670,国盛证券,sz,False,True,-1.991950702560154,10.69,0.5480052608505042,0.009863489307977591,0.01,-0.2558139534883722,
3910,300383,光环新网,sz,False,True,-1.9922554627366291,12.12,0.5446919766871834,,0.19,-0.1294200848656294,
3911,605388,均瑶健康,sh,False,True,-1.9922791368712245,5.89,0.43442373691298497,,-12.45,-0.38633377135348235,
3912,002399,海普瑞,sz,False,True,-1.9924259302193332,10.0,0.8300821781356353,0.025929844213495964,1.54,-0.27145085803432145,
3913,002879,长缆科技,sz,False,True,-1.9928369653309617,15.79,0.6072751563733527,0.03965437248938254,0.94,0.12953692115143922,
3914,300688,创业黑马,sz,False,True,-1.9930916503754739,28.46,0.07695918854231601,,-1.22,-0.28033352501437603,
3915,688151,华强科技,sh,False,True,-1.9931310364442252,15.63,0.7833307222309259,0.008946392322563964,0.23,-0.35530854733614414,
3916,603270,金帝股份,sh,False,True,-1.9931409919570544,27.77,0.37757221068529356,0.024709478308784467,1.82,-0.17651376146788988,
3917,002123,梦网科技,sz,False,True,-1.993941023334252,7.7,0.23674242424242423,,-6.63,-0.49197860962566853,
3918,002294,信立泰,sz,False,True,-1.99397229833215,31.62,0.2595245510225267,0.0191897327254026,7.29,-0.3155432702530301,
3919,605016,百龙创园,sh,False,True,-1.9940262405164457,19.64,0.2523977788995457,0.04942591796286137,5.79,0.07160616608652415,
3920,600698,湖南天雁,sh,False,True,-1.9942547656773335,6.62,0.10468682934999947,,0.28,-0.46352941176470586,
3921,600027,华电国际,sh,False,True,-1.9944578695538013,4.55,0.9462528387585163,0.1111629871717913,2.52,-0.10153256704980829,
3922,600715,文投控股,sh,False,True,-1.9945449796584693,1.55,0.17179473964507208,,-0.3,-0.3803418803418803,
3923,603985,恒润股份,sh,False,True,-1.994952047696307,16.26,0.4660266567247647,0.01656273550139541,1.95,-0.10070257611241207,
3924,002422,科伦药业,sz,False,True,-1.995957162351242,41.44,0.3737479443863059,0.023837163568232688,1.84,0.2965536409116176,
3925,002565,顺灏股份,sz,False,True,-1.9965079808559447,8.44,0.2054062936488374,0.0073320878560095264,3.26,0.1483957219251335,
3926,603318,水发燃气,sh,False,True,-1.9965202445794659,9.31,0.3639804906457014,,2.1,0.2753209700427959,
3927,002416,爱施德,sz,False,True,-1.9965604810444233,9.33,0.45649593718615905,0.017235911366049392,0.88,-0.23575129533678763,
3928,301707,展芯股份,sz,False,True,-1.9967073726079043,78.42,0.04529744567703827,0.007719444508773148,3.4,,
3929,301592,六九一二,sz,False,True,-1.9967250515031294,102.77,0.13052274358807023,0.007917236377801019,5.59,-0.43016281062553563,
3930,688448,磁谷科技,sh,False,True,-1.996742971717311,64.58,0.16290093993842344,0.001060138025730398,0.12,0.45223325062034725,
3931,000766,通化金马,sz,False,True,-1.9968615309877047,15.68,0.15293325992536858,0.001622415026418595,0.31,-0.3275245755138516,
3932,301678,新恒汇,sz,False,True,-1.9968615309877047,44.28,0.16968421767091443,0.006692616170431487,1.88,-0.549734819785691,
3933,601212,白银有色,sh,False,False,-1.998428332904003,6.7,0.3203895937459951,,-5.2,0.3791044776119403,
3934,688709,成都华微,sh,False,True,-1.9988645729267214,24.96,0.18312670536744374,0.0040653612520662194,-2.31,-0.30051035725007513,
3935,000723,美锦能源,sz,False,False,-1.999073951141681,3.89,0.7210325185665873,,-2.64,-0.2413043478260869,
3936,603178,圣龙股份,sh,False,True,-1.9991005883386914,16.32,0.2966830831305999,,1.65,-0.1912004345464421,
3937,300250,初灵信息,sz,False,True,-2.000046849806402,14.77,0.17632641546030012,0.0124294473494825,0.33,-0.22453841572364497,
3938,688208,道通科技,sh,False,True,-2.0002625652862114,24.57,0.23409335643054452,0.05654093846649667,4.81,-0.2523713710836447,
3939,002261,拓维信息,sz,False,True,-2.00068740697695,25.08,0.08266307357840179,0.001713895044152507,2.65,-0.14294830887045307,
3940,002283,天润工业,sz,False,True,-2.0007289338785217,8.58,0.6387327542156361,0.04242645374243748,2.33,0.2664526484751202,
3941,301033,迈普医学,sz,False,True,-2.00141816350291,55.3,0.21874658208465492,0.03299741960178714,6.97,-0.2947629619955595,
3942,300669,沪宁股份,sz,False,True,-2.001431018105273,23.34,0.19576367409263537,0.003926739604545908,0.24,-0.2865071106486299,
3943,600771,广誉远,sh,False,True,-2.0019448257740873,13.24,0.2622194252150199,0.010214264629125159,3.93,-0.33839582344565733,
3944,688099,晶晨股份,sh,False,True,-2.0020269360320517,89.5,0.21043771043771045,0.026056459135655137,7.66,0.38908575478384133,
3945,301669,高特电子,sz,False,True,-2.002514209884028,27.57,0.0721245735634588,0.010615654906290305,1.62,,
3946,688825,长鑫科技,sh,False,True,-2.0032871387002924,56.6,0.021589039676337116,0.007448484419632715,30.3,,
3947,301050,雷电微力,sz,False,True,-2.003478243278441,27.91,0.43894302519532963,,-3.02,-0.47233091112353276,
3948,300772,运达股份,sz,False,True,-2.0036601568255232,10.94,0.7825338445887784,0.03821344501849531,0.52,-0.19654427645788342,
3949,600199,金种子酒,sh,False,True,-2.003832749206625,6.92,0.427313904794462,,-10.13,-0.35611164581328203,
3950,603391,力聚热能,sh,False,True,-2.004218779280192,67.57,0.35161744022503516,0.03352622085733252,1.52,0.28883183568677784,
3951,001268,联合精密,sz,False,False,-2.0051987462547856,22.42,0.3013863773357444,0.009462976105985333,-0.17,-0.22274678111587987,
3952,600216,浙江医药,sh,False,True,-2.0055936484575563,12.55,0.9313588525658936,0.062253321214686796,2.55,-0.2343647136273863,
3953,688568,中科星图,sh,False,True,-2.0057737902679387,31.0,0.14515473494745398,,-9.22,-0.17726347914547302,
3954,600909,华安证券,sh,False,True,-2.005807916569312,8.19,0.6411078343377355,0.049018886977152294,1.64,0.5016666666666667,
3955,002192,融捷股份,sz,False,True,-2.006590408201288,76.85,0.22788906360383768,0.0598963792638735,22.03,0.6922017084596308,
3956,301263,泰恩康,sz,False,True,-2.0071574010853532,18.35,0.17608113818847726,,0.23,-0.3847688726305287,
3957,300197,节能铁汉,sz,False,True,-2.007556605894835,1.99,,,-21.6,-0.23423423423423428,
3958,603220,中贝通信,sh,False,True,-2.008306663773451,18.13,0.3960709759188847,0.006432448357088364,0.0,-0.1525898273448436,
3959,000678,襄阳轴承,sz,False,True,-2.008421425991817,8.32,0.20374482997493937,,-2.44,-0.5265760197775031,
3960,920932,科达自控,bj,False,True,-2.008569007360435,11.0,0.4905808477237048,,-6.7631,-0.5335720680393912,26.0964
3961,603130,云中马,sh,False,True,-2.009059028654861,41.21,0.2531837861103375,0.01916325560716859,1.0,-0.12818645302257836,
3962,688617,惠泰医疗,sh,False,True,-2.0096436044480366,258.57,0.08436397995511837,0.025489526353621297,17.4,-0.2772553117380704,
3963,600436,片仔癀,sh,False,True,-2.009997655713579,123.76,0.20374067886394198,0.025477707006369428,4.89,-0.3447100712105797,
3964,600222,太龙药业,sh,False,True,-2.0103989038992434,7.55,0.38034383082306406,0.014459852220310309,0.16,0.013215859030837107,
3965,688484,南芯科技,sh,False,True,-2.010450280617052,34.85,0.2687088539567379,0.0047467085136489225,-1.12,-0.1838134430727023,
3966,002850,科达利,sz,False,True,-2.0105028062706363,183.81,0.2872737719046251,0.03681641128349373,6.24,0.5971287572902646,
3967,002081,金 螳 螂,sz,False,True,-2.0108355719934257,5.0,1.04942806170637,0.030557957750567615,1.26,-0.011142061281337101,
3968,000526,学大教育,sz,False,True,-2.010839391901623,34.58,0.2935995302407516,0.06311298486550623,24.29,-0.3996303142329021,
3969,000818,航锦科技,sz,False,True,-2.0111517433390325,11.7,0.28370403994552884,,2.28,-0.4455719557195572,
3970,002625,光启技术,sz,False,True,-2.0112479920257216,27.82,0.16311617133722636,0.011888033742994976,7.14,-0.308562197092084,
3971,600327,大东方,sh,False,True,-2.011631777671642,4.01,0.7959882193743533,,0.64,-0.3145161290322581,
3972,300251,光线传媒,sz,False,True,-2.0121630305326987,10.76,0.3178538507994024,,16.8,-0.4551690347868692,
3973,300529,健帆生物,sz,False,True,-2.0122333218527015,15.56,0.26875218361149183,0.042254532855012024,11.04,-0.25860547219770513,
3974,301397,溯联股份,sz,False,True,-2.01253202406607,25.15,0.39805747950003983,0.025372467827710795,1.04,-0.15273311897106112,
3975,603328,依顿电子,sh,False,True,-2.01328223903112,10.64,0.4074149521287431,0.036437571508734085,0.87,-0.16157635467980302,
3976,601619,嘉泽新能,sh,False,True,-2.0132869414183943,4.01,0.6590220113351786,0.040730211226875424,2.96,0.15926892950391647,
3977,300682,朗新科技,sz,False,True,-2.0135129150456126,9.19,0.6430041152263375,,-2.83,-0.4825026511134677,
3978,001248,华润新能源,sz,False,True,-2.0137284541740645,12.03,0.5780346820809249,0.03352712008743873,1.75,,
3979,603301,振德医疗,sh,False,True,-2.013905925900655,82.29,0.2636505048907169,0.01215892690174736,4.59,2.897922312556459,
3980,300638,广和通,sz,False,True,-2.0139502875966557,18.65,0.37248109658434836,0.014245501270698714,0.15,-0.3046984572230015,
3981,603920,世运电路,sh,False,True,-2.0146886926047713,37.15,0.23613866062151695,0.01434088572178395,1.33,0.051882315722872496,
3982,002626,金达威,sz,False,True,-2.0149917516955234,16.32,0.44232130219391363,0.028508384315827286,1.46,-0.29191215854311736,
3983,688375,国博电子,sh,False,True,-2.015300198297726,77.41,0.13679890560875513,0.008763028432522052,1.55,0.1735000791514958,
3984,688291,金橙子,sh,False,True,-2.0157638052494424,42.23,0.23377048413867263,0.017967450167276963,5.23,0.12624584717607967,
3985,603219,富佳股份,sh,False,True,-2.015913886661151,13.6,0.21169845671825052,0.007196745343885682,0.06,-0.19059720457433293,
3986,601678,滨化股份,sh,False,True,-2.0161102612226536,6.33,0.7665772326561902,0.018081874728771877,1.25,0.5,
3987,300100,双林股份,sz,False,True,-2.0162853371254674,20.19,0.2838328792007266,0.03663755202532388,2.55,-0.5404767017393172,
3988,605208,永茂泰,sh,False,True,-2.017206581732001,13.79,0.49952545082171934,0.028172982110156362,3.54,-0.1128284389489953,
3989,600354,敦煌种业,sh,False,True,-2.0174391768055977,6.63,0.21388544295675238,0.008750376266179445,6.31,-0.16208393632416784,
3990,600058,五矿发展,sh,False,True,-2.017882144561287,10.23,0.44476071873332146,,0.23,-0.0011961722488037507,
3991,301395,仁信新材,sz,False,True,-2.0179217423975273,12.21,0.48628671464695583,,-6.97,-0.3416342412451361,
3992,300747,锐科激光,sz,False,True,-2.017955830944587,35.42,0.17303133597494505,0.009387353170062228,1.22,0.11226541554959768,
3993,605389,长龄液压,sh,False,True,-2.017965710888354,69.47,0.16604124464516987,0.010245796661919448,3.42,1.0924149956408025,
3994,002115,三维通信,sz,False,True,-2.0182384401656535,10.82,0.2380102344400809,0.003971246586217153,2.43,0.19421965317919065,
3995,300128,锦富技术,sz,False,True,-2.018250965177818,4.82,0.06735594247802512,,-67.46,-0.2142857142857142,
3996,601168,西部矿业,sh,False,True,-2.019236013090724,36.7,0.25635767022149303,0.06795001596825376,18.6,1.067313177410154,
3997,002202,金风科技,sz,False,True,-2.019854870833738,18.3,0.5144562197756971,0.04027807986337675,2.03,0.7608476286579211,
3998,300660,江苏雷利,sz,False,True,-2.0198801954261567,23.5,0.2621094569092053,0.01984363217843394,1.84,-0.3260153677277716,
3999,002921,联诚精密,sz,False,True,-2.0204663410192905,21.68,0.4062728528479727,0.0004735286588541383,0.3,0.12175418349682654,
4000,002654,万润科技,sz,False,True,-2.0206961798609853,13.93,0.13282329189246625,0.002427353555939455,2.05,-0.02590673575129543,
4001,688559,海目星,sh,False,True,-2.0211455800549003,55.45,0.17627668388302278,,-37.11,0.3809051866534523,
4002,301077,星华新材,sz,False,True,-2.0213045144201565,20.58,0.342407122068139,0.03653315018047376,2.74,-0.20289219982471507,
4003,002191,劲嘉股份,sz,False,True,-2.0216331104893523,3.63,1.214329083181542,,0.77,-0.08436724565756826,
4004,301509,金凯生科,sz,False,True,-2.0219937775566565,29.47,0.5991611743559018,0.017838603451412995,1.42,-0.2821888412017167,
4005,603530,神马电力,sh,False,True,-2.02211468487693,46.72,0.09006169225919755,0.024122193382799913,11.83,0.39644385907145185,
4006,300933,中辰股份,sz,False,True,-2.022232605852658,6.6,0.5882352941176471,,-0.64,-0.30012300123001234,
4007,300752,隆利科技,sz,False,True,-2.0223278411953682,10.74,0.36246330059081516,0.013224207175719298,1.24,-0.3718487394957982,
4008,300896,爱美客,sz,False,True,-2.0225628746046103,91.4,0.28605755478002176,0.039589692427679526,7.5,-0.4555494202098288,
4009,000333,美的集团,sz,False,True,-2.0226074895585255,85.99,0.3548364204101909,0.06751054852320675,5.46,0.24704840613931522,
4010,002300,太阳电缆,sz,False,True,-2.022856762713094,6.62,0.3980891719745223,0.016375563728781364,0.85,0.09737248840803714,
4011,300657,弘信电子,sz,False,True,-2.0230860022736414,33.42,0.09693397826740208,0.013479868490403007,7.94,0.09882515549412574,
4012,002213,大为股份,sz,False,True,-2.0236778275145206,31.51,0.07466587023071754,0.002609227480801304,4.19,0.47480832420591446,
4013,002474,榕基软件,sz,False,True,-2.023930285497639,6.01,0.35269636370049023,,-0.59,-0.2056737588652483,
4014,002197,证通电子,sz,False,True,-2.023964931601468,6.43,0.44595076703531933,,-21.51,-0.028169014084506894,
4015,603120,肯特催化,sh,False,True,-2.024257345180898,47.2,0.27920482465937013,0.0197433756039005,7.03,0.1058096415327563,
4016,300887,谱尼测试,sz,False,True,-2.024320539646013,7.09,0.7111363959607453,,-8.72,-0.2779661016949153,
4017,688018,乐鑫科技,sh,False,True,-2.0243459185651798,108.31,0.18535681186283598,0.022484845214325543,7.1,-0.02122114668652275,
4018,300736,百邦科技,sz,False,True,-2.0247590684045793,29.75,0.01729008966640501,,-7.15,1.2744769874476987,
4019,603499,翔港科技,sh,False,True,-2.024874968867422,11.72,0.19201228878648233,0.024277973080583447,8.66,-0.10128755364806863,
4020,688399,硕世生物,sh,False,True,-2.0249823196134193,27.85,0.8525876033762468,,0.72,-0.3340937896070977,
4021,603533,掌阅科技,sh,False,True,-2.025042304200004,20.23,0.2585248571650164,,-1.47,-0.12670565302144243,
4022,300227,光韵达,sz,False,True,-2.0251828078796215,11.72,0.19554547410000195,,-2.1,-0.13283740701381508,
4023,301068,大地海洋,sz,False,True,-2.0256435758529,27.97,0.20370332647532136,,3.8,-0.30119047619047623,
4024,603110,东方材料,sh,False,True,-2.0256878998401553,25.37,0.1365075898219941,0.00021773642130900133,-0.93,0.15688696726374296,
4025,601138,工业富联,sh,False,True,-2.025880697208312,60.4,0.14663401615906857,0.039140168772407745,13.51,0.6558242980261331,
4026,002265,建设工业,sz,False,True,-2.0259681970050676,18.06,0.20901699308153754,0.012476902134922724,6.02,-0.5377629063097515,
4027,600363,联创光电,sh,False,True,-2.0263185742484144,17.04,0.5903536218194699,0.05814426755666159,10.76,-0.551941049604601,
4028,301563,云汉芯城,sz,False,True,-2.0264149773241233,120.35,0.13203586093983127,0.020698405601816492,12.33,,
4029,603259,药明康德,sh,False,True,-2.026584425628664,155.84,0.17921789311444855,0.046603100038214544,13.3,0.4052838673412029,
4030,002638,勤上股份,sz,False,True,-2.0268179012319663,4.18,0.31479207983127144,,-1.24,0.519650655021834,
4031,301316,慧博云通,sz,False,True,-2.0268374947370535,37.55,0.07314325838587457,0.0066837369307879,0.69,-0.25734355044699864,
4032,002208,合肥城建,sz,False,True,-2.0270904162218164,10.44,0.6862005077883757,,-3.35,0.9825072886297375,
4033,603122,合富中国,sh,False,True,-2.027175144991555,11.38,0.23042536522420387,,-0.72,0.32786885245901654,
4034,000691,亚太实业,sz,False,True,-2.027353036818916,10.18,0.09105146228648432,,-0.39,0.7904761904761906,
4035,301598,博科测试,sz,False,True,-2.0275706688199846,55.46,0.3036560184622859,0.04083799567117246,6.12,-0.29222222222222216,
4036,300739,明阳电路,sz,False,True,-2.0279089839107582,22.09,0.336089265308866,0.010370324280040236,3.0,0.3444945267224726,
4037,000725,京东方Ａ,sz,False,True,-2.0290980815097885,5.75,0.6389368091495752,0.027934521481647018,1.25,0.4584382871536523,
4038,603375,盛景微,sh,False,True,-2.029615624879736,37.31,0.4098024752069503,,0.19,-0.16157096694009443,
4039,300353,东土科技,sz,False,True,-2.029620327180257,18.65,0.1923372826588706,0.008115381244380097,3.68,-0.2137476459510358,
4040,600578,京能电力,sh,False,True,-2.0300766954963163,5.57,0.6687621213134488,0.09476786611195877,7.12,0.30660377358490565,
4041,301075,多瑞医药,sz,False,True,-2.03075863722658,53.75,0.14349466917304024,,-17.78,0.3010362694300517,
4042,601698,中国卫通,sh,False,True,-2.031488278281459,23.76,0.15915457091927682,0.003961622966003729,0.17,0.2132816286960737,
4043,300782,卓胜微,sz,False,True,-2.0318746951746394,74.55,0.22672138209354523,,-1.48,-0.06258251914444146,
4044,688262,国芯科技,sh,False,True,-2.0318746951746394,26.34,0.21776055049867166,,-13.02,-0.11711711711711714,
4045,300953,震裕科技,sz,False,True,-2.0319777567098525,97.66,0.19898517560441747,0.030350948011861154,5.95,0.18757373181281922,
4046,300746,汉嘉数智,sz,False,True,-2.032078072517567,12.88,0.2833262501770789,0.023931517569323626,0.97,-0.3822800495662949,
4047,603296,华勤技术,sh,False,True,-2.03262516094587,75.22,0.23480241376881356,0.03747535995083233,3.96,0.5745402606677379,
4048,002953,日丰股份,sz,False,True,-2.032728954870979,10.5,0.43239503610498553,0.030361637463831696,2.01,-0.12419503219871197,
4049,920178,锐翔智能,bj,False,True,-2.0333305654220974,93.38,0.09347803733512812,0.021223221600146017,8.2533,,44.7733
4050,002203,海亮股份,sz,False,True,-2.0333343671454625,19.32,0.38526737555863766,0.023359082828971804,2.56,0.4764267990074442,
4051,000523,红棉股份,sz,False,True,-2.033352262415949,3.07,0.3478018920422927,0.020394428242204228,2.42,-0.2018072289156626,
4052,003021,兆威机电,sz,False,True,-2.0334956225990624,66.16,0.286409852498926,0.012183146809355682,1.47,-0.36996148908857507,
4053,002755,奥赛康,sz,False,True,-2.033839719873392,11.97,0.29710618575078734,0.02397270946754215,7.36,-0.5304672897196261,
4054,300264,佳创视讯,sz,False,True,-2.034043591619083,6.27,0.0032273003793691596,,-273.55,-0.11661807580174932,
4055,300897,山科智能,sz,False,True,-2.034260965301775,16.93,0.2951332526635776,0.004547267251536181,1.82,-0.3956310679611651,
4056,301236,软通动力,sz,False,True,-2.0348752459715813,36.65,0.35184012384772356,0.0014209643971686433,-2.62,-0.3446920052424639,
4057,002653,海思科,sz,False,True,-2.0352671633360706,64.16,0.06618089886896844,0.010486093343008502,11.45,0.11764705882352966,
4058,300586,美联新材,sz,False,True,-2.035395019451483,8.97,0.28915105250983114,,0.08,-0.4337349397590361,
4059,300955,嘉亨家化,sz,False,True,-2.0358905436244616,29.49,0.2895948567953433,,-1.06,0.505877034358047,
4060,300468,四方精创,sz,False,True,-2.0359461815072404,22.99,0.13545179947715605,0.005902685958218428,0.64,-0.5018382352941176,
4061,601011,宝泰隆,sh,False,True,-2.036236467905677,3.0,0.9310986964618249,,-2.2,-0.12681159420289845,
4062,600118,中国卫星,sh,False,True,-2.0378037345331226,59.4,0.0911818074057864,0.001432433268663746,0.54,0.9221556886227547,
4063,000823,超声电子,sz,False,True,-2.038132078767027,14.65,0.6395088571976721,0.025367576178831265,2.04,0.01636788776305531,
4064,603262,技源集团,sh,False,True,-2.038840847228866,18.4,0.21335153933135628,0.015490954831473903,8.63,-0.33311014395714755,
4065,300196,长海股份,sz,False,True,-2.0391708134329103,16.52,0.7027900766041183,0.04576323930513097,3.24,0.1336669049320942,
4066,300456,赛微电子,sz,False,True,-2.0392360188303615,30.85,0.2932379332590464,0.0629389995216636,-0.74,0.46803069053708435,
4067,300568,星源材质,sz,False,True,-2.039569096974583,14.08,0.4633920296570899,0.0008993154320999313,0.3,0.02555366269165238,
4068,300051,琏升科技,sz,False,True,-2.039907181915265,8.19,0.03136025088200706,,-111.61,-0.050464807436918946,
4069,601991,大唐发电,sh,False,True,-2.04071229948592,5.89,0.33783783783783783,0.07377079414259895,3.49,0.9060606060606062,
4070,601872,招商轮船,sh,False,True,-2.04104487012842,19.0,0.29372026082359165,0.05155941449128904,6.13,1.5907590759075907,
4071,688181,八亿时空,sh,False,True,-2.041515178115867,38.07,0.4113025953193765,0.018539839333752334,2.1,0.14375000000000004,
4072,002174,游族网络,sz,False,True,-2.0420775655312746,11.97,0.38692203520990526,,-7.78,-0.28601108033240996,
4073,601865,福莱特,sh,False,True,-2.0425889528108754,10.28,0.9147457006952068,0.0378908440564422,0.17,-0.4125,
4074,301293,三博脑科,sz,False,True,-2.042594226377824,50.55,0.22640825937330192,0.005849003300592562,0.64,-0.10487931932627204,
4075,002150,正泰电源,sz,False,True,-2.0442542688205743,21.9,0.2742054895939017,0.031930825060588745,3.15,0.7577937649880095,
4076,600589,大位科技,sh,False,True,-2.044297866038049,7.42,0.05317762923493345,,-11.93,-0.1371571072319202,
4077,601003,柳钢股份,sh,False,True,-2.044500821136624,3.61,0.9876543209876544,0.04565230293042133,0.25,-0.48343373493975894,
4078,603598,引力传媒,sh,False,True,-2.0446693373950087,16.56,0.049976011514473055,0.004466221741656763,4.65,-0.17911285794497467,
4079,301617,博苑新材,sz,False,True,-2.0447268379937764,48.11,0.215526531316005,0.020439489912089753,5.42,0.5018230029830957,
4080,600900,长江电力,sh,False,True,-2.045018202446269,28.15,0.3308847859175435,0.05238673986840451,2.97,0.07554893933755102,
4081,000959,首钢股份,sz,False,True,-2.0451887072665893,3.53,1.8365472910927456,0.030693865524036367,1.98,-0.11943793911007017,
4082,688318,财富趋势,sh,False,True,-2.0452159414601745,73.6,0.1467157675435379,0.011498336765586857,0.89,-0.22923389506394176,
4083,301085,亚康股份,sz,False,True,-2.0456347323324793,57.31,0.19210081450745353,,2.48,-0.14424040066777966,
4084,300444,双杰电气,sz,False,True,-2.045955779688531,9.75,0.2681684097613301,0.059399706565449566,13.38,0.3530219780219779,
4085,688235,百济神州,sh,False,True,-2.046271699846874,276.67,0.082847295864263,0.007933221316248348,4.87,0.20642834884031513,
4086,300084,海默科技,sz,False,True,-2.0471821953524176,10.11,0.22768670309653916,,-2.8,0.14218566392479448,
4087,002132,恒星科技,sz,False,True,-2.0473767727122922,5.2,0.4849895727241864,0.009570971625897517,0.54,0.04370179948586106,
4088,300317,珈伟新能,sz,False,True,-2.0476895940894932,4.27,0.39942482824732384,,-0.67,0.016826923076923128,
4089,000960,锡业股份,sz,False,True,-2.0479849615673555,36.03,0.36210892236384706,0.0406163944014362,6.69,0.6852154937261321,
4090,603303,得邦照明,sh,False,True,-2.048003563208814,23.47,0.2772617628302881,0.017675308124808886,2.46,0.513911620294599,
4091,603222,济民健康,sh,False,True,-2.0491179153976535,8.06,0.26295721686081674,,-4.54,0.1581259150805272,
4092,603991,领先股份,sh,False,True,-2.0491277969146395,132.25,0.17405531477903677,0.0009207454539344145,-1.33,0.6586585196500485,
4093,300229,拓尔思,sz,False,True,-2.0494193256013644,13.14,0.3282994090610637,,-2.05,-0.5389082462253194,
4094,002649,博彦科技,sz,False,True,-2.049495037978824,9.42,0.7468259895444361,0.007910203371328677,2.5,-0.40803382663847776,
4095,688265,南模生物,sh,False,True,-2.0496915547769126,40.03,0.5488172987212557,0.010601811849645105,0.04,-0.38055662930034795,
4096,300039,上海凯宝,sz,False,True,-2.0498736784246065,5.29,0.8450228156160217,0.04683555568045038,6.31,-0.2138461538461538,
4097,000628,高新发展,sz,False,True,-2.050265471113743,47.76,0.13189654035374654,0.005399640923878562,2.19,-0.21285494166850105,
4098,301016,雷尔伟,sz,False,True,-2.050275548908368,11.86,0.28388122409583827,0.019189880024870085,0.25,-0.11990776325903152,
4099,301488,豪恩汽电,sz,False,True,-2.0512856470654763,96.8,0.14131279587366635,0.007350573859301195,1.13,0.2522727272727274,
4100,603468,津富士达,sh,False,True,-2.0514188559244984,23.68,0.3036560184622859,0.038443351798956645,6.36,,
4101,300745,欣锐科技,sz,False,True,-2.051418873813797,28.73,0.457268279299465,,-5.49,0.3920792079207922,
4102,688799,华纳药厂,sh,False,True,-2.0520844046965823,43.33,0.35848718408316904,0.0386742468190432,11.67,-0.0902806018706791,
4103,000503,国新健康,sz,False,True,-2.0523959524089466,6.7,0.1461924184611786,,-5.07,-0.41509433962264153,
4104,301286,侨源股份,sz,False,True,-2.052423659653627,43.26,0.11141937137190673,0.01461819468219314,7.16,0.38602941176470607,
4105,688209,英集芯,sh,False,True,-2.052519795647055,22.3,0.23114973880079515,0.021033546403158396,2.02,0.15433403805496826,
4106,688239,航宇科技,sh,False,True,-2.0526993015265624,46.3,0.2341317225070825,0.022573006747071717,2.74,0.05238220584364295,
4107,605168,三人行,sh,False,True,-2.052770122709347,47.5,0.2730748225013654,0.012729723777723748,0.4,0.040941032691720336,
4108,300528,幸福蓝海,sz,False,True,-2.052859904317947,12.62,0.0727743775971356,,-13.36,-0.24502558271745312,
4109,688216,气派科技,sh,False,True,-2.0529277520479345,29.89,0.21462451441203614,,-0.51,0.1549067315490673,
4110,300539,横河精密,sz,False,True,-2.053186548514412,17.8,0.250075022506752,0.010806978714574724,0.84,-0.3567073170731707,
4111,002158,汉钟精机,sz,False,True,-2.053330870870674,25.96,0.3213574137155344,0.0340470734837987,10.72,0.46753246753246747,
4112,002815,崇达技术,sz,False,True,-2.053433252282156,13.36,0.5394034198176816,0.01462572049955611,3.66,-0.15395787944807549,
4113,300767,震安科技,sz,False,True,-2.0534652939970157,18.29,0.3006704952043056,,-0.13,-0.1155234657039712,
4114,000017,深中华A,sz,False,False,-2.053482992293431,7.82,0.07242807891763478,0.007670541056954534,1.57,-0.0894819466248038,
4115,002153,石基信息,sz,False,True,-2.053861769754738,7.58,0.32356176794150004,,0.35,-0.2729083665338645,
4116,600666,奥瑞德,sh,False,True,-2.0542543657657566,3.38,0.11789811245121966,0.015057973196807711,-0.88,-0.1587301587301586,
4117,002338,奥普光电,sz,False,True,-2.05455605962038,42.9,0.14038437241166313,0.009499644238323274,2.15,-0.23808570284341213,
4118,603162,海通发展,sh,False,True,-2.0546257976431175,12.22,0.2900232018561485,0.053662175142607224,10.74,0.8794567062818337,
4119,600714,金瑞矿业,sh,False,True,-2.054660569904762,15.69,0.16652789342214822,0.0031407705943468645,-0.14,0.1033613445378152,
4120,000012,南  玻Ａ,sz,False,True,-2.0548962040644363,3.7,1.157809424568716,0.0009909567270998323,-0.76,-0.2142857142857142,
4121,603667,五洲新春,sh,False,True,-2.0552300255170852,51.35,0.15249481517628402,0.0042868208979089314,1.03,0.28254630837464134,
4122,002708,光洋股份,sz,False,True,-2.0557463154301923,11.5,0.2736427320490368,0.016644584850764654,1.81,-0.1468218442256044,
4123,002766,索菱股份,sz,False,True,-2.056006704515038,4.07,0.2974154596555929,,-3.95,-0.3533834586466166,
4124,688107,安路科技,sh,False,True,-2.0560933030008384,30.0,0.07507112989557606,,-4.52,-0.018243243243243334,
4125,300828,锐新科技,sz,False,True,-2.0562502437559425,16.49,0.28714179061620626,0.010020833312456597,1.93,-0.2373259052924791,
4126,000700,模塑科技,sz,False,True,-2.056259135203607,10.74,0.40210704089428606,0.0504266091130968,4.1,0.3431122448979591,
4127,300291,百纳千成,sz,False,True,-2.0563220679411773,4.8,0.4510396463849173,,-54.22,-0.30345911949685545,
4128,600488,津药药业,sh,False,True,-2.056679831871378,5.17,0.5401317921572864,0.0046776535392997745,0.46,0.07317073170731714,
4129,002440,闰土股份,sz,False,True,-2.0574212640433003,12.4,0.7263746640517179,0.05777841976021955,6.73,0.5863453815261044,
4130,301531,春光集团,sz,False,True,-2.0578551183788885,48.35,0.07583398424169807,0.012567345261419633,3.68,,
4131,002045,国光电器,sz,False,True,-2.0579128447925235,8.8,0.8557247989046722,,-2.63,-0.5485074626865671,
4132,300125,聆达股份,sz,False,True,-2.058153321024152,8.64,0.1815508069933371,0.006803581949824943,-0.78,0.4311594202898552,
4133,603236,移远通信,sh,False,True,-2.0582938249005265,56.99,0.3187047837588042,0.04191202665604895,8.18,-0.17163673331074214,
4134,300102,乾照光电,sz,False,True,-2.05837447969857,17.62,0.26940380936986447,0.008378191567350188,2.07,0.21699544764795142,
4135,001225,和泰机电,sz,False,True,-2.0590101260063562,46.02,0.4622781065088758,0.010027797053432113,0.48,-0.05132037867463879,
4136,688486,龙迅股份,sh,False,True,-2.059138295264326,43.08,0.19844419749166534,0.022543695317449045,5.41,0.0,
4137,300511,雪榕生物,sz,False,True,-2.0592955190117284,5.49,0.5070736778053851,0.05563034746715028,1.85,-0.2859281437125749,
4138,301216,万凯新材,sz,False,True,-2.0593598116833673,19.13,0.5911563017261764,0.06084908817641367,8.54,-0.022063595068137598,
4139,301265,华新科技,sz,False,True,-2.059413214364453,19.73,0.3557579422960617,0.013643904994760741,2.87,0.6704347826086958,
4140,301055,张小泉,sz,False,True,-2.059870460188069,29.82,0.15062055669357755,0.015313865326805544,4.16,0.41585677749360617,
4141,300839,博汇股份,sz,False,True,-2.0598928740525926,14.12,0.19809433252114658,0.008781975171599794,-7.72,-0.2637037037037038,
4142,688781,视涯科技,sh,False,True,-2.0600949543889184,36.59,0.11084385426250043,,-1.32,,
4143,605068,明新旭腾,sh,False,True,-2.0601843086991343,16.92,0.5629362756136006,,-0.91,-0.34543761638733705,
4144,002993,奥海科技,sz,False,True,-2.0610226780885452,37.29,0.47112032413078303,0.03344761267664521,0.96,-0.024915650142745882,
4145,001399,惠科股份,sz,False,True,-2.06105058610756,22.58,0.15787811809283234,0.022629554197782304,3.77,,
4146,688698,伟创电气,sh,False,True,-2.0611921597785337,44.32,0.25119316754584275,0.026696281741878995,4.58,-0.23394578861197013,
4147,300916,朗特智能,sz,False,True,-2.061251121264496,26.46,0.3574747980267391,0.019218129614753374,7.42,-0.5505402160864346,
4148,002418,康盛股份,sz,False,True,-2.061385318113038,3.68,0.3482015390508026,0.00415249799745784,0.33,-0.1465968586387435,
4149,300842,帝科股份,sz,False,True,-2.0615257223380947,62.31,0.17723897130501054,,0.9,0.23307587460245327,
4150,603191,望变电气,sh,False,True,-2.061690118557724,14.42,0.526066600031564,0.014088475626937165,0.49,-0.1394101876675603,
4151,300788,中信出版,sz,False,True,-2.061781598588689,23.29,0.5068937550689375,0.02651711016533418,1.85,-0.29265216020182916,
4152,600604,市北高新,sh,False,False,-2.0619106707639263,4.94,0.6503219093451258,,-1.18,-0.27689594356261027,
4153,603655,朗博科技,sh,False,True,-2.0625039395871374,31.11,0.16988600648964544,0.013597228340974977,3.37,-0.287369640787949,
4154,603559,中通国脉,sh,False,True,-2.062800438653141,9.04,0.21580094520814003,,1.22,-0.10526315789473684,
4155,300798,锦鸡股份,sz,False,True,-2.062851804256583,7.15,0.4665702421499557,,-0.94,-0.3173515981735159,
4156,600267,海正药业,sh,False,True,-2.0631237145524484,12.06,0.6286145335680161,0.04933034062600202,3.98,0.057639524245196805,
4157,301479,弘景光电,sz,False,True,-2.0632907547632735,48.53,0.21546151857278287,0.029415744483077124,4.65,-0.28285396472270774,
4158,300342,天银机电,sz,False,True,-2.0635218280458636,31.39,0.11788560381006273,0.001485005233900947,1.58,0.6341844710786866,
4159,300182,捷成股份,sz,False,True,-2.0635340162844313,4.76,0.6712310377231843,0.013573014675143467,2.27,-0.2819237147595357,
4160,003816,中国广核,sz,False,True,-2.0636440342522064,3.88,0.6423845313804843,0.04840060210349016,2.18,0.1153846153846152,
4161,603382,海阳科技,sh,False,True,-2.064062272390164,18.31,0.5409791723018663,0.03033354769040368,3.6,-0.5009410288582183,
4162,603637,镇海股份,sh,False,True,-2.064099652520567,12.75,0.3426652503169654,0.020082256924362187,2.01,-0.07506471095772216,
4163,002902,铭普光磁,sz,False,True,-2.064628441364616,24.04,0.10833297222342592,,-2.52,0.011531365313653064,
4164,603683,晶华新材,sh,False,True,-2.0649913441360805,15.53,0.3798814769791825,0.02207281379815736,2.81,-0.3344566133108676,
4165,300877,金春股份,sz,False,True,-2.0652255037167877,27.46,0.5112213077041051,0.02614221889925573,0.17,-0.19056533133657805,
4166,600500,中化国际,sh,False,True,-2.0652907081894076,5.37,0.5281504172388296,,-2.76,0.1687344913151363,
4167,688133,泰坦科技,sh,False,True,-2.0653037452655756,22.3,0.7419498441905327,,-1.19,-0.27813620071684586,
4168,300991,创益通,sz,False,True,-2.065767370685216,25.87,0.16557662058117392,,-2.76,-0.2663452847243145,
4169,300171,东富龙,sz,False,True,-2.0662251094112567,13.77,0.7544322897019993,0.01970128905534289,0.35,-0.19945541184479232,
4170,002180,奔图科技,sz,False,True,-2.066257359181484,16.75,0.3831270832535152,,0.71,-0.30550847457627117,
4171,603119,浙江荣泰,sh,False,True,-2.0664930136595703,50.13,0.08853318223670233,0.012871868274448826,7.15,-0.055219669488109524,
4172,002258,利尔化学,sz,False,True,-2.0665040176441227,14.16,0.7064142413111049,0.0388897747115351,1.44,0.1742424242424241,
4173,600756,浪潮软件,sh,False,True,-2.067106206280091,13.87,0.4609569466211856,,-3.86,-0.08929743926460942,
4174,920790,联迪信息,bj,False,True,-2.0673308814509217,20.72,0.1815178522807718,,-2.1519,-0.5382504680847062,18.4319
4175,300561,汇金科技,sz,False,True,-2.0674113545384833,14.95,0.1182941976696043,,-0.49,0.4136780650542118,
4176,603918,金桥信息,sh,False,True,-2.067520696708473,10.34,0.2592285358772294,,-3.11,-0.5434565434565435,
4177,000831,中国稀土,sz,False,True,-2.067704106952671,58.22,0.08193900460497205,0.0040110592926817824,4.68,0.12849691797060214,
4178,603380,易德龙,sh,False,True,-2.0679664752367404,33.99,0.2911123402521033,0.04091619544848242,7.27,-0.04796511627906974,
4179,603728,鸣志电器,sh,False,True,-2.0681524434557588,45.91,0.1546240316670017,0.0035232804277544306,1.25,-0.23053991387876782,
4180,603261,立航科技,sh,False,True,-2.068208496269175,49.9,0.12924238116163053,,-2.43,1.0775623268698062,
4181,603308,应流股份,sh,False,True,-2.0685073338025095,42.6,0.17185083347654237,0.012735446568433922,2.32,0.6387959866220736,
4182,002716,湖南白银,sz,False,False,-2.069130295206656,11.46,0.12566760917373548,0.01378964177268603,4.14,0.4220907297830374,
4183,600468,百利电气,sh,False,True,-2.0694183376636692,5.87,0.31932558436581937,0.012938435044527623,1.25,-0.1779141104294477,
4184,002972,科安达,sz,False,True,-2.069441635176662,12.62,0.39791492578886634,0.02663711722462548,3.8,0.014548238897396537,
4185,000029,深深房Ａ,sz,False,True,-2.069541892536813,22.62,0.15790304752881731,0.0010316475421564713,-0.11,-0.08074534161490687,
4186,300321,同大股份,sz,False,True,-2.069762272252951,32.94,0.21707512970238999,0.0024710589574898786,0.69,-0.02777777777777779,
4187,301459,丰茂股份,sz,False,True,-2.0698870870572215,32.13,0.38074931465123363,0.02526017985248055,7.31,-0.373124867948447,
4188,300697,电工合金,sz,False,True,-2.0700054402258243,15.7,0.19136558481322719,0.029584748470468502,9.03,-0.10995128740431459,
4189,603341,龙旗科技,sh,False,True,-2.0702025670756004,36.18,0.3820001528000611,0.023609405987345358,0.21,-0.06190841647480183,
4190,688225,亚信安全,sh,False,True,-2.0707611562337873,11.77,0.3296956908773202,,-11.99,-0.45603864734299515,
4191,301313,凡拓数创,sz,False,True,-2.071003136191063,32.76,0.1925001925001925,,-3.89,0.1552612214863871,
4192,000670,盈方微,sz,False,True,-2.071260607171221,7.31,0.004974654137171113,,-38.03,-0.16906946264744427,
4193,002126,银轮股份,sz,False,True,-2.0713528356531583,38.4,0.23004900043709312,0.029489217267706064,2.83,0.3724832214765099,
4194,002843,泰嘉股份,sz,False,True,-2.0716273915196703,15.27,0.3506311360448808,,2.09,-0.2731581214993537,
4195,300683,海特生物,sz,False,True,-2.071797762319392,25.78,0.6170554115759596,,-3.78,-0.4966574911521824,
4196,600857,宁波中百,sh,False,True,-2.07216926618789,19.3,0.20428174538323254,0.010774085738019487,2.15,0.3059006211180124,
4197,605128,上海沿浦,sh,False,True,-2.0723045102142983,23.26,0.29897153790959097,0.02771787636718425,4.25,-0.22252639812280017,
4198,301111,粤万年青,sz,False,True,-2.072533360539807,21.07,0.2216950805861618,,-0.44,-0.04505494505494512,
4199,300088,长信科技,sz,False,True,-2.072806022274016,6.99,0.49731450169086927,0.00984081497693313,0.55,0.08538587848932688,
4200,300478,杭州高新,sz,False,True,-2.0736386508259894,28.54,0.008679809634415097,,-29.32,0.6194690265486726,
4201,601990,南京证券,sh,False,True,-2.0736845164794713,6.57,0.8169267216730659,0.03784896748016714,1.24,-0.18036809815950927,
4202,301363,美好医疗,sz,False,True,-2.074000353693371,16.15,0.2872407652093985,0.022800909300262896,3.37,0.07773851590105996,
4203,688520,神州细胞,sh,False,True,-2.0749663173010413,36.39,0.004137985256358532,,-20.73,-0.49079939668174966,
4204,300623,捷捷微电,sz,False,True,-2.075185607550728,29.82,0.2502126807786619,0.02126216461593089,4.8,-0.167892548768788,
4205,688056,莱伯泰科,sh,False,True,-2.075204223117861,41.0,0.2941349491146538,0.012381662262922121,0.81,-0.024359299670134282,
4206,002146,荣盛发展,sz,False,True,-2.0755452926661957,1.13,1.0320982557539478,,-12.99,-0.23571428571428565,
4207,000651,格力电器,sz,False,True,-2.0755729176988367,41.45,0.6547930853850183,0.12568340350656695,4.0,-0.08729979697721624,
4208,002333,罗普斯金,sz,False,True,-2.075801663485873,5.27,0.5439216752787599,0.011808132024362539,1.04,-0.06457564575645747,
4209,688252,天德钰,sh,False,True,-2.076029167049255,19.36,0.31675641431738993,0.027676374616336256,5.5,-0.3311871227364185,
4210,600995,南网储能,sh,False,True,-2.076066180350431,12.24,0.5989099838294305,0.05031421225553582,4.75,0.2581602373887242,
4211,301112,信邦智能,sz,False,True,-2.076202468268986,30.14,0.3351094132234174,,-6.79,-0.4717017954722873,
4212,301141,中科磁业,sz,False,True,-2.07639376690894,40.63,0.2545889661142086,0.0051434614260966885,2.6,-0.5072928821470245,
4213,600288,大恒科技,sh,False,True,-2.0764164438864317,11.07,0.4115395695296103,0.03382297730139994,2.57,-0.2808988764044944,
4214,688230,芯导科技,sh,False,True,-2.0770386087632073,53.16,0.3598934715324264,0.01792217474837267,1.33,-0.29392126860481294,
4215,001326,联域股份,sz,False,True,-2.0774664090367447,64.35,0.262412091949197,0.006079201047081589,2.08,0.25885634588563455,
4216,600613,神奇制药,sh,False,False,-2.077765264609765,9.9,0.44012147352669334,0.006834060135628758,1.65,-0.3158660844250364,
4217,300525,博思软件,sz,False,True,-2.0778169031366818,7.96,0.4179553623672992,0.029218236854715238,6.79,-0.5140247879973907,
4218,002970,锐明技术,sz,False,True,-2.0778771430388185,49.76,0.23347575354299455,0.0355544178141855,2.03,0.014444444444444482,
4219,688711,宏微科技,sh,False,True,-2.0785186591704616,24.98,0.1942086966654367,0.003128703602889921,1.58,-0.23841504365345878,
4220,300221,银禧科技,sz,False,True,-2.0786617052628547,14.22,0.225407988459111,0.023204601936656077,6.15,0.09915611814345993,
4221,603679,华体科技,sh,False,True,-2.078755757309378,22.52,0.220031684562577,,-17.05,-0.019536019536019578,
4222,600605,汇通能源,sh,False,True,-2.0788192760129673,24.16,0.28833400611268095,0.005875388877301316,1.79,-0.3291036717062634,
4223,688226,威腾电气,sh,False,True,-2.0789197343570565,28.93,0.30187767916440256,0.004248429461838695,1.78,-0.31344743276283615,
4224,000837,秦川机床,sz,False,True,-2.079088135679685,9.78,0.49224710804824023,0.004964286919898252,0.49,-0.338473400154202,
4225,003001,中岩大地,sz,False,True,-2.0793279743904227,15.23,0.44982232018352747,0.0037877295742894976,0.55,-0.3038579720040969,
4226,603456,九洲药业,sh,False,True,-2.0793488816147487,15.71,0.6425909266161162,0.04271222637479978,4.35,-0.21636771300448432,
4227,300545,联得装备,sz,False,True,-2.079689515993866,34.2,0.34345377112240694,0.015061012160261216,1.25,-0.2383720930232558,
4228,688836,C宇树,sh,False,True,-2.0797974204676803,603.08,0.011806877269872156,0.0023951481962019177,9.51,,
4229,300199,翰宇药业,sz,False,True,-2.0799775965808545,22.17,0.043420681270489134,0.006526656824468175,27.84,-0.16217354675652895,
4230,000703,恒逸石化,sz,False,True,-2.079982799386437,19.02,0.4101722723543888,0.0816259897151253,19.35,1.5294117647058822,
4231,920145,恒合股份,bj,False,True,-2.080295453242351,9.63,0.3710437460576602,,-3.63,-0.5709475709475709,-14.4254
4232,688400,凌云光,sh,False,True,-2.0807351220157697,45.9,0.2613149367617853,0.015851000594412523,3.79,0.3229166666666665,
4233,301360,荣旗科技,sz,False,True,-2.0809117659692187,55.1,0.31082929255253017,0.012836805689272281,-0.05,0.11265544989027076,
4234,300433,蓝思科技,sz,False,True,-2.080936683249222,37.95,0.2634421349350615,0.017231486060589354,1.09,0.6505970809376382,
4235,002052,同洲电子,sz,False,False,-2.081133652159843,9.08,0.040770563653042505,0.008929001934021819,2.33,-0.1578947368421053,
4236,000931,中 关 村,sz,False,False,-2.081551091630294,5.6,0.3771450122572129,,-1.87,-0.26497277676951003,
4237,603601,再升科技,sh,False,True,-2.0817426380066624,8.72,0.27165054873410843,0.003700869112102286,0.53,0.7112068965517244,
4238,300248,新开普,sz,False,True,-2.082223426697946,8.43,0.5357621216180016,0.014733247192948079,3.54,-0.49285228046289986,
4239,600644,乐山电力,sh,False,True,-2.0823092561423775,8.76,0.4081799257112535,0.004491178651451751,-0.09,-0.34972299168975063,
4240,301628,强达电路,sz,False,True,-2.083223303095793,88.5,0.17912479624554428,0.01754616835548537,1.89,-0.17544663307375163,
4241,688571,杭华股份,sh,False,True,-2.083296236700091,8.32,0.48260219101394725,0.030645329345354477,1.64,-0.20584795321637428,
4242,002838,道恩股份,sz,False,True,-2.0834527994300958,24.39,0.3220715643015878,0.02260075983754574,3.17,0.11564339781328847,
4243,300442,润泽科技,sz,False,True,-2.083814833980288,62.45,0.13940390888560517,0.05075961767855964,4.08,0.31520194844733096,
4244,000717,中南股份,sz,False,True,-2.0852169320075755,2.21,1.2487512487512489,,-17.1,-0.277027027027027,
4245,002165,红 宝 丽,sz,False,True,-2.085299394148574,8.07,0.33696128314856627,,-1.2,-0.29535398230088483,
4246,002645,华宏科技,sz,False,True,-2.085623858886054,19.03,0.2977519726068185,0.027185289496147846,5.07,0.45164075993091535,
4247,600645,中源协和,sh,False,True,-2.086225446832941,19.23,0.413308534821244,0.012229124883823312,3.07,-0.32396505886821114,
4248,002041,登海种业,sz,False,False,-2.086505232540588,10.19,0.4119973632168754,0.011240211181087669,0.91,-0.17722772277227716,
4249,002350,北京科锐,sz,False,True,-2.0867965093211516,14.23,0.23213166508043362,0.0026007795576646147,3.03,0.9768392370572208,
4250,301348,蓝箭电子,sz,False,True,-2.0868085574651314,20.55,0.29791163940775167,,-2.53,-0.15319943951424575,
4251,301580,爱迪特,sz,False,True,-2.0872908686761535,48.96,0.2969738366049951,0.027819507038335283,1.76,0.44970760233918106,
4252,002647,仁东控股,sz,False,True,-2.0875704866617837,11.75,0.046861014915861046,,7.56,0.4228070175438594,
4253,000761,本钢板材,sz,False,True,-2.08813654653863,2.32,0.6215040397762586,,-15.59,-0.4373401534526854,
4254,300077,国民技术,sz,False,True,-2.0884900903211467,19.72,0.13145095564844755,,0.25,-0.30586816720257237,
4255,301315,威士顿,sz,False,True,-2.0895067895944206,39.29,0.2989357885926103,0.009363444923748786,0.89,-0.3675099866844208,
4256,000839,国安股份,sz,False,True,-2.0896964808521266,2.72,0.1456621802715143,0.008209102252577658,-0.21,-0.0817843866171003,
4257,300968,格林精密,sz,False,True,-2.0899505909952243,9.88,0.436852911624656,,-1.11,-0.3037135278514589,
4258,002432,九安医疗,sz,False,True,-2.090225357332505,67.27,0.6897503103876397,0.0731957253696384,10.38,0.737721779377732,
4259,688336,三生国健,sh,False,True,-2.090264921903577,43.45,0.21837875611460517,0.07910203371328677,4.37,0.25958702064896766,
4260,000720,新能泰山,sz,False,True,-2.090389023976086,3.64,0.41128567903265606,,-1.18,-0.10526315789473684,
4261,300559,佳发教育,sz,False,True,-2.0908251556964452,10.22,0.28739761459979885,0.0033710554437488835,1.95,-0.177742193755004,
4262,003004,声迅股份,sz,False,True,-2.0909005243038785,68.84,0.11199713287339844,,-0.48,2.1232876712328768,
4263,603983,丸美生物,sh,False,True,-2.090967333527672,26.28,0.325679856700863,0.020232348287736363,2.94,-0.20708582834331335,
4264,688786,悦安新材,sh,False,True,-2.091830767276862,27.13,0.16909029421711194,0.01811656560642486,2.41,0.18121400088613204,
4265,688180,君实生物,sh,False,True,-2.0918790141588257,34.85,0.1647853670594051,,-0.35,-0.1356299686822452,
4266,688728,格科微,sh,False,True,-2.0919607091452836,15.28,0.19807863721897595,0.002608406005698324,0.02,0.03535353535353525,
4267,301552,科力装备,sz,False,True,-2.092196576583497,25.85,0.3778718258766627,0.04477899327867311,4.52,-0.2911068458093411,
4268,600703,三安光电,sh,False,True,-2.0923962119116393,12.88,0.5431240495329134,,0.19,-0.06364359586316637,
4269,001232,嘉立创,sz,False,True,-2.0929839817611935,143.08,0.09521633150517977,0.01804826105004783,4.97,,
4270,603666,亿嘉和,sh,False,True,-2.093038349572875,26.46,0.3768465480856195,,-6.2,-0.391371340523883,
4271,603912,佳力图,sh,False,True,-2.093381632133613,8.25,0.3845858010922237,,-3.97,-0.3125,
4272,688301,奕瑞科技,sh,False,True,-2.093908789866754,97.15,0.2534789992649109,0.023683325517835915,5.24,0.43738049713193106,
4273,002407,多氟多,sz,False,True,-2.094171014346722,34.57,0.21097046413502107,0.016361203006534666,5.9,1.465266558966074,
4274,002589,瑞康医药,sz,False,True,-2.0945705781834882,3.02,1.1682242990654206,0.0019893442763183286,0.21,-0.15806451612903227,
4275,002907,华森制药,sz,False,True,-2.0946677335372343,14.31,0.2907991159706874,0.012403423841117102,3.62,-0.31372549019607854,
4276,002553,南方精工,sz,False,True,-2.0947045395658135,14.95,0.297441998810232,0.048142192780596775,0.02,-0.4675028506271379,
4277,301349,信德新材,sz,False,True,-2.0947964915390824,43.08,0.4503287399801855,0.010206227023231413,1.13,0.4046052631578947,
4278,600271,航天信息,sh,False,True,-2.0952965803593324,6.66,1.0520778537611783,,-2.02,-0.30670926517571895,
4279,301468,博盈特焊,sz,False,True,-2.0954539698902304,33.69,0.40495666963634896,0.00850753214358332,2.37,0.3903162055335969,
4280,688136,科兴制药,sh,False,True,-2.095794983431485,23.6,0.3855347366797749,0.04387927932671634,7.29,-0.6238890093214828,
4281,603123,翠微股份,sh,False,True,-2.096275959912945,9.93,0.205376763672958,,-1.86,-0.3151999999999999,
4282,002214,大立科技,sz,False,True,-2.0963567162942716,14.98,0.14023671958265552,,-5.43,0.14153561517113777,
4283,600459,贵研铂业,sh,False,True,-2.096445175229091,21.35,0.513821806597472,0.037852262618998045,3.87,0.13806451612903237,
4284,000977,浪潮信息,sz,False,True,-2.096556578399992,73.22,0.20742584526031946,0.023763298535943177,2.71,0.5898248229593739,
4285,603688,石英股份,sh,False,True,-2.0967513787381447,47.3,0.22864982279638735,0.005380984461869268,1.56,0.35275269443635304,
4286,000338,潍柴动力,sz,False,True,-2.09802597834864,26.99,0.40894777736883,0.048479442292495865,3.24,0.8514246947082766,
4287,301458,钧崴电子,sz,False,True,-2.0981203317428547,36.44,0.1691160305085319,0.014036900203254316,4.47,-0.07746100053792371,
4288,300648,星云股份,sz,False,True,-2.0986715324367116,40.3,0.16521552365060221,,-1.38,-0.4424177396280401,
4289,600449,宁夏建材,sh,False,True,-2.0989803627528336,13.21,1.1665888940737286,0.029444500061833447,-0.06,-0.14909090909090916,
4290,300797,钢研纳克,sz,False,True,-2.0991199606297903,13.94,0.2537105163009007,0.032683476868269244,5.68,-0.23768308921438086,
4291,002172,澳洋健康,sz,False,False,-2.099284729389043,4.44,0.05885434139049267,0.009971073914573822,12.08,-0.27493917274939184,
4292,688049,炬芯科技,sh,False,True,-2.0997054308055363,38.47,0.30924328168970533,0.031284314982996976,2.33,-0.07658688865764829,
4293,002762,金发拉比,sz,False,True,-2.099979565839678,9.71,0.19446929329858817,,0.02,0.19104477611940296,
4294,688002,睿创微纳,sh,False,True,-2.1003462660082346,158.4,0.10742869420422194,0.027568335010407046,15.54,1.1976573938506587,
4295,605006,山东玻纤,sh,False,True,-2.101152080900528,13.75,0.34368985427550175,0.0007864608561522985,0.94,0.7175675675675677,
4296,301133,金钟股份,sz,False,True,-2.1016903245880676,27.8,0.4068182742768805,,0.49,-0.0106122448979592,
4297,002273,水晶光电,sz,False,True,-2.1018903237104927,25.24,0.29078220412910727,0.03407689109707143,5.14,0.3250968992248062,
4298,002947,恒铭达,sz,False,True,-2.101928763231807,54.19,0.23394001777944132,0.039766016757399464,7.82,0.5532798228618874,
4299,002973,侨银股份,sz,False,True,-2.1021429596221433,11.59,0.5373743887366328,0.02169446812757215,1.69,-0.3849829351535836,
4300,300546,雄帝科技,sz,False,True,-2.102464421585878,19.29,0.3100294527980158,0.007142025607018611,3.26,-0.5258770406391108,
4301,600191,华资实业,sh,False,True,-2.102987534089997,10.93,0.32404406999351915,0.012964686786131935,1.19,0.05191594561186652,
4302,301169,零点有数,sz,False,True,-2.103166516409773,50.75,0.11855505103794946,,-8.69,0.010822510822510845,
4303,300328,宜安科技,sz,False,True,-2.103217343867189,16.58,0.08985614031934873,,-1.86,-0.12667785234899331,
4304,300715,凯伦股份,sz,False,True,-2.104484427519931,14.06,0.3302182742792986,0.005318486954283349,0.83,0.08703703703703702,
4305,603716,塞力医疗,sh,False,True,-2.104659409844636,15.07,0.29687685548034676,,-1.71,-0.5079710144927536,
4306,605167,利柏特,sh,False,True,-2.1049042652335195,14.87,0.2716284123319299,0.028510822708300073,3.3,0.12488521579430656,
4307,001208,华菱线缆,sz,False,True,-2.104949843856614,13.13,0.3508895048949086,0.012942470717660002,1.04,0.029839326702371993,
4308,300499,高澜股份,sz,False,True,-2.10505271708706,28.95,0.15648227838197323,0.0035288479793463587,1.86,0.2621495327102805,
4309,300255,常山药业,sz,False,True,-2.105420088647037,23.38,0.05631835640508667,,-29.72,-0.3836953868684403,
4310,603893,瑞芯微,sh,False,True,-2.1057345728083305,174.6,0.06663334999167082,0.018514061429655823,17.45,0.4177703484634179,
4311,301717,超纯应材,sz,False,True,-2.105963951260131,389.99,0.023091915058699647,0.005233505951804643,6.8,,
4312,688539,高华科技,sh,False,True,-2.1059914269467854,24.78,0.3809233582203261,0.011391870078000136,-0.21,-0.3087871287128713,
4313,688010,福光股份,sh,False,True,-2.1061911862152605,26.02,0.41029007508308374,0.003463426561849525,0.73,-0.30307262569832394,
4314,688163,赛伦生物,sh,False,True,-2.1063284352106733,34.65,0.29873039581777444,0.01452388525549693,3.18,0.19181380417335459,
4315,002698,博实股份,sz,False,True,-2.106332911776899,12.37,0.3340348064268297,0.03890445066915655,1.84,-0.24620060790273546,
4316,301371,敷尔佳,sz,False,True,-2.1064537672662667,21.09,0.5045917852457362,0.04184538131603724,4.62,-0.11385565418757237,
4317,600829,人民同泰,sh,False,True,-2.106535440685237,9.22,0.5790723261335341,0.02660812878334331,2.62,0.016706443914080937,
4318,000009,中国宝安,sz,False,True,-2.106637011167084,7.23,0.5378946802216126,0.0027845798876477705,0.17,-0.327433628318584,
4319,002988,豪美新材,sz,False,True,-2.106637011167084,23.78,0.452755014261783,0.019658840482270675,4.4,-0.5736154885186853,
4320,600410,华胜天成,sh,False,True,-2.106882038275325,12.98,0.3027550711474417,,-2.14,-0.0031007751937984773,
4321,300469,信息发展,sz,False,True,-2.107066225419018,53.65,0.017575371982748014,,-13.41,-0.01611396543671173,
4322,301067,显盈科技,sz,False,True,-2.107522500458911,28.32,0.2793842371413405,,-0.81,-0.29360628154795276,
4323,002345,潮宏基,sz,False,True,-2.1077259403353588,9.63,0.4701678499224223,0.06681276391041745,6.55,-0.37822529893014467,
4324,301292,海科新源,sz,False,True,-2.108151370251038,66.36,0.1934273390200971,0.0021610192749953214,-6.8,2.1975927783350047,
4325,300948,冠中生态,sz,False,True,-2.108785845756822,20.51,0.28352707683583783,,-5.36,0.45980985306828015,
4326,688386,泛亚微透,sh,False,True,-2.1089697458732948,49.79,0.30597882626522244,0.02069759162823814,1.2,-0.21355661881977672,
4327,300201,海伦哲,sz,False,True,-2.1090714741991956,14.3,0.1308746351869544,0.02445633565831564,6.75,1.4280701754385965,
4328,688228,开普云,sh,False,True,-2.1092073320813207,82.44,0.22394911876021767,,-0.68,-0.049429657794676785,
4329,600475,华光环能,sh,False,True,-2.1094698601368664,14.55,0.622626237469647,0.026935228855171967,1.34,-0.3987463837994213,
4330,688321,微芯生物,sh,False,True,-2.109483134138305,25.89,0.21157304559399134,0.008087683428660161,2.8,-0.18825561312607952,
4331,600821,金开新能,sh,False,True,-2.109950036703356,6.08,0.7537499057812618,,-0.21,0.147005444646098,
4332,603590,康辰药业,sh,False,True,-2.1100562080033454,30.12,0.6725854183481302,0.03522007262378975,3.01,-0.4330100574712643,
4333,688626,翔宇医疗,sh,False,True,-2.1107211404214956,41.69,0.3154474622251664,0.012072352020127025,3.78,-0.3080013976240392,
4334,603337,杰克科技,sh,False,True,-2.1108182634709225,36.92,0.3055020926893349,0.049289249029001794,4.78,-0.14756317689530685,
4335,688600,皖仪科技,sh,False,True,-2.111369629860713,26.83,0.22070670286256594,0.02352354471590615,3.89,-0.044948630136986356,
4336,300983,尤安设计,sz,False,True,-2.1114590725958706,39.36,0.40459621297944653,,-0.54,0.39201773835920184,
4337,002400,省广集团,sz,False,True,-2.111783799317756,6.34,0.45343248390314683,0.0072007771078654815,0.31,-0.24870466321243523,
4338,300693,盛弘股份,sz,False,True,-2.111843548522082,42.3,0.1697533483847969,0.04125344466262933,10.14,0.026614832535885258,
4339,000735,罗 牛 山,sz,False,True,-2.1118572814944367,5.32,0.6502373366278692,,-7.77,-0.2325949367088609,
4340,688618,三旺通信,sh,False,True,-2.112344595416807,30.12,0.24908461404339052,0.008189203354297694,-0.1,0.032768777614138545,
4341,002686,亿利达,sz,False,True,-2.112404998280087,6.2,0.45957994393124685,0.005352866299317295,1.89,-0.23680241327300156,
4342,603179,新泉股份,sh,False,True,-2.1130820168739617,38.08,0.2716062795371829,0.028828911939205594,5.45,0.16945034922563007,
4343,688261,东微半导,sh,False,True,-2.1136193335811195,71.64,0.34415115118560075,0.014218804653530386,3.52,0.17903930131004375,
4344,301557,常友科技,sz,False,True,-2.1137443142827905,86.82,0.19256691700365877,0.01351775151128462,8.54,0.38717472118959106,
4345,002298,中电鑫龙,sz,False,True,-2.1143839956281196,7.94,0.3175207976122436,,-23.23,0.0843373493975903,
4346,603496,恒为科技,sh,False,True,-2.1144129055706915,23.92,0.1820565103408098,0.00635213438067325,0.42,-0.1261231281198003,
4347,605255,天普股份,sh,False,True,-2.1147218258890965,66.28,0.09146285693379917,0.00169253824205531,-0.29,,
4348,688582,芯动联科,sh,False,True,-2.115338891110676,41.56,0.15174506828528073,0.011114173683414986,1.44,-0.42903930131004375,
4349,002607,中公教育,sz,False,True,-2.1153998944192898,2.0,0.06522689174292778,0.004558092893933179,6.46,-0.40816326530612246,
4350,600552,凯盛科技,sh,False,True,-2.1164507781981214,17.49,0.2612603197826314,0.008034490460649477,0.65,0.3001672240802675,
4351,300244,迪安诊断,sz,False,True,-2.116480341389159,19.82,0.5236973029588897,0.02148449249331832,3.58,0.009020618556700999,
4352,300407,凯发电气,sz,False,True,-2.1165164488659527,11.82,0.4596221905593602,0.01869340571420026,3.65,-0.039752650176678506,
4353,301202,朗威股份,sz,False,True,-2.1168915652410005,37.35,0.23613308460648424,0.0115169823663483,2.96,-0.34610445205479445,
4354,300166,东方国信,sz,False,True,-2.1171142268618874,13.05,0.38377403384886977,,-3.83,0.1169389509888219,
4355,300931,通用电梯,sz,False,True,-2.117677254277964,14.93,0.1626042699881299,,-2.15,0.17699115044247815,
4356,300062,中能电气,sz,False,True,-2.1178377877885235,6.2,0.39461741841284875,,0.18,0.19507908611599278,
4357,002371,北方华创,sz,False,True,-2.1180780608633087,707.9,0.07649061077752706,0.010854310192305814,4.16,1.3023814592901242,
4358,600326,西藏天路,sh,False,True,-2.11848800820985,7.09,0.3983270264887473,,-2.23,-0.6273671350030544,
4359,600683,京投发展,sh,False,True,-2.118554927231332,9.85,,,-13.35,0.799043062200957,
4360,600313,农发种业,sh,False,True,-2.1194383531564522,6.65,0.3157662067005589,0.00946474948701058,2.15,-0.1635802469135803,
4361,001358,兴欣新材,sz,False,True,-2.119550929825905,25.2,0.4691311690748733,0.01685706724115552,1.48,-0.17601626016260175,
4362,301095,广立微,sz,False,True,-2.119705346642827,73.02,0.2148089274590252,0.006269344847194123,-0.34,-0.0532135452660677,
4363,300134,大富科技,sz,False,True,-2.119816668468713,8.11,0.5873025195278088,,-1.45,-0.42274509803921567,
4364,688345,博力威,sh,False,True,-2.1200218036556233,53.19,0.23394549070066675,0.01704222039681106,5.72,0.4448311869126347,
4365,301631,壹连科技,sz,False,True,-2.120093440944383,60.12,0.3381348481774532,0.03716353068406911,4.96,-0.03275920297196888,
4366,002379,宏桥控股,sz,False,True,-2.120244264688738,18.46,0.24065071954565143,0.10255884313624941,27.03,0.21401273885350314,
4367,603376,大明电子,sh,False,True,-2.120955679968457,26.37,0.1661819692563357,0.01902754046206479,0.77,,
4368,300785,值得买,sz,False,True,-2.1213609738506007,34.47,0.28660686136826113,0.014397376222157275,4.41,-0.050221565731166984,
4369,300486,东杰智能,sz,False,True,-2.1219501972965693,22.0,0.16190661226604494,0.0022883792668261667,1.14,,
4370,301599,理奇智能,sz,False,True,-2.1219524024465897,35.37,0.14189026207131405,0.01586249123597359,5.46,,
4371,002083,孚日股份,sz,False,True,-2.1222905944529975,10.39,0.4916662569447859,0.05955074914842429,8.33,1.360655737704918,
4372,301273,瑞晨环保,sz,False,True,-2.1226107778367056,40.08,0.21747640381018657,,-7.65,0.8704061895551258,
4373,001696,宗申动力,sz,False,True,-2.122631140371852,14.84,0.32708599090700946,0.03594755969990977,3.09,-0.3980016652789342,
4374,001337,四川黄金,sz,False,False,-2.1231476216295557,56.6,0.08658983262185355,0.029016121357025963,21.01,0.5619730185497469,
4375,688176,亚虹医药,sh,False,True,-2.123341969207722,11.49,0.22309477065857575,,-7.66,0.09201388888888884,
4376,300634,彩讯股份,sz,False,True,-2.1237927530141456,18.93,0.35683699685983444,0.028387800059046626,0.83,-0.37207628643396906,
4377,600681,百川能源,sh,False,True,-2.1239246687189404,3.4,0.8072979736820861,0.053754770735902804,6.66,-0.0805555555555556,
4378,600127,金健米业,sh,False,True,-2.124373167005527,8.46,0.12365677824629957,,0.03,-0.2203147353361946,
4379,301213,观想科技,sz,False,True,-2.1245154869044587,42.52,0.16885901960453217,0.004023757876003072,0.87,-0.018867924528301994,
4380,600129,太极集团,sh,False,True,-2.124857977513191,14.21,0.4553941436313129,0.014248545935887244,1.84,-0.3810924369747899,
4381,300069,金利华电,sz,False,True,-2.124946404084752,25.55,0.09308560151915701,,3.05,0.44422409519087735,
4382,000936,华西股份,sz,False,True,-2.124958741718108,5.45,1.0573059843518715,0.003678926812901555,0.13,-0.34357541899441335,
4383,002015,协鑫能科,sz,False,False,-2.1250354036890506,15.57,0.4782400765184122,0.017346234305994513,3.42,0.270815074496056,
4384,603778,国晟科技,sh,False,True,-2.125079456755342,9.27,0.046136314354391486,,-12.34,1.1974025974025975,
4385,300307,慈星股份,sz,False,True,-2.125094576162082,7.4,0.5568858940803029,0.018906129178018222,2.75,-0.2403003754693367,
4386,688045,必易微,sh,False,True,-2.1253295124222,58.0,0.3563283922462942,0.014288224930952153,2.58,0.31472214906505136,
4387,603171,税友股份,sh,False,True,-2.125500973993846,41.47,0.15178883137778723,0.009449402230814878,3.68,-0.28233600658030034,
4388,688138,清溢光电,sh,False,True,-2.125984699312503,34.21,0.263185598484051,0.017759465795268877,4.11,0.0233998623537508,
4389,000551,创元科技,sz,False,True,-2.126455280609134,12.26,0.5153842189352162,0.05274539796402764,5.87,0.05560235888795284,
4390,600988,赤峰黄金,sh,False,True,-2.127360451318744,48.77,0.15417109908576537,0.03870388432183054,6.92,0.487566245413779,
4391,603958,哈森股份,sh,False,False,-2.1274359267786696,22.61,0.13127838895161079,,-7.81,-0.24883449883449882,
4392,688282,理工导航,sh,False,True,-2.1274371906207237,55.18,0.25651549353580955,,-1.1,-0.04670382471650969,
4393,600569,安阳钢铁,sh,False,True,-2.127996976196713,1.76,0.288300755347979,,-47.17,-0.2911392405063292,
4394,300259,新天科技,sz,False,True,-2.128278353974636,4.1,0.6487608667445179,0.0512823142682783,0.63,0.17073170731707332,
4395,603158,腾龙股份,sh,False,True,-2.128498278642515,10.01,0.46247051750450907,0.012155512768150611,2.34,0.059250302297460644,
4396,600961,株冶集团,sh,False,True,-2.128524586254615,27.82,0.196347928529354,0.0833527823158737,33.24,0.8625827814569536,
4397,600226,亨通股份,sh,False,True,-2.1286547812317034,6.06,0.2056005592335211,0.011242258299878245,5.53,0.8947368421052633,
4398,600418,江淮汽车,sh,False,True,-2.128980018051703,20.12,0.27368766763369645,,-6.03,-0.5837219160661298,
4399,600606,绿地控股,sh,False,True,-2.1292590747632407,1.25,2.194426157559798,,-68.53,-0.3492063492063492,
4400,301323,新莱福,sz,False,True,-2.1300662453449264,69.0,0.30713474001044255,0.02131637118623474,3.79,0.53287841191067,
4401,688428,诺诚健华,sh,False,True,-2.1301877273710015,27.54,0.1507386192342478,0.014989717054100887,1.44,-0.0314905528341497,
4402,688826,C频准,sh,False,True,-2.1308599879948362,979.0,0.013037656663741884,0.004250607305518776,5.47,,
4403,300005,探路者,sz,False,True,-2.1322386259998694,10.39,0.23386342376052385,0.011996391485441179,2.53,0.019715224534501585,
4404,300322,硕贝德,sz,False,True,-2.132293424895205,17.05,0.13152356902356901,0.007195347200686148,2.45,-0.38055045871559634,
4405,300907,康平科技,sz,False,True,-2.132398651663221,51.52,0.1630231003733229,0.008627174910795012,1.71,0.2315586914688903,
4406,300234,开尔新材,sz,False,True,-2.1324781430888593,9.53,0.2344830820456304,,-0.11,0.17142857142857149,
4407,920810,春光智能,bj,False,True,-2.1325407434343338,9.51,0.2497253021676156,,-0.6852,-0.5513054037644202,27.872
4408,688503,聚和材料,sh,False,True,-2.132778311317362,88.8,0.24679779856363682,0.02882899505006155,5.46,0.37716336006753903,
4409,603269,海鸥股份,sh,False,True,-2.1329904768293746,18.23,0.13108565136460162,0.015129920628436383,2.17,0.42949547218628714,
4410,688818,电科蓝天,sh,False,True,-2.1330797840744595,44.72,0.07030025237790603,0.004818320410597992,0.27,,
4411,300603,立昂技术,sz,False,True,-2.133337809611912,7.5,0.3618206816701643,,-2.44,-0.39702233250620345,
4412,301129,瑞纳智能,sz,False,True,-2.1333447435975543,23.83,0.5629679671226707,0.03930570404377083,0.64,-0.4046073977936404,
4413,003013,地铁设计,sz,False,True,-2.1337705689043016,19.0,0.3847189627976763,0.05490282200505106,2.09,0.11360544217687085,
4414,920576,天力复合,bj,False,True,-2.134244243817731,38.8,0.10369786589791982,0.0019884115375591056,0.7186,0.21824268845335015,17.9746
4415,300547,川环科技,sz,False,True,-2.1342684238674905,25.04,0.2549069589599796,0.03628763027259268,2.85,-0.3267037920975868,
4416,300909,汇创达,sz,False,True,-2.1343055714639423,53.49,0.21532233753929633,0.002158101664716462,0.53,0.3993150684931508,
4417,002329,皇氏集团,sz,False,True,-2.1343912774969778,3.63,0.16489133660917454,,0.83,-0.18635170603674545,
4418,600513,联环药业,sh,False,True,-2.1344509966732335,15.64,0.2864344637946838,,0.5,-0.3315994798439532,
4419,601101,昊华能源,sh,False,True,-2.1352461644156127,13.51,0.6391818472355385,0.04157571977964869,5.99,0.4693333333333334,
4420,688401,路维光电,sh,False,True,-2.1354151624402062,69.02,0.1180609666831952,0.019122725829830687,8.35,0.7956639566395667,
4421,001896,豫能控股,sz,False,True,-2.13565981869106,11.91,0.19608227612306123,0.020655310377021383,0.82,1.524561403508772,
4422,603399,永杉锂业,sh,False,True,-2.1359798338498948,15.21,0.2078310749023194,,8.18,0.3142580019398642,
4423,300560,中富通,sz,False,True,-2.1365269229896424,17.65,0.21915886826360428,,0.91,-0.09441764300482425,
4424,603095,越剑智能,sh,False,True,-2.1371430533636975,14.91,0.6110601894286587,0.013668092248688205,1.27,-0.2605905006418485,
4425,000739,普洛药业,sz,False,True,-2.137212460028082,19.71,0.28765389483373605,0.03722717136783796,7.95,0.29729729729729737,
4426,002036,联创电子,sz,False,True,-2.1374086647645654,6.52,0.09754860359173959,,-53.22,-0.45362718089990817,
4427,002739,儒意电影,sz,False,True,-2.1375901812594065,8.21,0.4393094056143742,,1.14,-0.22889469103568327,
4428,002038,双鹭药业,sz,False,True,-2.137673462370851,6.37,0.7785736530675802,,-6.7,-0.34691358024691354,
4429,000571,新大洲A,sz,False,True,-2.13794618258072,5.97,0.003009895029910832,,-219.07,0.27350427350427364,
4430,600602,云赛智联,sh,False,True,-2.1381683795370106,18.68,0.19260771586509753,0.0076778850804872685,0.91,-0.19581395348837216,
4431,603082,北自科技,sh,False,True,-2.138652475545348,41.87,0.2392458969328676,0.021380998706449578,1.14,-0.15186389792344257,
4432,688289,圣湘生物,sh,False,True,-2.1386749626855925,14.9,0.8298755186721991,0.01817947137733129,0.69,-0.310279488394126,
4433,000020,深华发Ａ,sz,False,True,-2.1391252957609836,12.3,0.12848681082886843,0.008471955708615555,1.88,-0.2936910804931109,
4434,601128,常熟银行,sh,False,True,-2.139850847048891,6.31,1.3917884481558802,0.18851918182675087,3.68,-0.08784773060029283,
4435,300293,蓝英装备,sz,False,True,-2.1398711305204574,15.7,0.13997368494722992,,-18.05,-0.48177376925967685,
4436,688513,苑东生物,sh,False,True,-2.1399765744407633,42.91,0.38723667905824044,0.036599202137393406,4.42,-0.16941096588015614,
4437,603696,安记食品,sh,False,True,-2.140534655855904,12.77,0.1925891687851475,0.011031159716852193,1.94,-0.04432132963988922,
4438,300762,上海瀚讯,sz,False,True,-2.1406980324252887,27.04,0.12924405154252774,,-1.95,0.0021905805038333614,
4439,688396,华润微,sh,False,True,-2.140843903122115,61.22,0.2846731951719426,0.011158472628266643,2.87,0.28183361629881154,
4440,600460,士兰微,sh,False,True,-2.140906545354679,35.56,0.20611756946162088,0.007753729156037596,1.71,0.17491626349088207,
4441,300749,顶固集创,sz,False,True,-2.1411749387523082,24.3,0.13571651534275206,0.021766290980484344,15.6,0.9268018018018016,
4442,300552,万集科技,sz,False,True,-2.1412068349818774,20.0,0.4072490327835472,,-1.5,-0.32767953807289796,
4443,002212,天融信,sz,False,True,-2.141260138913157,6.04,1.3377926421404682,0.0058771533890017305,-1.06,-0.3382899628252789,
4444,301200,大族数控,sz,False,True,-2.141554307645328,267.0,0.0922696488217166,0.011625298043578591,7.94,1.795747422680412,
4445,300825,阿尔特,sz,False,True,-2.141652248605231,10.2,0.4025440785766041,,0.74,-0.19039595619208083,
4446,300192,科德教育,sz,False,True,-2.1417884178277875,17.39,0.12461990927670605,0.013752812450146054,2.45,-0.07468123861566489,
4447,920179,凯德石英,bj,False,True,-2.142547229788083,51.37,0.1967922857423989,0.004131570695099585,1.1874,0.566364343449226,39.4052
4448,688126,沪硅产业,sh,False,True,-2.1427839648594618,24.73,0.2372310393091832,,-4.98,0.3904146472805601,
4449,688828,国仪公司,sh,False,True,-2.142925746204794,97.0,0.017880195537818402,,-10.14,,
4450,603063,禾望电气,sh,False,True,-2.1431968606021283,30.78,0.38216073680590057,0.031129082968344837,2.86,-0.2507020679091141,
4451,002612,朗姿股份,sz,False,True,-2.14329347905581,14.67,0.5149595756733096,0.14653517576894334,1.48,-0.3047965998785671,
4452,600611,大众交通,sh,False,True,-2.143787697119898,4.56,0.8882572392965004,,-1.74,-0.35806451612903223,
4453,000779,甘咨询,sz,False,True,-2.144624857611191,9.1,0.9492168960607498,0.028413530523235166,2.6,0.05491024287222812,
4454,600403,大有能源,sh,False,False,-2.144999545074619,7.3,0.19152685206465947,,-11.05,0.3932291666666665,
4455,603005,晶方科技,sh,False,True,-2.1450571398254192,31.65,0.22577440621331166,0.017910618847702425,1.4,0.04732720463057549,
4456,301668,昊创瑞通,sz,False,True,-2.145065269972491,33.98,0.27076789775804183,0.021357390297764733,0.79,,
4457,688197,首药控股,sh,False,True,-2.1455328394557047,36.2,0.12353914955649446,,-2.27,-0.2518918918918919,
4458,603175,超颖电子,sh,False,True,-2.1458382732795083,89.93,0.06968689677279981,0.0016324033368283089,-3.49,,
4459,688382,益方生物,sh,False,True,-2.146668023140884,19.06,0.12773839177364757,,-9.71,-0.40175879396984926,
4460,300347,泰格医药,sz,False,True,-2.1468381562931613,49.16,0.49414438899046303,0.018225858483499217,0.23,-0.2783584383645865,
4461,301072,中捷精工,sz,False,True,-2.14755356896722,41.82,0.16102540980966795,,-2.54,0.2548164303889495,
4462,002412,汉森制药,sz,False,False,-2.1483238146668113,11.21,0.4295348137966582,0.039935304806213934,1.59,0.08409785932721703,
4463,301308,江波龙,sz,False,True,-2.148332910327658,364.9,0.1185227326601242,0.0764444172642072,56.92,3.189899218661533,
4464,002567,唐人神,sz,False,True,-2.1483883411984017,3.61,0.8033419023136248,,-15.05,-0.28979591836734697,
4465,300398,飞凯材料,sz,False,True,-2.1486237166551945,35.16,0.2516229681445322,0.02005048712658474,7.95,0.6117876278616659,
4466,002348,高乐股份,sz,False,True,-2.1487076569531403,11.06,0.03476700888992418,,-7.6,1.601063829787234,
4467,600170,上海建工,sh,False,True,-2.148750289091173,2.25,1.5656802880851728,0.07089986103627237,0.0,-0.04166666666666674,
4468,600726,华电能源,sh,False,True,-2.14913374415434,5.57,0.11956859650381424,0.007572734218989843,11.23,1.4435797665369652,
4469,000676,智度股份,sz,False,True,-2.151277431381333,6.44,0.5277044854881267,0.017660075337881394,1.08,-0.25288683602771367,
4470,300676,华大基因,sz,False,True,-2.1513784713909136,41.9,0.4859086491739553,,0.56,-0.3004982752012265,
4471,002104,恒宝股份,sz,False,True,-2.1515346774981072,11.51,0.26176639966493903,0.001709559514895392,2.72,-0.5332989158492515,
4472,000007,全新好,sz,False,True,-2.1518148103764996,12.74,0.04057601713930964,,1.06,0.2420212765957448,
4473,600545,卓郎智能,sh,False,True,-2.151861074009341,4.08,0.3593502946672416,,-1.15,0.49027237354085607,
4474,600629,华建集团,sh,False,True,-2.151891491433169,15.98,0.28670546747326475,0.000846162639736356,0.08,-0.08809891808346204,
4475,300461,田中精机,sz,False,True,-2.1525395811883534,30.58,0.11259866457983808,0.0009413615533444647,-3.54,0.34597156398104256,
4476,301270,汉仪股份,sz,False,True,-2.1531161724983297,31.68,0.3055207601356512,0.002445932658582044,1.45,-0.4123305640577176,
4477,301448,开创电气,sz,False,True,-2.153184594342392,41.25,0.16040035929680482,,-0.32,0.26268656716417915,
4478,002167,东方锆业,sz,False,True,-2.1532539311753203,16.51,0.13912462784162052,0.004236155502490648,1.14,0.19142419601837668,
4479,688168,安博通,sh,False,True,-2.1532845722525944,34.77,0.26627612834509384,,-2.36,-0.3141784037558685,
4480,002297,博云新材,sz,False,True,-2.153550902969458,17.46,0.2258202922114581,0.019305391995984477,5.86,0.8555678059536933,
4481,688320,禾川科技,sh,False,True,-2.154093016313237,33.45,0.24022292687614108,,-10.71,-0.44300573126724685,
4482,688097,博众精工,sh,False,True,-2.15410354374746,48.37,0.2221728504776716,0.030212484402804926,0.59,0.393645484949833,
4483,300346,南大光电,sz,False,True,-2.154134892875939,56.02,0.09298173838658089,0.008998154478516457,3.45,0.6913852950457557,
4484,300214,日科化学,sz,False,True,-2.155058625596329,12.27,0.425531914893617,,1.25,0.6798866855524079,
4485,301227,森鹰窗业,sz,False,True,-2.1550735365477127,30.4,0.39797827038643685,,-2.43,-0.2259681093394078,
4486,920808,曙光数创,bj,False,True,-2.1556490974758518,62.29,0.057141877567813124,0.0016595684159568832,-10.228,0.023958427728309584,11.9319
4487,300863,卡倍亿,sz,False,True,-2.1556566371908685,41.7,0.13657097593619405,0.015307981275277304,8.57,0.3783783783783783,
4488,000534,万泽股份,sz,False,True,-2.1557979328526593,24.33,0.15083866296609147,0.01637379407006674,6.7,0.45232558139534884,
4489,688550,瑞联新材,sh,False,True,-2.1566043848701018,37.87,0.49798316816891586,0.04083132579314851,3.89,-0.0014506769825919363,
4490,301150,中一科技,sz,False,True,-2.1566526944822293,38.62,0.2932809338064932,0.011142831036795857,1.82,0.7953846153846154,
4491,603045,福达合金,sh,False,True,-2.1566526944822293,56.33,0.164211701725865,0.03856611195742301,14.45,1.8647586980920314,
4492,603286,日盈电子,sh,False,True,-2.156678020625038,40.92,0.16774020397208803,,-0.69,0.16106140080222175,
4493,301682,宏明电子,sz,False,True,-2.1567785086551834,109.68,0.37114014251781474,0.018950771580664907,3.85,,
4494,300740,水羊股份,sz,False,True,-2.1570799205276474,20.06,0.25128785023244127,0.015998438552397284,1.53,-0.04330708661417315,
4495,300878,维康药业,sz,False,True,-2.157633867181144,31.63,0.19917938095048401,,0.19,0.15219224283305222,
4496,002498,汉缆股份,sz,False,True,-2.1577368778771935,6.19,0.42795395215474813,0.02772110352168899,1.82,0.8465909090909092,
4497,688110,东芯股份,sh,False,True,-2.157937174851418,116.1,0.08092906567393679,0.011203916889344516,15.86,0.8095942171841632,
4498,688686,奥普特,sh,False,True,-2.15821390949804,119.23,0.2188183807439825,0.014455859755031,5.35,-0.00982391102873037,
4499,603928,兴业股份,sh,False,True,-2.158455470557682,12.46,0.3803004373455029,0.028345796034990052,3.99,-0.09243697478991597,
4500,688247,宣泰医药,sh,False,True,-2.1588144132623315,9.44,0.30576364470264483,0.010177951300538618,3.68,-0.3185988323603003,
4501,301099,雅创电子,sz,False,True,-2.158903854414253,48.08,0.15800284405119291,0.020398796471008212,4.77,0.701574264202601,
4502,002149,西部材料,sz,False,True,-2.1591785985021636,36.67,0.2079866888519135,0.004491311781923459,0.25,0.7722007722007724,
4503,300475,香农芯创,sz,False,True,-2.1592323878598374,153.0,0.06764343791008834,0.025825245727213092,27.32,3.652749784048374,
4504,603389,亚振家居,sh,False,True,-2.159370571046126,42.74,0.0178552935588814,,-27.49,0.6176470588235294,
4505,600737,中粮糖业,sh,False,True,-2.159850611206955,14.54,0.37402752842609216,0.03184115086655692,8.33,0.20376175548589326,
4506,300981,中红医疗,sz,False,True,-2.1600323645242177,14.44,0.8490405841399219,,-2.14,-0.3617153511497825,
4507,300170,汉得信息,sz,False,True,-2.1603540334314326,15.02,0.3651900814373881,0.014741478688244259,0.68,-0.2394056136488718,
4508,002931,锋龙股份,sz,False,True,-2.1604251921748476,46.17,0.10120330732408335,0.0005312413756282926,-0.2,,
4509,002248,华东数控,sz,False,True,-2.161018333897102,9.58,0.04067090728659975,0.011202674302409472,10.71,-0.3255813953488371,
4510,300709,精研科技,sz,False,True,-2.1614364357223512,40.16,0.28757944382135564,0.00254733457099829,2.33,-0.2654018332978042,
4511,688679,通源环境,sh,False,True,-2.1617768203513554,38.67,0.21554975966201795,,-0.59,1.171760391198044,
4512,688656,浩欧博,sh,False,True,-2.1618251257667382,94.88,0.13792913201197227,0.004597773022658745,2.01,-0.29232697645268146,
4513,002112,三变科技,sz,False,True,-2.162383295952357,15.22,0.19428793471925393,0.0017532497360482522,3.05,0.12908124525436593,
4514,301588,美新科技,sz,False,True,-2.1625098385397843,26.82,0.2971326697370376,0.007904169844801625,3.27,0.6736465781409604,
4515,688276,百克生物,sh,False,True,-2.163658765087967,16.22,0.5655149013176497,,-1.37,-0.4207240948813983,
4516,000967,盈峰环境,sz,False,True,-2.1637224673155497,8.21,0.6235191420376606,0.02115439535449478,3.2,0.004405286343612369,
4517,688277,天智航,sh,False,True,-2.1642426365753185,15.12,0.1640231600702019,,-5.88,0.016538037486218293,
4518,688106,金宏气体,sh,False,True,-2.164517221476191,27.01,0.23330144880199707,0.006405460526990048,1.7,0.6910112359550562,
4519,300656,民德电子,sz,False,True,-2.164779434666419,25.57,0.17867672021012382,,-6.7,-0.16978417266187062,
4520,300302,同有科技,sz,False,True,-2.1651609678794412,28.68,0.08012563699881414,0.004433864259019256,-5.18,0.9158383035122597,
4521,603156,养元饮品,sh,False,True,-2.1652414468038184,47.73,0.14590659060069744,0.02277473735034151,9.73,0.7970660146699267,
4522,301345,涛涛车业,sz,False,True,-2.1653141651949843,242.79,0.14272257585704906,0.0342353198948291,4.67,0.542757626711506,
4523,002668,TCL智家,sz,False,True,-2.165325265035556,9.8,0.36032140669477175,0.09379015390964256,13.36,0.007952286282306265,
4524,603956,威派格,sh,False,True,-2.16559158383116,6.03,0.5170096163788647,,-7.32,-0.08017492711370278,
4525,301677,欣兴工具,sz,False,True,-2.1663783042474782,54.08,0.2580978190734288,0.03689669294941095,3.39,,
4526,603277,银都股份,sh,False,True,-2.166511479322268,12.56,0.3711676935639522,0.042741070321883005,6.41,-0.3850893407270487,
4527,301122,采纳股份,sz,False,True,-2.1669502053618586,39.0,0.38836459668336637,0.0023177001368833703,0.71,0.19168399168399164,
4528,002131,利欧股份,sz,False,True,-2.167520913790897,4.4,0.4329941545789132,,0.26,-0.0051679586563307955,
4529,301207,华兰疫苗,sz,False,True,-2.1677680052324177,17.08,0.5593153979529056,0.018265774322705087,0.65,-0.05506736965436443,
4530,301116,益客食品,sz,False,True,-2.1681282876179213,9.37,0.37234240607662805,,-18.34,-0.31058020477815707,
4531,002046,国机精工,sz,False,True,-2.168289766143367,47.8,0.17018379850238258,0.0063511661376145275,-0.21,0.5411954765751212,
4532,300576,容大感光,sz,False,True,-2.1683587442583656,29.89,0.14426475467778466,0.009146720717688295,6.9,-0.20005963029218843,
4533,300840,酷特智能,sz,False,True,-2.1685250912735587,18.13,0.2952203820151743,0.007857910125938726,0.97,-0.3430335097001763,
4534,300894,火星人,sz,False,True,-2.16929059736754,10.86,0.22036139268400176,,-5.06,-0.37429378531073454,
4535,002796,世嘉科技,sz,False,True,-2.1694208416514122,29.42,0.11201595107143256,,-4.89,0.8202702702702702,
4536,688315,诺禾致源,sh,False,True,-2.169541326007148,16.93,0.3799247748945709,0.023065017979181514,2.35,-0.2551466001247662,
4537,002842,翔鹭钨业,sz,False,True,-2.1696239342264647,38.92,0.11464340169901521,0.030306795692798198,17.16,2.319912948857454,
4538,600325,华发股份,sh,False,True,-2.169796215137049,2.25,1.3850415512465375,,-11.03,-0.5125523012552302,
4539,300149,睿智医药,sz,False,True,-2.1698225231470336,9.7,0.26175269605276935,,1.05,-0.31159420289855067,
4540,603324,盛剑科技,sh,False,True,-2.1701555507807893,27.17,0.3974878766197631,,-1.6,-0.0029433406916850036,
4541,300487,蓝晓科技,sz,False,True,-2.17045583605771,63.24,0.14214236979758926,0.02711658504574568,8.9,0.21980198019801978,
4542,600549,厦门钨业,sh,False,True,-2.171014495833091,53.93,0.21832154396995895,0.04135563780732408,11.77,1.0706033376123236,
4543,603618,杭电股份,sh,False,True,-2.17154514275866,27.8,0.1407598215165463,,13.1,2.750380517503805,
4544,600272,开开实业,sh,False,False,-2.1718684777283404,18.15,0.16669167041722924,0.004826170973863389,2.27,-0.28100358422939065,
4545,688388,嘉元科技,sh,False,True,-2.172030229423802,29.78,0.4118955432902216,0.007789684743668739,1.49,0.6719503790489318,
4546,688690,纳微科技,sh,False,True,-2.1721473513712453,40.57,0.12479253241486031,0.010677589128505853,3.33,0.3428680396643784,
4547,600580,卧龙电驱,sh,False,True,-2.172739733293712,29.52,0.24203698325104078,0.02459219984605283,2.47,0.194292908099035,
4548,301137,哈焊华通,sz,False,True,-2.172886252485186,29.39,0.25996308524189565,0.007145010853271487,0.49,-0.10823958650045618,
4549,000620,盈新发展,sz,False,False,-2.1729849569797652,3.47,0.18253837869412043,,2.32,0.6402439024390245,
4550,301297,富乐德,sz,False,True,-2.173827938083395,35.9,0.21760417800021759,0.01738779654887014,1.78,-0.2208815562669293,
4551,600522,中天科技,sh,False,True,-2.173849499581707,32.53,0.342383675146369,0.028765472228374837,2.42,1.2074542897327705,
4552,688152,麒麟信安,sh,False,True,-2.1743970172039564,31.82,0.3733711682783855,,-4.77,-0.47901129341572557,
4553,601231,环旭电子,sh,False,True,-2.174716873701985,25.9,0.3620695897751548,0.03292994154935375,3.67,0.5075566750629723,
4554,688069,德林海,sh,False,True,-2.1747266990842964,34.87,0.2374676450333642,0.017626518744921358,-0.45,0.8917441224712959,
4555,601869,长飞光纤,sh,False,True,-2.1749965759657384,379.19,0.05212677231025854,0.010965814074622365,17.87,4.9772727272727275,
4556,300401,花园生物,sz,False,True,-2.1750097019629515,14.14,0.43110881186411454,0.035728449492477374,3.69,-0.22572347266881043,
4557,002047,宝鹰股份,sz,False,True,-2.175467914765484,3.21,0.008362931140461282,0.013604424158736422,-22.59,0.6051282051282052,
4558,688676,金盘科技,sh,False,True,-2.1758957348800694,75.35,0.1472732360348154,0.020125502634428295,5.72,0.5977980791754509,
4559,002779,中坚科技,sz,False,True,-2.1766681404027572,73.38,0.06936303921092607,0.011725762555653399,3.05,-0.4315778667487937,
4560,000710,贝瑞基因,sz,False,True,-2.1774390549388545,9.7,0.4147140546593124,,-3.09,-0.4874915483434753,
4561,000938,紫光股份,sz,False,True,-2.1775358223814805,34.49,0.15740594994490792,0.021540907259931973,5.07,0.7092783505154641,
4562,603657,春光科技,sh,False,True,-2.177822561098468,25.17,0.2563642423154818,,-1.13,-0.3450116783450117,
4563,300016,北陆药业,sz,False,True,-2.1780061233155803,9.74,0.4067189978443893,0.021740122918654983,1.95,-0.23419689119170994,
4564,603660,苏州科达,sh,False,True,-2.17806493176735,10.95,0.11412789171545634,,-22.98,0.0052151238591917615,
4565,301607,富特科技,sz,False,True,-2.1785041838624606,42.26,0.13262599469496023,0.027520082780409003,5.86,0.46712662337662336,
4566,603297,永新光学,sh,False,True,-2.1786790708809005,104.9,0.18114301240829633,0.01810872478360074,2.19,0.03878020713463748,
4567,688207,格灵深瞳,sh,False,True,-2.1788824556788278,17.72,0.5378078950198989,,-3.85,-0.043559427504667125,
4568,920284,灵鸽科技,bj,False,True,-2.1789749566958516,16.65,0.17969451931716082,,-0.9246,-0.4502967359050445,15.379
4569,601992,金隅集团,sh,False,True,-2.178989553788694,1.37,2.655337227827934,,-2.23,-0.12101910828025486,
4570,300454,深信服,sz,False,True,-2.179472955712244,116.73,0.21983819908547308,0.016906227916239785,2.09,-0.031180400890868598,
4571,688135,利扬芯片,sh,False,True,-2.179472955712244,24.99,0.2721458701864199,0.00031002515637126345,-0.8,0.022768670309653904,
4572,301012,扬电科技,sz,False,True,-2.1795458511549097,24.8,0.24390838800946366,0.009160008866888584,3.36,0.2193223443223442,
4573,300161,华中数控,sz,False,True,-2.1796727464653287,26.15,0.29707970648525,,-5.12,-0.2197202320027294,
4574,300311,任子行,sz,False,True,-2.18011622411293,5.19,0.18716077110237694,0.010012655997180436,3.39,-0.022727272727272707,
4575,002580,圣阳股份,sz,False,False,-2.180998975542009,21.05,0.25248699691965865,0.019486302103936037,7.9,0.12298682284040985,
4576,603031,安孚科技,sh,False,True,-2.181623489762643,37.99,0.20276572448193358,0.022242537072748664,6.82,0.8377450980392158,
4577,301666,大普微-UW,sz,False,True,-2.1817356528211374,408.66,0.004499297884565113,7.28214019362206e-05,46.12,,
4578,600539,狮头股份,sh,False,True,-2.182062698326665,14.86,0.08791672527781685,,0.18,0.6123693379790942,
4579,688683,莱尔科技,sh,False,True,-2.1822356088206165,30.03,0.25006251562890724,0.009710331112580609,2.09,0.01878612716762995,
4580,603803,瑞斯康达,sh,False,True,-2.182698443297869,11.13,0.3249285157265402,,-0.3,0.09703196347031962,
4581,603358,华达科技,sh,False,True,-2.182796829283239,46.1,0.16372507285765742,0.006040496697962481,-2.17,-0.1775179378155728,
4582,300846,首都在线,sz,False,True,-2.1830639233845837,18.33,0.08276227364518157,,-2.81,-0.08811681772406843,
4583,000426,兴业银锡,sz,False,True,-2.183873116752329,42.29,0.14416284635123836,0.03552397868561279,12.36,0.6415489272632131,
4584,300323,华灿光电,sz,False,True,-2.1844738460092725,11.9,0.34344197547824296,,0.76,0.48202396804260994,
4585,000887,中鼎股份,sz,False,True,-2.1846156961811536,21.07,0.5282899255111205,0.05439630975434626,2.2,-0.11281489594742622,
4586,300049,福瑞医科,sz,False,True,-2.1847657803987195,37.95,0.19781611014401013,0.015695679607231314,1.6,-0.12020833333333336,
4587,301257,普蕊斯,sz,False,True,-2.18545344093652,45.22,0.3587057895114427,0.03197411375750193,0.94,0.14718162839248428,
4588,000505,京粮控股,sz,False,True,-2.1855672060126157,6.66,0.5930142916444286,,0.28,-0.2199108469539376,
4589,000657,中钨高新,sz,False,True,-2.1860108177276913,66.76,0.07415152121845779,0.018480735681125994,18.41,2.3806333739342262,
4590,300243,瑞丰高材,sz,False,True,-2.1862501353923904,15.98,0.3468849729429721,0.017040245652181322,3.8,0.1916817359855334,
4591,002882,金龙羽,sz,False,False,-2.186329565866411,23.76,0.20522081759973732,0.0076481835564053535,1.82,-0.45501120717259047,
4592,002979,雷赛智能,sz,False,True,-2.1863938381746215,54.15,0.10946667834311237,0.014121820472120702,12.77,0.21975722059439096,
4593,001339,智微智能,sz,False,True,-2.1866729497216917,74.8,0.11111604960220456,0.018710334091725542,14.29,0.8037790697674416,
4594,301295,美硕科技,sz,False,True,-2.186739244610714,37.36,0.25928902948116267,0.009188465535444047,2.07,0.316298877274487,
4595,688343,云天励飞,sh,False,True,-2.1877237041809456,55.05,0.187913409500902,,-3.6,0.16112175579167398,
4596,300969,恒帅股份,sz,False,True,-2.1878368252854052,74.05,0.11953143676786995,0.01357773251866938,11.74,0.190975690975691,
4597,301026,浩通科技,sz,False,True,-2.1878769958195665,21.8,0.35835871707579287,0.04884100299883759,8.42,-0.164824120603015,
4598,300308,中际旭创,sz,False,True,-2.187995950529896,870.22,0.03915718083960827,0.020093071105360027,34.25,4.011061099406244,
4599,601136,首创证券,sh,False,True,-2.188486768725608,13.7,0.3777719013259794,0.029428642898132754,1.22,-0.2927078021417644,
4600,002289,宇顺电子,sz,False,True,-2.1887965180631577,39.17,0.02416965161864157,0.0030537493476427958,-6.75,0.3494949494949495,
4601,688120,华海清科,sh,False,True,-2.189415541972947,266.66,0.05977750811479673,0.008625775888541173,7.12,2.42016588906169,
4602,000892,欢瑞世纪,sz,False,True,-2.189552547753323,3.65,0.16873934832863674,,-39.73,-0.355603448275862,
4603,300790,宇瞳光学,sz,False,True,-2.1898533566914975,19.2,0.2717982170036965,0.025425431024619444,9.29,-0.06474396703943486,
4604,301449,天溯计量,sz,False,True,-2.1903480022372683,44.35,0.2864016496735021,0.02422809295834706,4.36,,
4605,301060,兰卫医学,sz,False,True,-2.190488463119154,11.43,0.3387878171900938,0.008438455391371343,4.1,-0.22116301239275504,
4606,002824,和胜股份,sz,False,True,-2.190867537473573,23.98,0.3146138115463269,0.02675148671387412,3.76,0.12929707542329427,
4607,301189,奥尼电子,sz,False,True,-2.1913062369839085,49.51,0.25588536335721596,,-7.65,1.0691176470588237,
4608,300006,莱美药业,sz,False,True,-2.1913681231988704,5.09,0.3220923116565208,,-1.35,-0.06078431372549009,
4609,300465,高伟达,sz,False,True,-2.1914311154171267,11.81,0.13218421191772856,0.004590744324921865,1.33,-0.26859776168531935,
4610,605488,福莱新材,sh,False,True,-2.191505590049261,29.59,0.2549524513678199,0.0068983262590997544,2.29,-0.2865533230293664,
4611,300700,岱勒新材,sz,False,True,-2.19169378992769,18.58,0.10457735063739895,,0.32,0.23842794759825336,
4612,300283,温州宏丰,sz,False,True,-2.1917212810262923,12.98,0.1860049849335962,0.018809084035225652,7.7,0.9036827195467423,
4613,688061,灿瑞科技,sh,False,True,-2.1919424455934897,35.96,0.5557716889901628,,-1.07,0.08559201141226813,
4614,301281,科源制药,sz,False,True,-2.192122070301849,43.97,0.29240621070791545,0.004944133760572412,2.16,-0.047352199495656944,
4615,300687,赛意信息,sz,False,True,-2.1921467738095526,26.1,0.25111116691359264,,1.18,-0.3003533568904593,
4616,600664,哈药股份,sh,False,True,-2.1923267796568737,8.22,0.28306159420289856,0.014964660953159115,6.36,0.37755102040816335,
4617,603608,天创时尚,sh,False,True,-2.1926629379358227,18.0,0.15519034095317907,0.0046758184903371875,2.36,1.6645367412140577,
4618,300668,杰恩股份,sz,False,True,-2.1926988578450315,32.52,0.1991873157517329,0.0025495804155510125,1.9,0.9170653907496016,
4619,001309,德明利,sz,False,True,-2.192844951433582,400.36,0.07292935333542397,0.04518446558073334,50.52,3.465549972082635,
4620,002951,金时科技,sz,False,True,-2.1932949028346016,16.12,0.2340330922792483,,-0.33,-0.2589403973509934,
4621,001400,江顺科技,sz,False,True,-2.193469512643871,81.15,0.18823883743693998,0.012503641685640944,6.51,0.5859134956275109,
4622,601606,长城军工,sh,False,True,-2.193487581706279,30.53,0.0967866821525358,,-4.51,-0.38210911895122424,
4623,600869,远东股份,sh,False,True,-2.1935004085756287,16.16,0.1218887886692182,0.0033673106199252527,4.7,1.495741056218058,
4624,000727,冠捷科技,sz,False,True,-2.193545570356613,2.17,0.18338865557776599,,-38.73,-0.11570247933884292,
4625,000506,招金黄金,sz,False,True,-2.193549512390752,22.34,0.04345823229294325,0.016428508061468908,25.15,0.15215311004784682,
4626,688691,灿芯股份,sh,False,True,-2.1937254890311997,63.02,0.15952525284752575,,-2.36,0.10682345147399785,
4627,300613,富瀚微,sz,False,True,-2.193808141612017,68.4,0.1830529572205239,0.01352091347291423,2.83,0.14853433012000794,
4628,688248,南网科技,sh,False,True,-2.193852482673457,40.63,0.14424810674359897,0.018010229810532383,1.49,0.23022222222222233,
4629,600110,诺德股份,sh,False,True,-2.1943348494899793,11.07,0.3127247709291053,,1.71,0.3964686998394862,
4630,688331,荣昌生物,sh,False,True,-2.1948356805493527,116.42,0.05977893748916507,0.01965717880169838,8.35,0.9009584664536741,
4631,300975,商络电子,sz,False,True,-2.19577888827216,24.67,0.15665878150799742,0.03084943931144051,12.49,1.161371237458194,
4632,002185,华天科技,sz,False,True,-2.196545464778529,16.88,0.33874191253683816,0.023104239396886935,4.28,0.7909441233140653,
4633,000608,阳光股份,sz,False,True,-2.196781988238044,7.24,0.37822913120768564,,-1.14,2.622222222222222,
4634,300122,智飞生物,sz,False,True,-2.1970247863272405,12.83,0.5030940282738844,,-2.51,-0.47579948141745887,
4635,300604,长川科技,sz,False,True,-2.1970311939213527,271.1,0.029100898635749873,0.008987237224417605,28.12,5.930806120118748,
4636,300686,智动力,sz,False,True,-2.1973452326251204,14.23,0.21085035949986294,,-2.0,0.016274864376130127,
4637,688127,蓝特光学,sh,False,True,-2.1974536751174583,61.83,0.09515200532851231,0.02221511338593872,11.39,1.192074259193145,
4638,688191,智洋创新,sh,False,True,-2.1979039602950383,21.3,0.12292260792604977,0.008903427196230645,-1.3,-0.06632653061224492,
4639,603887,城地香江,sh,False,True,-2.198069234431788,9.23,0.6269199423233653,,-0.39,-0.5468061674008811,
4640,603938,三孚股份,sh,False,True,-2.198216404547995,41.41,0.1649702228747711,0.010158544402489656,4.56,1.6863666890530555,
4641,300989,蕾奥规划,sz,False,True,-2.198235073455113,14.2,0.3233002489411917,,-3.06,-0.4339513325608344,
4642,688387,信科移动,sh,False,True,-2.1983064276720814,12.3,0.13959461723155955,,-4.49,0.966507177033493,
4643,688052,纳芯微,sh,False,True,-2.198446413989535,232.0,0.20024028834601523,,-0.47,0.17146178436501014,
4644,688079,美迪凯,sh,False,True,-2.198446413989535,15.57,0.19478748685184463,,-3.32,0.16500000000000004,
4645,600183,生益科技,sh,False,True,-2.1987030728637507,126.3,0.06030890219705331,0.01693196229590636,17.77,2.019074262461851,
4646,002303,美盈森,sz,False,True,-2.1988961097665105,4.72,0.6105751618024179,0.029705764403582517,2.94,0.1778350515463918,
4647,301556,托普云农,sz,False,True,-2.2003737306496953,56.23,0.20642817331709434,0.022396516893692694,0.62,-0.5326048011465425,
4648,605358,立昂微,sh,False,True,-2.2015736087109326,44.47,0.3122073056509522,0.001996335127972069,0.78,0.6943993506493507,
4649,300592,华凯易佰,sz,False,True,-2.201587000663434,14.7,0.41649312786339027,0.04057453542156942,2.99,0.5026978417266188,
4650,603626,科森科技,sh,False,True,-2.201615174591921,19.48,0.21068599359514578,0.011822217493335225,-18.52,0.44618834080717495,
4651,300819,聚杰微纤,sz,False,True,-2.2016850486617026,45.57,0.12962602890660443,0.007628812499046398,6.45,0.5922365988909426,
4652,688601,力芯微,sh,False,True,-2.2021623072521557,49.4,0.18885384600857397,0.003893677679804195,-0.11,-0.11458088753228457,
4653,300109,新开源,sz,False,True,-2.20220936977549,15.95,0.40220407834935445,0.018956411627104635,5.16,-0.0708825573314803,
4654,301148,嘉戎技术,sz,False,True,-2.2023672848702134,50.2,0.3011866755014758,0.006878066327944827,0.11,0.6779252110977079,
4655,301528,多浦乐,sz,False,True,-2.2029016350751935,55.19,0.32046146450889285,0.013880618353786425,1.34,0.050788497217068684,
4656,002421,达实智能,sz,False,True,-2.2032422949096544,3.01,0.42513391718391297,,-0.67,-0.20771513353115734,
4657,603009,北特科技,sh,False,True,-2.203370704600769,45.3,0.13102382013049974,0.007881152224455215,3.1,-0.0424852652259331,
4658,688166,博瑞医药,sh,False,True,-2.203828483063112,34.55,0.16398550368147458,0.0033771381928325646,0.37,-0.6967505880303162,
4659,600498,烽火通信,sh,False,True,-2.2038925135644383,39.12,0.3307315782510914,0.007886659242691432,0.22,0.578125,
4660,688620,安凯微,sh,False,True,-2.2039221652436702,15.6,0.20839845785141192,,-1.54,0.14220877458396353,
4661,688719,爱科赛博,sh,False,True,-2.2039221652436702,49.18,0.29644561705155187,,-1.01,0.21491002570694095,
4662,300408,三环集团,sz,False,True,-2.2042685795294825,108.94,0.10296328329317767,0.013224521966592214,3.53,1.9545854087313215,
4663,002768,国恩股份,sz,False,True,-2.204337465212233,60.05,0.2630402188494621,0.03764068204915873,3.72,0.7370190511766903,
4664,301511,德福科技,sz,False,True,-2.204411709595288,81.87,0.08189739893860971,0.006535764027546938,6.23,1.278985507246377,
4665,300314,戴维医疗,sz,False,True,-2.2047808717616872,12.45,0.3436308030651868,0.016779508863775557,1.96,-0.33769063180827885,
4666,002119,康强电子,sz,False,True,-2.2048818070135994,23.04,0.16638381418255632,0.01391337255976837,4.4,0.3349455864570736,
4667,301132,满坤科技,sz,False,True,-2.2048854788071366,35.41,0.35015231625757204,0.020865326834479534,0.99,-0.2674571805006588,
4668,688611,杭州柯林,sh,False,True,-2.205427439812928,61.46,0.09150805270863835,,-0.35,0.41272264631043276,
4669,688012,中微公司,sh,False,True,-2.205506720617577,357.65,0.0876831481757521,0.012349948130217853,9.41,1.8957960644007157,
4670,603929,亚翔集成,sh,False,True,-2.2055248314757603,165.82,0.06748776784207862,0.034530982924428945,20.54,3.599777654252363,
4671,600227,赤天化,sh,False,True,-2.2055764631174104,3.95,0.3362474781439139,,-1.27,0.29338842975206614,
4672,600228,返利科技,sh,False,True,-2.205603581946868,8.2,0.10767507967955896,,-7.7,0.3810679611650487,
4673,688449,联芸科技,sh,False,True,-2.205749502654558,66.04,0.06344654311509837,0.005787448990871457,21.36,0.21150855365474341,
4674,603226,菲林格尔,sh,False,True,-2.205888918930067,40.16,0.05964949954069885,,-9.11,0.9388646288209608,
4675,603725,天安新材,sh,False,True,-2.20598979791552,11.56,0.2442479605295296,0.032849568685163165,13.26,0.17549019607843142,
4676,603067,振华股份,sh,False,True,-2.2060137021499613,32.64,0.15620606704364398,0.02689632542402057,17.68,0.7943696450428397,
4677,603556,海兴电力,sh,False,True,-2.2060441163031754,24.92,0.5618924537843456,0.05482426083190333,4.75,-0.16554809843400453,
4678,603881,数据港,sh,False,True,-2.2063169308378705,25.2,0.1556686747925715,0.006428995283046161,2.54,0.1344262295081966,
4679,605178,时空科技,sh,False,True,-2.206350191339754,65.35,0.1704913560882463,,-0.62,1.527258257063271,
4680,300853,申昊科技,sz,False,True,-2.206370132895724,26.7,0.12367207113617532,,-9.84,-0.19043947571318431,
4681,300900,广联航空,sz,False,True,-2.2064360411461275,21.56,0.2740026304252521,,0.54,0.04212541886069876,
4682,688062,迈威生物,sh,False,True,-2.2064713930606894,29.23,0.008180092925855637,,-226.51,-0.06636636636636628,
4683,301051,信濠光电,sz,False,True,-2.206625804407686,18.17,0.3776862937643993,,-2.8,-0.2396259497369959,
4684,600186,莲花控股,sh,False,True,-2.2068395003209464,11.33,0.09294716882923745,0.017309992539393217,15.75,0.37439222042139386,
4685,300065,海兰信,sz,False,True,-2.2072136734405685,14.73,0.16651680154527593,0.001542582369270772,0.58,-0.129319955406912,
4686,603395,红四方,sh,False,True,-2.2074822692926603,25.95,0.21142990041651688,0.0075422289398341304,1.86,-0.35245416913069194,
4687,300571,平治信息,sz,False,True,-2.2076446883594065,29.58,0.2990341197930684,,0.4,-0.026053393374075196,
4688,300105,龙源技术,sz,False,True,-2.2079500052942334,7.58,0.4570592805886924,,0.52,0.19041450777202074,
4689,688766,普冉股份,sh,False,True,-2.208161700726744,411.0,0.054691430946599284,0.016256197675363734,24.73,4.935110434120334,
4690,002290,禾盛新材,sz,False,True,-2.208313725549172,62.47,0.06788405403570702,0.013070186903672721,12.95,0.8686468646864685,
4691,300142,沃森生物,sz,False,True,-2.209096353545039,14.9,0.31088727227507307,0.011991974970349843,1.49,-0.08575803981623287,
4692,603118,共进股份,sh,False,True,-2.209294707494176,16.01,0.4025440785766041,0.006341777409954687,1.43,0.4547970479704797,
4693,603124,江南新材,sh,False,True,-2.209294707494176,126.22,0.10481740807513312,0.014173621190130624,11.84,1.119460500963391,
4694,688231,隆达股份,sh,False,True,-2.2098647398230065,28.86,0.30435841246652057,0.010090440619270521,3.76,0.5592705167173253,
4695,301282,金禄电子,sz,False,True,-2.2099617523158015,33.48,0.24826832840934482,0.013264094758692958,3.17,0.1475498115239633,
4696,688653,康希通信,sh,False,True,-2.2100005977051325,15.32,0.2213172804532578,,0.34,-0.16971080669710814,
4697,688733,壹石通,sh,False,True,-2.2101580293148326,30.18,0.3470776065528252,,0.02,0.1913084553613602,
4698,605162,新中港,sh,False,True,-2.210793470063864,8.92,0.3269149040504757,0.030331247554543167,0.91,-0.0034602076124566894,
4699,300120,经纬辉开,sz,False,True,-2.211042285934007,8.91,0.49012400137234724,,-19.34,-0.3220720720720722,
4700,603232,格尔软件,sh,False,True,-2.2113798559991937,14.62,0.3825701059719193,,-6.38,-0.18382817435249532,
4701,688266,泽璟制药,sh,False,True,-2.2114276888281514,117.83,0.0551605447655401,0.0176293154360523,37.2,0.2801318267419961,
4702,601126,四方股份,sh,False,True,-2.2115710462813443,44.14,0.14060149318785764,0.023335970297977005,5.23,1.4298194525334882,
4703,603790,雅运股份,sh,False,True,-2.2115894405420704,24.37,0.279814203368963,0.01738761514948133,4.84,0.000522739153162588,
4704,688721,龙图光罩,sh,False,True,-2.2116508920786306,41.99,0.2182548343445807,0.00873574544736626,0.83,-0.22088860812802702,
4705,002365,永安药业,sz,False,True,-2.2119920857825557,15.11,0.44816922870075737,0.007770043993989094,0.39,-0.4045058883768561,
4706,603203,快克智能,sh,False,True,-2.2126482332198627,42.85,0.10599283488436183,0.010544274353583261,5.14,0.8831775700934579,
4707,688008,澜起科技,sh,False,True,-2.21283350793101,191.83,0.0890321316963292,0.010923661086860584,4.06,1.5611684603558094,
4708,688256,寒武纪,sh,False,True,-2.2128412355085354,969.05,0.022244219283513698,0.005467848232217327,17.05,1.6367334639144193,
4709,605287,德才股份,sh,False,True,-2.212869523616258,38.67,0.2920901974529735,0.011073032183768042,2.14,0.9252396166134185,
4710,688702,盛科通信,sh,False,True,-2.2132639114189723,351.39,0.015491386788945344,,-6.72,5.012,
4711,301176,逸豪新材,sz,False,True,-2.213646565540117,45.05,0.19526673435913458,,1.43,0.27287798408488073,
4712,688337,普源精电,sh,False,True,-2.213783103879173,42.95,0.3385354954466976,0.011227591131550318,1.19,0.1280760626398212,
4713,688607,康众医疗,sh,False,True,-2.2140946444953,41.26,0.2308669052291354,,-1.93,0.12194337194337201,
4714,002437,誉衡药业,sz,False,True,-2.214347255876878,3.94,0.2718056046315675,0.04684652609585736,3.98,-0.22253521126760567,
4715,605318,法狮龙,sh,False,True,-2.2145083074519585,75.14,0.06768555996263757,3.2763411926282314e-05,-0.15,1.650626906133514,
4716,688183,生益电子,sh,False,True,-2.214607224048834,102.3,0.07600112481664728,0.023963690216583833,17.06,0.9402566158781074,
4717,000428,华天酒店,sz,False,True,-2.214712128322997,3.93,0.31880638888003315,,-15.7,-0.09523809523809523,
4718,688669,聚石化学,sh,False,True,-2.214953005225902,75.7,0.11829559703787824,,-13.5,2.1140909090909092,
4719,300067,安诺其,sz,False,True,-2.21499176949128,5.11,0.42176296921130324,,-2.55,-0.18265682656826576,
4720,301571,国科天成,sz,False,True,-2.215340491077142,64.91,0.17726724810324043,0.018531730956329977,1.21,0.2684864534528417,
4721,920719,宁新新材,bj,False,True,-2.2155015286762176,6.97,0.10231016349164125,,-90.753,-0.5547445255474452,-42.1462
4722,300382,斯莱克,sz,False,True,-2.215633780568969,17.93,0.1958365156767131,,-2.69,-0.07914151576123407,
4723,688512,慧智微,sh,False,True,-2.215633780568969,13.75,0.24443303756935789,,-13.96,-0.05423728813559325,
4724,603986,兆易创新,sh,False,True,-2.2159401231019573,381.66,0.13920596915195724,0.029606032525187335,18.39,2.9318592446012217,
4725,300649,杭州园林,sz,False,True,-2.2160124214158343,24.61,0.13554543482975492,,-2.13,0.37329376854599405,
4726,300558,贝达药业,sz,False,True,-2.216018399277004,48.53,0.3225182222795588,0.02275892832758291,4.56,-0.13136729222520105,
4727,300765,石药创新,sz,False,True,-2.2161959696958253,45.24,0.061950575830602345,0.016096087202162025,32.04,-0.27647058823529413,
4728,300779,惠城环保,sz,False,True,-2.216669990013078,66.5,0.11348032818510913,0.0034212983348198877,0.09,-0.4132218844984802,
4729,603650,彤程新材,sh,False,True,-2.216799422538346,63.95,0.10658480953294537,0.015246435764479158,9.26,0.9382829208677055,
4730,603137,恒尚节能,sh,False,True,-2.216890343199233,21.97,0.29779630732578916,,3.03,0.8021753908905507,
4731,300054,鼎龙股份,sz,False,True,-2.217175842702674,73.62,0.07772483852664797,0.011813991073348346,4.58,1.6231781016708142,
4732,300395,菲利华,sz,False,True,-2.2173158290201274,83.99,0.1186155196545916,0.01169136662722779,5.63,0.024897905414306365,
4733,688221,前沿生物,sh,False,True,-2.2178366945369707,19.16,0.15442346001204504,0.0004824124714429907,-30.57,0.06487935656836474,
4734,603330,天洋新材,sh,False,False,-2.217962472551845,10.97,0.2745744096650192,,0.47,-0.16527777777777786,
4735,300811,铂科新材,sz,False,True,-2.218123984473998,74.28,0.10327271225124186,0.014289940025121716,2.83,0.6173534681341182,
4736,920001,纬达光电,bj,False,True,-2.2186491819989773,10.93,0.42224380357218255,,-0.7759,-0.5376983131480608,14.4105
4737,300624,万兴科技,sz,False,True,-2.218716279747683,47.14,0.10554423886772141,,-7.17,-0.42453319502074693,
4738,300369,绿盟科技,sz,False,True,-2.218850136136486,6.66,0.4745408816969582,,-3.83,-0.23839397741530732,
4739,300626,华瑞股份,sz,False,True,-2.219255786522813,31.61,0.09353224524154703,0.0025985419061656124,1.28,1.3403185247275777,
4740,605289,罗曼股份,sh,False,True,-2.219255786522813,106.8,0.08357570287166116,0.005306821866441091,3.42,2.7685572896840505,
4741,300503,昊志机电,sz,False,True,-2.2193124388548116,67.03,0.07678309543370931,0.013950017088770934,14.65,1.6517820565342074,
4742,001210,金房能源,sz,False,True,-2.2195637381155002,26.42,0.24541081770884463,0.02337524514788349,8.5,0.6255792400370714,
4743,688787,海天瑞声,sh,False,True,-2.2196342175604302,101.25,0.12292260792604977,0.0036264088144943207,1.12,-0.2859937402190923,
4744,300373,扬杰科技,sz,False,True,-2.2196377879306883,97.8,0.18857606215467007,0.026873846104232896,7.69,0.5894736842105261,
4745,688279,峰岹科技,sh,False,True,-2.2203598626595418,179.12,0.25225134323840276,0.012453904984177314,1.7,-0.09655477520322964,
4746,300985,致远新能,sz,False,True,-2.220801316353283,38.11,0.12436264146250466,,-4.91,0.785563751317176,
4747,688416,恒烁股份,sh,False,True,-2.220810660330394,72.87,0.16925915268868164,,9.75,1.201485308362932,
4748,603690,至纯科技,sh,False,True,-2.2209513954588305,25.5,0.3557579422960617,,-22.21,-0.10839574300354748,
4749,300378,鼎捷数智,sz,False,True,-2.2212210588170547,30.22,0.2829254491441505,0.01995804818271992,-0.34,-0.5225958062183659,
4750,301377,鼎泰高科,sz,False,True,-2.2214164094785698,393.01,0.01874066480634334,0.005718517417174424,21.74,6.596245929898487,
4751,300236,上海新阳,sz,False,True,-2.2214997143960176,88.9,0.2451100544144321,0.01366122084866236,3.12,1.0081281932187642,
4752,688456,有研粉材,sh,False,True,-2.221803944457324,80.78,0.15373262821301192,0.010734278307633682,2.35,0.7501760976755107,
4753,300901,中胤时尚,sz,False,True,-2.2221905393486554,19.1,0.21197218924877057,0.002062832644656655,0.32,-0.2962536023054755,
4754,301630,同宇新材,sz,False,True,-2.2223842385992163,161.93,0.1930166573375282,0.015350560755984417,2.57,0.2871239470517448,
4755,600783,鲁信创投,sh,False,True,-2.2224727144538536,16.1,0.36725549965110726,0.013932369492011876,-0.35,0.13614649681528657,
4756,600172,黄河旋风,sh,False,True,-2.2227962863735047,12.72,0.02527339494987022,,-20.82,1.3978260869565218,
4757,300270,中威电子,sz,False,True,-2.223310209524414,11.44,0.16096838580902711,,1.65,0.08767772511848348,
4758,688072,拓荆科技,sh,False,True,-2.223446565791885,684.13,0.0639422984698608,0.01093807083057147,10.56,3.4927865500397592,
4759,002651,利君股份,sz,False,False,-2.223916175985931,8.61,0.31504001008128035,0.004625573686776502,1.12,-0.46113989637305697,
4760,002463,沪电股份,sz,False,True,-2.2246218971472373,115.57,0.07549448890231013,0.019343295130325452,7.4,1.2073170731707314,
4761,300857,协创数据,sz,False,True,-2.2247315377769485,240.8,0.04405771560744575,0.014812883653686632,14.45,3.199781261392636,
4762,600673,东阳光,sh,False,True,-2.2256283555160676,32.57,0.10689813676547619,0.0005314978939395953,3.71,0.9700765483646485,
4763,300939,秋田微,sz,False,True,-2.2256680466818795,61.72,0.19537355423569863,0.008497613445263898,2.38,0.43007751937984495,
4764,300009,安科生物,sz,False,True,-2.2260630633589567,8.49,0.3344146072300438,0.04891195359233843,3.53,-0.27129629629629637,
4765,002741,光华科技,sz,False,True,-2.2263361755626594,25.15,0.168358671313366,0.012042316700886917,4.75,0.1442006269592475,
4766,000032,深桑达Ａ,sz,False,True,-2.226355394241555,14.26,0.4262756298222431,,-1.7,-0.4138359569179785,
4767,300418,昆仑万维,sz,False,True,-2.2263826641515436,40.54,0.28411512344802115,0.006734269755990469,7.35,0.09688995215311014,
4768,688095,福昕软件,sh,False,True,-2.226525769390829,57.09,0.5039560550320012,0.009075637268559904,0.43,-0.3633079602631919,
4769,603800,洪田股份,sh,False,True,-2.2265770166734264,65.42,0.058129396035575195,0.0017455891145062821,-2.03,0.5049458313707018,
4770,003040,楚天龙,sz,False,False,-2.2267414483205545,14.07,0.22188200315072446,,-0.85,-0.6151202749140894,
4771,300852,四会富仕,sz,False,True,-2.2268448787739223,44.82,0.3153678766280867,0.019540753217873536,3.87,0.142555756479807,
4772,601700,风范股份,sh,False,False,-2.227097728613643,7.71,0.24499595756670017,,1.32,0.027484143763213398,
4773,603897,长城科技,sh,False,True,-2.227417381468882,30.2,0.38122831763943427,0.05131757883663049,5.96,0.0012870012870014325,
4774,688185,康希诺,sh,False,True,-2.2275960451569836,75.5,0.26409613099168094,,-0.82,-0.4226865671641791,
4775,000021,深科技,sz,False,True,-2.2278899222831776,36.79,0.23066454455285676,0.020699348177525893,8.67,1.2845484221980414,
4776,300491,通合科技,sz,False,True,-2.2282112706336554,30.7,0.22139567835635848,0.008500589515882926,-0.03,0.15544794188861988,
4777,688788,科思科技,sh,False,True,-2.228595903486187,30.67,0.24631148550456908,,-10.65,-0.47984934086629005,
4778,688689,银河微电,sh,False,True,-2.2286482746966505,39.4,0.23995776743293182,0.017680058132031138,3.25,0.49249492900608516,
4779,000859,国风新材,sz,False,True,-2.2287537243281523,8.67,0.345913037462382,,-1.18,0.04005722460658068,
4780,600881,亚泰集团,sh,False,True,-2.2288474632060704,1.87,0.07114652627085483,,-329.64,-0.12765957446808507,
4781,600487,亨通光电,sh,False,True,-2.2290774428427738,60.43,0.21744330165909237,0.021663731231084855,3.41,2.0968694624926165,
4782,002885,京泉华,sz,False,True,-2.229380533800327,28.2,0.20193861066235866,0.012670673978490265,5.57,0.6015325670498084,
4783,002943,宇晶股份,sz,False,True,-2.2293914518459053,32.69,0.09921816089216971,0.0038086605131408308,-2.25,0.22936152907686047,
4784,301228,实朴检测,sz,False,True,-2.2298689043499436,59.78,0.0839672863452399,,-0.09,1.1505569529284947,
4785,000510,新金路,sz,False,True,-2.229933905540402,16.62,0.09568004592642206,,-4.93,1.8375733855185907,
4786,002747,埃斯顿,sz,False,True,-2.2300656119443336,30.82,0.10988407230371958,0.0066923160834424745,4.92,0.288164665523156,
4787,002837,英维克,sz,False,True,-2.230326281303306,54.75,0.04961646472765523,0.006916404189127689,0.25,0.6479505895564293,
4788,600936,北投科技,sh,False,True,-2.23039129177509,4.63,0.13202888792067705,,5.13,0.3052631578947369,
4789,300654,世纪天鸿,sz,False,True,-2.2303996086229687,9.77,0.23995776743293182,0.007043319939286583,2.93,-0.022747156605424257,
4790,600234,科新发展,sh,False,True,-2.2304067205653126,21.09,0.08131139009952514,,-0.34,0.9792349726775955,
4791,301591,肯特股份,sz,False,True,-2.230490702384089,37.54,0.22403943093984544,0.014909173316157966,1.83,-0.2774281805745553,
4792,688378,奥来德,sh,False,True,-2.2305798489043296,43.67,0.18394525789125157,0.019366783642039864,8.37,1.0395510422234095,
4793,002272,川润股份,sz,False,True,-2.2307559285313885,15.4,0.19540791402051785,,-1.67,0.1463229719484458,
4794,301285,鸿日达,sz,False,True,-2.230835695444179,90.99,0.05019173241783613,,-1.83,0.5972097209720975,
4795,300895,铜牛信息,sz,False,True,-2.230996770537495,53.63,0.0961566199024972,,-5.06,0.07616330114135206,
4796,688220,翱捷科技,sh,False,True,-2.23123716268147,89.26,0.14570887367040652,,-0.52,0.304200700116686,
4797,002364,中恒电气,sz,False,True,-2.231431768093506,37.5,0.11833479279577781,0.0061995357787608864,1.0,1.189042745334136,
4798,001331,胜通能源,sz,False,True,-2.2316338675983856,43.67,0.08228827227543531,,1.24,,
4799,300151,昌红科技,sz,False,True,-2.232533242060708,16.09,0.17879172551894298,0.006290107296650266,1.26,0.04737231680236875,
4800,600584,长电科技,sh,False,True,-2.2326292707158713,73.8,0.2191780821917808,0.014683597833875647,2.92,1.40011580775912,
4801,300959,线上线下,sz,False,True,-2.2327845168011784,90.58,0.1518141794443601,,-0.19,1.1122244488977957,
4802,002354,天娱数科,sz,False,True,-2.2335780662814018,6.95,0.15012986233091624,,2.36,-0.21171770972037285,
4803,300042,朗科科技,sz,False,True,-2.2338013619875254,38.92,0.14508523757707653,0.01796060879279564,8.4,0.7654008438818567,
4804,002636,金安国纪,sz,False,True,-2.2338102454872226,60.47,0.0866378451435156,0.010886012562458497,5.29,3.861460957178841,
4805,603629,利通电子,sh,False,True,-2.2338102454872226,121.78,0.050263127472317586,0.01196615970036736,12.08,5.453357100415925,
4806,300204,舒泰神,sz,False,True,-2.234549651563712,21.0,0.07123572614137443,,-9.47,-0.555310621242485,
4807,002958,青农商行,sz,False,True,-2.234785221194958,2.95,2.3094688221709005,0.19491277653250172,2.82,-0.12389380530973448,
4808,688376,美埃科技,sh,False,True,-2.2349798704890027,66.49,0.21773210242118096,0.012327993668342451,6.29,0.45105648986632163,
4809,002900,哈三联,sz,False,True,-2.235160549533066,14.15,0.3944617569326654,,-0.4,-0.2611795204147763,
4810,688383,新益昌,sh,False,True,-2.2352544890854964,122.77,0.10268732735693087,,3.69,0.38836520333961744,
4811,002969,嘉美包装,sz,False,True,-2.2356098745980146,12.43,0.2384927259718579,0.010323987371698647,2.06,,
4812,688237,超卓航科,sh,False,True,-2.2356490277391172,55.11,0.24554941682013506,0.0028847923555310414,0.3,1.0281995661605206,
4813,605589,圣泉集团,sh,False,True,-2.235872183330721,37.52,0.3400666530640006,0.030011194175427434,4.14,0.23127248936866218,
4814,688433,华曙高科,sh,False,True,-2.2359339294622695,106.0,0.04865209374285423,0.0016556137890112279,0.39,1.1046283309957925,
4815,603931,格林达,sh,False,True,-2.2364016299201532,34.95,0.28612303290414876,0.017206491665175436,2.85,0.23611111111111116,
4816,002008,大族激光,sz,False,True,-2.2365421980545164,86.1,0.24209557933472134,0.022442457538870336,6.0,2.3081924577373214,
4817,300189,神农种业,sz,False,True,-2.2367741376782284,5.84,0.11509599005570646,0.018946247600931398,15.41,-0.17171717171717182,
4818,301306,西测测试,sz,False,True,-2.23683775257518,86.05,0.11577021926879529,,-14.8,0.21142612907821623,
4819,688011,新光光电,sh,False,True,-2.236979108858842,77.8,0.13545913875079582,,-3.26,0.33326189455636523,
4820,603682,锦和商管,sh,False,True,-2.237024220697091,11.27,0.12211652358680652,,1.4,0.333910034602076,
4821,300063,天龙集团,sz,False,True,-2.237156986735965,8.59,0.2712673611111111,0.01788703976646681,0.98,-0.13780918727915192,
4822,300661,圣邦股份,sz,False,True,-2.2376825829579796,111.13,0.07177823396833144,0.008019561313957004,2.26,0.3637104441124541,
4823,688551,科威尔,sh,False,True,-2.237693669984952,38.05,0.31614555341279127,0.01157737040870433,1.15,0.16656608328304157,
4824,300601,康泰生物,sz,False,True,-2.23773107746484,12.62,0.6478362270018139,0.005901376200930057,0.52,-0.3217592592592593,
4825,600707,彩虹股份,sh,False,True,-2.2377584029940873,9.24,0.657418973111564,0.0017330520936395775,0.03,0.4136807817589576,
4826,688001,华兴源创,sh,False,True,-2.237901079054943,51.28,0.14042379902545885,0.004687867704623081,2.32,0.8177501826150477,
4827,688003,天准科技,sh,False,True,-2.237901079054943,82.74,0.12350558245232685,0.01171504786182804,4.86,0.44676287051482055,
4828,688368,晶丰明源,sh,False,True,-2.237901079054943,122.0,0.13043251421714405,0.0031788719455014196,1.13,0.8709879442617818,
4829,688179,阿拉丁,sh,False,True,-2.237936916950956,21.06,0.17692226035879835,0.01856079588692763,5.03,0.19597315436241614,
4830,688536,思瑞浦,sh,False,True,-2.2380407075234743,301.69,0.15894966064247454,0.00996405963688974,4.65,0.7399045652019087,
4831,688125,安达智能,sh,False,True,-2.23844353274944,118.74,0.183307975730024,,-1.74,1.5428109854604202,
4832,688090,瑞松科技,sh,False,True,-2.23852693909847,67.2,0.08675660434650588,0.0028151504641620085,2.22,1.2004279600570613,
4833,688353,华盛锂电,sh,False,True,-2.2389423249412026,91.9,0.24906600249066005,0.020434269086629042,6.1,1.8152492668621698,
4834,001223,欧克科技,sz,False,True,-2.239005086843875,40.2,0.36687823311442935,0.005918459022661188,1.6,-0.1394989174141663,
4835,002703,浙江世宝,sz,False,True,-2.2390491062139266,14.43,0.1834761389281324,0.016107053923195124,4.76,-0.013720742534301889,
4836,300615,欣天科技,sz,False,True,-2.239052692657705,16.8,0.1453467246115609,,-7.14,-0.39015939015939005,
4837,600693,东百集团,sh,False,True,-2.2393773825159005,8.51,0.48680751630805186,0.006611391030061334,2.07,0.32804232804232814,
4838,688523,航天环宇,sh,False,True,-2.239432469972525,40.6,0.10189732825205322,0.0010210839541353594,0.24,0.569159240604417,
4839,002552,宝鼎科技,sz,False,True,-2.239888677948683,57.85,0.0729793833242109,0.01061396479347878,8.3,1.3477173233270792,
4840,688525,佰维存储,sh,False,True,-2.240500038991217,225.59,0.08001536294968634,0.03712613977249102,34.06,2.7586261726824612,
4841,300809,华辰装备,sz,False,True,-2.2406163277966216,23.22,0.31081963136791724,0.0325041524054698,0.7,-0.530967599735508,
4842,002281,光迅科技,sz,False,True,-2.2408188669514906,166.39,0.104905375351433,0.008393218950545475,4.03,2.7345061975209917,
4843,688658,悦康药业,sh,False,True,-2.2408273478150282,13.21,0.5400442836312578,,-3.27,-0.6320876288659794,
4844,688678,福立旺,sh,False,True,-2.2408911506758336,19.54,0.29679755438815186,0.010999744805920503,1.95,-0.12800875273522982,
4845,688319,欧林生物,sh,False,True,-2.24112976083322,27.82,0.07707841958408485,,-3.78,0.26881188118811883,
4846,603163,圣晖集成,sh,False,True,-2.24113747705102,80.1,0.14921587059999702,0.02051067478068961,3.24,1.1792733770101256,
4847,002916,深南电路,sz,False,True,-2.2411855752279366,343.63,0.07728691996166569,0.015527540422069603,4.7,1.5079879427279579,
4848,002990,盛视科技,sz,False,True,-2.24138967432585,47.7,0.20604961674771285,0.013441853900489957,4.14,0.5093608779857972,
4849,688160,步科股份,sh,False,True,-2.2415233560873506,94.33,0.15266243282852957,0.008678401021968504,2.72,0.009993621092919458,
4850,688646,逸飞激光,sh,False,True,-2.241730782946829,70.2,0.21519722825970003,,-1.11,1.1974323386537127,
4851,002138,顺络电子,sz,False,True,-2.241735704087538,47.66,0.17083212327246017,0.025559889376798775,6.81,0.5044658806716684,
4852,605111,新洁能,sh,False,True,-2.241735704087538,59.5,0.1756913454443234,0.015373121020283298,2.18,0.6801705756929637,
4853,688082,盛美上海,sh,False,True,-2.2420546817439053,301.4,0.10042076299695725,0.011612594555551168,6.77,1.6181436444755488,
4854,300841,康华生物,sz,False,True,-2.242122990004691,53.27,0.522029651284193,0.035613550243596685,3.91,-0.489579611766107,
4855,301070,开勒股份,sz,False,True,-2.2421634247237683,64.67,0.08887387907820013,,-0.17,0.887611749680715,
4856,688806,泰诺麦博,sh,False,True,-2.2422873538570545,23.92,0.001433524665870487,,-610.34,,
4857,688170,德龙激光,sh,False,True,-2.242521617065663,52.72,0.2260960003617536,0.0030806530368307477,-2.07,0.21263157894736828,
4858,300964,本川智能,sz,False,True,-2.2427558304750224,55.44,0.172262321062514,0.005629096575032479,1.17,0.4195220270659372,
4859,603283,赛腾股份,sh,False,True,-2.2427558304750224,47.6,0.21229619565217392,0.030258010051710936,2.56,0.47718823927002374,
4860,601858,中国科传,sh,False,True,-2.242973121991819,21.74,0.3320714617785747,0.028318343490179195,8.53,-0.12243852459016391,
4861,301602,超研股份,sz,False,True,-2.243061774077808,16.08,0.19883878151594686,0.017236238156549857,10.94,-0.4735283228433913,
4862,300480,光力科技,sz,False,True,-2.243083953326742,32.69,0.14819205690574985,0.007376181572085579,4.14,0.9026442307692306,
4863,301128,强瑞技术,sz,False,True,-2.243158334212115,106.1,0.0624625224865081,0.01124972016321094,8.97,1.0801886792452833,
4864,000603,盛达资源,sz,False,True,-2.243217350081158,39.86,0.13656911079851958,0.03099458524595753,10.39,0.5538847117794485,
4865,688498,源杰科技,sh,False,True,-2.243217518739856,1541.0,0.013159574314090088,0.001855807126707644,7.11,7.5786582731592915,
4866,002491,通鼎互联,sz,False,True,-2.2434652745564074,20.81,0.10439067164958139,0.00842888883644247,7.58,2.160965794768612,
4867,603336,宏辉果蔬,sh,False,True,-2.2435418069257795,9.07,0.2602607813028655,0.0029554312107130834,0.21,0.03879849812265346,
4868,688131,皓元医药,sh,False,True,-2.2437752933129698,91.66,0.15939811272634533,0.01254861017867966,2.11,0.29784802894686746,
4869,002025,航天电器,sz,False,True,-2.244065865358074,59.37,0.24694406716878625,0.006993755275914136,0.78,0.3240908177617039,
4870,001270,铖昌科技,sz,False,True,-2.2447741065453606,98.5,0.0779228875105196,0.00673676041317899,4.82,1.3293975903614457,
4871,301235,华康洁净,sz,False,True,-2.2450470897254755,42.42,0.32006145179874534,0.021896499625569856,-0.92,0.12287217579696685,
4872,688628,优利德,sh,False,True,-2.2451469130381674,83.71,0.14180776539323292,0.020648870093828466,10.55,0.7779971791255289,
4873,002585,双星新材,sz,False,True,-2.2452057519639173,9.82,0.7427213309566251,,-6.34,0.3315696649029982,
4874,002975,博杰股份,sz,False,True,-2.245353823877355,108.88,0.10385186569876728,0.010276457253020765,2.8,1.3710356441201235,
4875,002080,中材科技,sz,False,True,-2.245388233757173,49.43,0.24605693757535496,0.024434165805362323,5.92,0.7798718431963814,
4876,688519,南亚新材,sh,False,True,-2.2456099910428438,278.2,0.044084713184856024,0.005645048389354794,5.21,3.974644128113879,
4877,300836,佰奥智能,sz,False,True,-2.2457217364950135,49.17,0.1405797508926814,0.021395088115670403,1.1,0.3925890046015985,
4878,600815,厦工股份,sh,False,True,-2.245877362861075,3.86,0.21230070271532597,,-0.5,-0.06228373702422152,
4879,002156,通富微电,sz,False,True,-2.2461270289280533,61.24,0.16848348019476692,0.015562870104504673,2.1,1.862906238326485,
4880,688123,聚辰股份,sh,False,True,-2.246447365166215,132.41,0.1484296146767203,0.032497603301756495,16.82,0.7684093745666343,
4881,002724,海洋王,sz,False,True,-2.246817290295986,6.39,0.550478916657492,0.009774072318361084,1.05,-0.37564102564102564,
4882,300759,康龙化成,sz,False,True,-2.2469070197935057,44.86,0.19835759907962072,0.020779998005120193,4.59,0.36534372785258684,
4883,603078,江化微,sh,False,True,-2.2469070197935057,34.8,0.14866572511707427,0.007956183705099278,1.44,0.7656078860898137,
4884,301333,诺思格,sz,False,True,-2.247839515435737,55.08,0.3752626838787151,0.025123860632920297,1.14,-0.11262099776619505,
4885,300706,阿石创,sz,False,True,-2.247881153029736,53.29,0.08430921246764633,,-8.16,0.06791778373547808,
4886,300766,每日互动,sz,False,True,-2.2480338656689978,20.9,0.18981815420826847,,-1.03,-0.4499325236167341,
4887,688381,帝奥微,sh,False,True,-2.2480935239203257,32.68,0.32877432930036826,0.009491988761485307,5.21,0.28296232876712324,
4888,688158,优刻得,sh,False,True,-2.248398144927545,30.0,0.17808804673030346,,0.33,0.202053388090349,
4889,688308,欧科亿,sh,False,True,-2.2487109044764635,94.1,0.18958783604443938,0.020067909806786164,12.36,3.50146771037182,
4890,688323,瑞华泰,sh,False,True,-2.2487219632054347,26.95,0.22439637375460011,,-3.22,0.45550972304065995,
4891,300440,运达科技,sz,False,True,-2.248757481136825,18.8,0.2013004005877972,0.010018996016447184,-0.93,0.1485003657644477,
4892,300476,胜宏科技,sz,False,True,-2.248779837902291,245.0,0.07228201551172053,0.0194357037765516,7.4,0.20342175482655778,
4893,002721,金一文化,sz,False,True,-2.2488740753040357,2.85,0.2839457095803283,0.011023559551473409,1.57,-0.40161725067385434,
4894,688380,中微半导,sh,False,True,-2.249006645339496,41.49,0.1943407960199005,0.02223412983397775,5.32,0.3600142298114548,
4895,301182,凯旺科技,sz,False,True,-2.249023530558604,66.72,0.10368173853539177,,-5.4,0.5505120398560752,
4896,300632,光莆股份,sz,False,True,-2.2491367050896915,18.13,0.31306743472543985,,-0.74,0.1931649331352152,
4897,002631,德尔未来,sz,False,True,-2.249142503221621,8.73,0.29067232508792834,,-0.69,0.19132149901380657,
4898,688777,中控技术,sh,False,True,-2.2491581438052606,88.31,0.14360388304899765,0.005668661090593707,0.74,0.7253001895934277,
4899,688379,华光新材,sh,False,True,-2.2491784889195476,54.08,0.2732912464813752,0.02525003850630872,2.64,-0.04655750641152101,
4900,301123,奕东电子,sz,False,True,-2.2492533581709604,73.68,0.16214813853936957,,0.34,1.0824900337319838,
4901,301248,杰创智能,sz,False,True,-2.2492533581709604,59.49,0.1649511744523621,,0.9,1.00518710633568,
4902,603678,火炬电子,sh,False,True,-2.249319953267682,46.73,0.2897039225911119,0.013545216642194975,3.77,0.12896292315959168,
4903,600397,江钨装备,sh,False,True,-2.249640911114741,18.23,0.010697624164649273,,0.69,1.255700325732899,
4904,301092,争光股份,sz,False,True,-2.2497094135396605,44.7,0.328741904730596,0.015583727471773974,5.12,0.3294797687861273,
4905,301307,美利信,sz,False,True,-2.2498962283091477,52.82,0.2195052351998595,,-22.66,1.3839645447219984,
4906,300671,富满微,sz,False,True,-2.250042378352032,56.11,0.13487631841601253,,5.41,0.7241906704053023,
4907,300873,海晨股份,sz,False,True,-2.250074209743052,14.93,0.6684938832809679,0.043271311120726956,8.25,-0.0558194774346793,
4908,688238,和元生物,sh,False,True,-2.250281670298855,6.8,0.3071724773460298,,-3.92,-0.29019607843137263,
4909,002929,润建股份,sz,False,True,-2.250494880937242,52.48,0.4218163411650568,,0.2,0.14057142857142857,
4910,001388,信通电子,sz,False,True,-2.250706907248538,20.95,0.30845157310302285,0.020615666257102098,0.95,-0.2991173586139261,
4911,002353,杰瑞股份,sz,False,True,-2.250847875052889,142.48,0.1596143716780259,0.018064366952324523,5.14,2.0488563180102153,
4912,300976,达瑞电子,sz,False,True,-2.2508639850113084,57.34,0.3427239701144698,0.029129126504883498,4.42,0.23431349849502214,
4913,688112,鼎阳科技,sh,False,True,-2.2510150377062654,68.21,0.1459534408523681,0.01446853455447765,5.78,0.20226656812022648,
4914,301338,凯格精机,sz,False,True,-2.251153724461157,97.5,0.118098612341305,0.017696390113380773,8.01,1.1236422463600646,
4915,600601,方正科技,sh,False,True,-2.251656162761621,11.54,0.10641920653839604,0.017705257044921777,10.93,0.7320819112627985,
4916,300938,信测标准,sz,False,True,-2.2517792453773633,27.55,0.20431096128307286,0.021726377995524366,2.34,0.558139534883721,
4917,300598,诚迈科技,sz,False,True,-2.251868324422946,32.78,0.1985742369784944,,-7.17,-0.38851586015281314,
4918,002384,东山精密,sz,False,True,-2.251945737089508,193.6,0.06871624314555475,0.010109894553799804,12.13,2.8084130019120463,
4919,002897,意华股份,sz,False,True,-2.252483020197829,56.6,0.25904051393637967,0.026786025194935295,1.42,0.49961880559085126,
4920,688759,必贝特,sh,False,True,-2.2526130469671903,25.15,0.14373391976772598,,-3.24,,
4921,300911,亿田智能,sz,False,True,-2.2531379437848567,21.95,0.26930223790159696,,-3.1,-0.6533460803059273,
4922,600390,五矿资本,sh,False,True,-2.253152560146635,4.9,1.9256691700365878,0.023949457065808318,0.67,-0.18624161073825507,
4923,688059,华锐精密,sh,False,True,-2.2533953942696,86.97,0.1785937527905274,0.027848481979247313,10.94,0.6444780635400906,
4924,688372,伟测科技,sh,False,True,-2.2533953942696,122.22,0.20221220148423757,0.016855135169756494,1.7,1.0725117657312184,
4925,600379,宝光股份,sh,False,True,-2.253744644252799,14.65,0.16701461377870563,0.010910812833734488,4.79,-0.15015243902439013,
4926,688202,美迪西,sh,False,True,-2.2539700517822077,94.7,0.1539171925504079,,0.8,0.4230238177424923,
4927,301366,一博科技,sz,False,True,-2.254608283792937,54.87,0.19179500949385297,0.007756327223932924,2.89,-0.03543913713405222,
4928,301165,锐捷网络,sz,False,True,-2.25484102305717,115.9,0.04134469485547962,0.007270585754741331,13.01,1.9959146618247843,
4929,688767,博拓生物,sh,False,True,-2.2548953931323537,35.16,0.44955943175687824,0.00577330872364268,-0.43,-0.0622383477532793,
4930,688312,燕麦科技,sh,False,True,-2.255005217187061,48.36,0.21706099413935315,0.019223966904018577,0.16,0.6135865595325056,
4931,002938,鹏鼎控股,sz,False,True,-2.255045671994907,87.95,0.1686881125487087,0.018586876921418402,3.73,0.7806204673650281,
4932,688699,明微电子,sh,False,True,-2.255088445634376,59.15,0.1970210418472693,0.011348702502842851,6.63,0.2997903563941302,
4933,603083,剑桥科技,sh,False,True,-2.25540079630451,174.99,0.11735987231245894,0.005437303271571005,1.56,2.386802030456853,
4934,002194,武汉凡谷,sz,False,True,-2.255623622531395,9.93,0.3650834215618269,,-0.06,-0.4001479289940829,
4935,688605,先锋精科,sh,False,True,-2.255784083850891,71.5,0.11539881831610045,0.011864690325650155,1.48,0.18692372170997484,
4936,688655,迅捷兴,sh,False,True,-2.2558645988677783,41.79,0.11706037974387189,,-0.82,0.14909638554216875,
4937,301211,亨迪药业,sz,False,True,-2.2558781760353668,11.75,0.4651595497255559,0.0068889263952659294,0.4,-0.20172009382329936,
4938,603663,三祥新材,sh,False,True,-2.2564711708567136,41.61,0.05859741233827114,0.006059181234958082,5.32,1.0454545454545454,
4939,301071,力量钻石,sz,False,True,-2.256561989053517,56.62,0.3694945314809341,0.012040620236429619,1.69,0.950650216738913,
4940,300996,普联软件,sz,False,True,-2.2565768125472574,14.09,0.23720853001873948,0.01682252738286895,0.44,-0.1421012849584279,
4941,603115,海星股份,sh,False,True,-2.2571821390259483,75.13,0.11781893585937131,0.012146314504521466,9.71,3.3112965340179716,
4942,003032,传智教育,sz,False,True,-2.2572721770237023,9.99,0.2910615012952237,,-7.73,-0.17496229260935148,
4943,301326,捷邦科技,sz,False,True,-2.2572953250803636,106.87,0.1589269253997012,,-1.21,-0.10638745659265492,
4944,688115,思林杰,sh,False,True,-2.2577112648161575,65.72,0.2078742776368852,0.0012728596038402683,0.41,-0.15334084084084088,
4945,300333,兆日科技,sz,False,True,-2.2578623737740995,10.67,0.15726979633561375,,-3.19,-0.46560111188325226,
4946,300986,志特新材,sz,False,True,-2.2580031030770953,11.5,0.3367797123901256,0.026806273740306183,1.73,-0.07787274453941107,
4947,300058,蓝色光标,sz,False,True,-2.2580704000800713,13.15,0.1687080338765732,0.00540689303165033,1.58,0.603719599427754,
4948,300820,英杰电气,sz,False,True,-2.258197475457298,52.65,0.22061905707415005,0.01784121320249777,1.41,0.03006749846594392,
4949,603319,美湖股份,sh,False,True,-2.258542143297375,25.45,0.28530670470756064,0.008300318815245693,0.9,-0.28023327194597913,
4950,600378,昊华科技,sh,False,True,-2.258650709048921,44.2,0.3258815094831519,0.02749564194075239,1.66,0.6853065946779793,
4951,603039,泛微网络,sh,False,True,-2.2586801263849337,41.74,0.20876826722338204,0.026302845704876808,4.28,-0.4812180889861416,
4952,688253,英诺特,sh,False,True,-2.25872634690697,55.25,0.27693159789531985,0.011867168410547066,7.04,0.6804788213627992,
4953,301516,中远通,sz,False,True,-2.258727334095158,24.13,0.18704524624506666,,-0.65,-0.13034072471606273,
4954,605060,联德股份,sh,False,True,-2.2587796934471767,42.19,0.2561869139724343,0.025398567012849132,5.35,0.5309553095530957,
4955,300814,中富电路,sz,False,True,-2.2588298671635414,133.0,0.06419103251275797,0.002002270574831859,2.36,2.8376660889659164,
4956,301232,飞沃科技,sz,False,True,-2.259045684650747,96.2,0.1397292048010955,0.004439488002727621,0.32,2.4813953488372094,
4957,688729,屹唐股份,sh,False,True,-2.259568713628249,23.3,0.13101352059532545,0.008895151075245862,7.52,0.2696276357110814,
4958,000533,顺钠股份,sz,False,True,-2.2599210119246633,10.58,0.13966090332672274,0.015496283991098935,5.07,0.23225806451612918,
4959,603989,艾华集团,sh,False,True,-2.2599210119246633,27.33,0.362621024767016,0.02426130394804199,6.82,0.6157635467980296,
4960,001389,广合科技,sz,False,True,-2.260027002712789,149.6,0.11212019284673169,0.0209254926907254,12.05,1.6067890206269286,
4961,300684,中石科技,sz,False,True,-2.260279505649889,84.2,0.0884580001415328,0.013546446022153859,15.51,0.46326080100914524,
4962,603002,宏昌电子,sh,False,True,-2.260339291354446,15.66,0.1958135072157277,0.0032899282137663754,1.13,0.8762169680111265,
4963,603890,春秋电子,sh,False,True,-2.2604567296499516,18.57,0.37401353929012227,0.03459788606916117,2.2,0.501589825119237,
4964,600176,中国巨石,sh,False,True,-2.2605048448829503,39.87,0.20773177672988635,0.02839328101398085,8.85,2.0834021469859625,
4965,300903,科翔股份,sz,False,True,-2.2605388667665856,77.8,0.05390864640779734,,-2.85,3.8976631748589847,
4966,603936,博敏电子,sh,False,True,-2.260755452839014,17.21,0.38717670744927984,,0.15,0.3550295857988166,
4967,002821,凯莱英,sz,False,True,-2.2608629895780155,156.57,0.3179245882876582,0.019661778093240084,1.7,0.6301256954461159,
4968,688479,友车科技,sh,False,True,-2.260869759130558,32.45,0.2828054298642534,0.005835623329188096,0.63,0.8169582772543742,
4969,002913,奥士康,sz,False,True,-2.261134653663022,57.5,0.24276558555059233,0.011676841087534272,6.93,0.2263329706202395,
4970,688488,艾迪药业,sh,False,True,-2.2611384830153414,15.93,0.1453826471272389,,0.78,-0.06658369632856254,
4971,002346,柘中股份,sz,False,True,-2.261253664233871,21.32,0.3416934326522244,0.06364724152855215,9.96,0.016473459426479486,
4972,002860,星帅尔,sz,False,True,-2.2612735252884693,15.66,0.4272591326639607,0.0322991156502135,4.26,0.3013899049012436,
4973,000026,飞亚达,sz,False,True,-2.261383847289605,19.71,0.42258282623394183,0.01317602911375393,2.97,-0.09591373439273565,
4974,603256,宏和科技,sh,False,True,-2.261581721075843,133.9,0.024349621606880232,0.004078666047797072,12.87,4.906401944894652,
4975,600962,国投中鲁,sh,False,True,-2.2617096336461704,25.94,0.13922922699933168,0.0026712897788439193,0.45,0.07042957042957054,
4976,688629,华丰科技,sh,False,True,-2.261740320450856,133.95,0.03072555321358561,0.006885430566629624,5.45,1.8076079005120702,
4977,688103,国力电子,sh,False,True,-2.2617740720650223,74.13,0.1594692862154749,0.009251558193688772,0.58,0.20838881491344874,
4978,603068,博通集成,sh,False,True,-2.261796326470185,36.37,0.3239915762190183,0.009692580426609235,2.82,0.06716633035456909,
4979,300663,科蓝软件,sz,False,True,-2.261803534911617,8.01,0.08361973091170592,,-98.04,-0.6038147138964578,
4980,688227,品高股份,sh,False,True,-2.2619592679643827,68.8,0.1627021574306075,,0.35,1.3563777994157742,
4981,300458,全志科技,sz,False,True,-2.26206502113139,30.5,0.10954582301776833,0.0123279784704184,6.12,0.24893357708714214,
4982,603221,爱丽家居,sh,False,True,-2.262414261545485,27.65,0.23451607607701508,,-2.49,0.04647006255585362,
4983,002222,福晶科技,sz,False,True,-2.262757259034936,62.6,0.06210254372019078,0.009983826201553483,15.8,0.3924396916190003,
4984,601133,柏诚股份,sh,False,True,-2.262819111964084,25.2,0.22830007762202637,0.014482972369385314,1.03,1.1931993817619784,
4985,688332,中科蓝讯,sh,False,True,-2.262992534449914,88.86,0.35905353488205094,0.11121862244614238,8.42,0.30364058869093746,
4986,300689,澄天伟业,sz,False,True,-2.263311494530391,53.0,0.11390689250606555,0.0011794181623556376,0.39,-0.11165845648604267,
4987,688102,斯瑞新材,sh,False,True,-2.2634180030971103,31.92,0.07832018859501413,0.006351089497647873,4.65,0.6020593579648696,
4988,003031,中瓷电子,sz,False,True,-2.2635488118511935,134.6,0.10885657058260036,0.0104280397475163,2.92,0.9044196909809559,
4989,301526,国际复材,sz,False,True,-2.2641639413309265,30.09,0.07714680265076414,0.006000452434113532,7.31,4.191919191919191,
4990,300835,龙磁科技,sz,False,True,-2.264219473055125,156.52,0.06815703380588876,0.00897965927580844,2.17,1.314550764473458,
4991,688035,德邦科技,sh,False,True,-2.2643862534553953,65.1,0.25925541843824534,0.014048811189597134,2.83,0.4307875894988067,
4992,300331,苏大维格,sz,False,True,-2.2645900480605987,48.42,0.12410181312748979,4.552042095245982e-05,3.19,0.9015659955257269,
4993,600105,永鼎股份,sh,False,True,-2.264656058088162,38.05,0.06541548646226508,0.007524244998446244,13.83,2.788939051918736,
4994,688515,裕太微,sh,False,True,-2.2647543583281635,148.8,0.12322403361551638,,-2.95,0.5331179321486268,
4995,688019,安集科技,sh,False,True,-2.264919226719227,242.32,0.08292424041395781,0.014863744058218314,4.53,1.2878422977432877,
4996,301603,乔锋智能,sz,False,True,-2.2652269473801567,119.0,0.1740674337238246,0.02661889462378185,14.69,0.7483741870935467,
4997,600769,祥龙电业,sh,False,True,-2.2653797611327677,14.18,0.024686603567707945,0.0026301116219372353,7.06,0.2052238805970148,
4998,000048,京基智农,sz,False,True,-2.26540556253458,22.1,0.29709735880448024,,-14.05,0.1410499683744464,
4999,688630,芯碁微装,sh,False,True,-2.2654386211741135,426.15,0.038743471725014335,0.005549275625306251,4.48,2.036470326078883,
5000,301013,利和兴,sz,False,True,-2.2661423798069364,40.26,0.07112122612993849,,0.48,1.130830489192264,
5001,000988,华工科技,sz,False,True,-2.266186226031664,103.35,0.11246696282966878,0.016352694924123494,5.46,1.1922998986828772,
5002,688328,深科达,sh,False,True,-2.2662987519563544,89.1,0.10428616122640526,0.007754426614432849,7.0,1.7285513361462725,
5003,688307,中润光学,sh,False,True,-2.26641697039306,48.1,0.15357916237924837,0.011316364821495662,1.62,0.63389441469013,
5004,603466,风语筑,sh,False,True,-2.266673228595385,11.02,0.3173293561387364,,2.01,-0.13003663003663002,
5005,688727,恒坤新材,sh,False,True,-2.266721849890887,49.59,0.11349835994869874,0.00426964699412582,3.25,,
5006,300711,广哈通信,sz,False,True,-2.2668384311337197,19.18,0.2790334282046989,0.015446305552637922,0.78,-0.39156626506024095,
5007,002957,科瑞技术,sz,False,True,-2.266923093556324,40.86,0.19289379267775164,0.017380090411230318,8.44,1.1632896305125144,
5008,603113,金能科技,sh,False,True,-2.2672863960328,4.98,1.7247326664367024,,-8.1,-0.43184885290148445,
5009,688809,强一股份,sh,False,True,-2.2674638314335445,438.5,0.0735786445342104,0.008675901296006136,2.68,,
5010,688025,杰普特,sh,False,True,-2.267582033397702,409.3,0.06180202339824605,0.008750345638652728,7.65,2.0889982957773148,
5011,301230,泓博医药,sz,False,True,-2.2678442708183737,33.84,0.16820857863751051,0.007528952587173977,2.31,-0.10409865796155249,
5012,688293,奥浦迈,sh,False,True,-2.268530961524268,58.18,0.3202664616961312,0.008009252288243379,1.43,-0.019291411611945808,
5013,002655,共达电声,sz,False,True,-2.2685503668437184,35.38,0.06783524176480164,0.0034810238944442164,1.57,0.885925925925926,
5014,301536,星宸科技,sz,False,True,-2.268632415902514,114.31,0.0668771066288588,0.009903353176351982,6.83,1.3249250308696423,
5015,688531,日联科技,sh,False,True,-2.268637010161548,132.79,0.15597217456405776,0.010062700687986845,3.73,1.6394354148845167,
5016,600376,首开股份,sh,False,True,-2.268776794372469,3.29,0.2774079005770084,,-10.24,0.23048327137546476,
5017,688073,毕得医药,sh,False,True,-2.2691917096001037,66.1,0.34956479183416644,0.0279449819195967,2.23,-0.151433207138994,
5018,688765,禾元生物,sh,False,True,-2.2693153987502797,35.49,0.2260960003617536,,-5.42,,
5019,600246,万通发展,sh,False,True,-2.2694408336589698,11.37,0.20677391340308507,,-14.09,0.7719528178243775,
5020,603052,可川科技,sh,False,True,-2.269548626081801,56.82,0.09815276496338901,,-2.7,0.5583740831295845,
5021,000566,海南海药,sz,False,True,-2.270197126514481,4.52,0.000758419556788712,,-1719.01,-0.23734177215189878,
5022,603127,昭衍新药,sh,False,True,-2.2702035111276517,46.39,0.2461477871313937,0.014241829106595818,2.79,0.5046542553191489,
5023,002937,兴瑞科技,sz,False,True,-2.270348749241689,29.05,0.16226390601674565,0.015316773858555722,9.23,0.8156146179401995,
5024,300502,新易盛,sz,False,True,-2.2703848198561603,412.0,0.03547608911593586,0.018696026907321927,13.64,2.6608474967315234,
5025,002361,神剑股份,sz,False,True,-2.2706334017641625,10.1,0.22542323211830212,,-1.44,0.2534059945504086,
5026,301387,光大同创,sz,False,True,-2.2706334017641625,56.35,0.2699055330634278,,-0.1,0.22393822393822393,
5027,603061,金海通,sh,False,True,-2.271346540564132,347.3,0.0565240000904384,0.007723594190003506,4.83,3.445450430058851,
5028,300606,金太阳,sz,False,True,-2.271400014104042,35.71,0.13892940996679587,0.004054143902648653,1.39,0.567776169802219,
5029,603950,长源东谷,sh,False,True,-2.2715161471425036,61.1,0.15632816408204103,0.019902319416304777,2.68,1.4999999999999996,
5030,688313,仕佳光子,sh,False,True,-2.2715616253568225,154.05,0.024658784075357244,0.006755364603916085,18.33,1.0357598978288634,
5031,688668,鼎通科技,sh,False,True,-2.2715978444929883,248.0,0.06077180188392586,0.00894323993907865,8.13,1.432255244755245,
5032,002396,星网锐捷,sz,False,True,-2.2720924660964155,32.08,0.29649835443413286,0.02334724829331615,5.15,0.5114784205693297,
5033,600641,先导基电,sh,False,True,-2.2722072948827083,32.17,0.276121051468964,0.00140271911489546,2.5,1.1091914305459571,
5034,002436,兴森科技,sz,False,True,-2.27245542863901,33.24,0.09980139522350523,0.0038341896996027395,1.96,1.046004842615012,
5035,688218,江苏北人,sh,False,True,-2.273067408481417,40.42,0.18725539763683688,,1.79,0.6187204808930873,
5036,301322,绿通科技,sz,False,True,-2.27348568739032,40.17,0.49416880806483493,0.0022618104390241915,1.56,0.008207070707070718,
5037,301217,铜冠铜箔,sz,False,True,-2.273734944830012,111.11,0.05972181578208704,0.0017831074463101888,1.93,2.7158762886597936,
5038,002859,洁美科技,sz,False,True,-2.27384027557485,64.59,0.1303678982087451,0.008842514811212308,3.61,1.7114155251141554,
5039,688257,新锐股份,sh,False,True,-2.2739067642695048,54.64,0.13781697905181917,0.025359792049705194,19.69,3.8738435660218675,
5040,688268,华特气体,sh,False,True,-2.2741345584911605,142.75,0.10300252356182725,0.006848958547363288,3.49,1.7482478790114349,
5041,688362,甬矽电子,sh,False,True,-2.274182186007028,63.24,0.09099429465772496,0.0029214370081213025,1.03,1.4558823529411762,
5042,688333,铂力特,sh,False,True,-2.2741894021679707,104.91,0.17377704405248065,0.008183748058405773,4.09,0.22766786570743403,
5043,002031,巨轮智能,sz,False,True,-2.2744864512629492,5.03,0.17543244096698363,,-11.72,-0.4505494505494505,
5044,300757,罗博特科,sz,False,True,-2.2745234599541027,496.4,0.019538882375928098,,-2.39,1.4702284583558192,
5045,301021,英诺激光,sz,False,True,-2.2751681292141486,75.34,0.09076222113307557,0.005793729330870612,1.1,1.011278195488722,
5046,688172,燕东微,sh,False,True,-2.275272104608981,53.25,0.23898860024376836,,-2.22,1.8010939830929886,
5047,688981,中芯国际,sh,False,True,-2.2754543752974286,120.58,0.1451189249590039,0.0048877312568947565,0.91,0.6059217877094971,
5048,688249,晶合集成,sh,False,True,-2.276802491623612,38.46,0.2550630005611386,0.007206874781992037,0.23,1.1582103321033208,
5049,688356,键凯科技,sh,False,True,-2.27691208982153,124.0,0.17803097739006588,0.00960479163845259,0.22,-0.2187399377482021,
5050,301696,三瑞智能,sz,False,True,-2.2772510552350225,95.68,0.055209880360189256,0.013697110320635655,12.5,,
5051,300548,长芯博创,sz,False,True,-2.2774079101128417,198.94,0.03563410896910523,0.008321842256151298,15.38,0.7996246412011481,
5052,603538,美诺华,sh,False,True,-2.27756322832082,26.4,0.326743996079072,0.013022274600704506,2.17,0.41078167115902975,
5053,300607,拓斯达,sz,False,True,-2.2775812607679082,33.32,0.18635855385762207,0.009402720395064701,3.52,-0.17518463810930573,
5054,688758,赛分科技,sh,False,True,-2.2782052132632575,26.55,0.1253808443146056,0.012508943894884841,2.56,0.35460992907801425,
5055,688549,中巨芯,sh,False,True,-2.278315248341518,25.23,0.08095527221210282,,0.47,1.958646616541353,
5056,688205,德科立,sh,False,True,-2.278586454320475,156.0,0.09876250580229723,0.005704984958807156,4.0,1.0021796668223568,
5057,301566,达利凯普,sz,False,True,-2.278657928403617,24.58,0.15488987330008364,0.01643425885601124,3.54,0.2091062394603711,
5058,688182,灿勤科技,sh,False,True,-2.278703275951935,27.79,0.20599443815016996,0.011216156649330226,2.46,-0.1512575274530641,
5059,300260,新莱应材,sz,False,True,-2.27897561963463,59.12,0.0891209995811313,0.007338291572339044,2.46,0.6185537309132814,
5060,300567,精测电子,sz,False,True,-2.279472251936464,213.7,0.06986362620165437,0.0014575668050237664,1.89,2.8237997957099084,
5061,603186,华正新材,sh,False,True,-2.2797602258724377,165.28,0.0903660729615673,0.011161150268146635,1.32,2.9101758793969847,
5062,003033,征和工业,sz,False,True,-2.2798007518306087,64.58,0.27076056643110497,0.02921064085224966,2.3,0.5142857142857145,
5063,002173,创新医疗,sz,False,True,-2.2799092703915296,17.67,0.21169845671825052,,-3.2,0.06874999999999987,
5064,605288,凯迪股份,sh,False,True,-2.2799909083338648,56.77,0.3996962308645429,0.0062237629493167865,-0.38,0.8031249999999999,
5065,300593,新雷能,sz,False,True,-2.28021060719635,30.38,0.13918659354730953,,-1.88,0.36915077989601386,
5066,603758,秦安股份,sh,False,True,-2.280228888517774,11.02,0.5485764441274892,0.024584702906157732,1.85,-0.3771676300578035,
5067,688663,新风光,sh,False,True,-2.2803302347688206,53.59,0.1311974390259902,0.0067646183402332435,0.3,1.2732368052312006,
5068,300313,天山生物,sz,False,False,-2.2804033445565413,15.36,0.009975579780696854,,-85.91,-0.19396551724137923,
5069,600330,天通股份,sh,False,True,-2.2804168829197318,26.07,0.24120796951131263,,-0.54,1.3139974779319044,
5070,600667,太极实业,sh,False,True,-2.28082337876832,20.3,0.2059138456469813,0.010817546926518566,1.48,1.4496240601503758,
5071,300093,金刚光伏,sz,False,True,-2.2810543119349695,25.02,0.14400714275428061,0.019662628618169448,-3.27,0.6266025641025641,
5072,688808,联讯仪器,sh,False,True,-2.2810725741214877,2265.99,0.004410588765083662,0.0011744512229854198,11.59,,
5073,301328,维峰电子,sz,False,True,-2.2813187315768317,57.33,0.21852191774835017,0.010572791555299927,2.64,0.8348185868873328,
5074,688200,华峰测控,sh,False,True,-2.281547696369379,405.99,0.051384556885273706,0.00697200322385429,13.14,2.925333333333333,
5075,301629,矽电股份,sz,False,True,-2.281712395252413,255.79,0.11079964100916313,0.002897348954679957,-0.88,0.6089677419354838,
5076,688114,华大智造,sh,False,True,-2.2818116317131785,70.56,0.23950374823365986,,-2.24,-0.3201039110982826,
5077,688720,艾森股份,sh,False,True,-2.2818139850269725,65.3,0.13033561420658193,0.006629475310176576,2.08,1.1199220019499516,
5078,300530,领湃科技,sz,False,True,-2.281979229739849,19.79,0.021365969138994172,,-43.85,-0.5622619396425432,
5079,300139,晓程科技,sz,False,True,-2.2822259447217776,58.33,0.07378712414683637,0.010304115669880865,4.72,0.9435028248587574,
5080,300518,新迅达,sz,False,True,-2.2826356115831263,22.85,0.14508734258023329,,-2.07,0.4119338605319913,
5081,688610,埃科光电,sh,False,True,-2.282943945596227,169.0,0.1428204176069011,0.008448678922320312,4.21,1.7519111758281762,
5082,688392,骄成超声,sh,False,True,-2.2833314985400084,193.1,0.08307303781484682,0.0064532366208271755,2.71,0.8689385611335041,
5083,688584,上海合晶,sh,False,True,-2.2834643596330264,29.79,0.2087334056942473,0.005953883599194082,0.3,0.5781164942841588,
5084,688530,欧莱新材,sh,False,True,-2.2834928034783335,62.92,0.08412056158886916,0.0001874004388318596,4.8,1.7813347802495931,
5085,600206,有研新材,sh,False,True,-2.2839589929977597,52.52,0.09805940438717775,0.007152247021446728,4.21,1.3008895866038723,
5086,601208,东材科技,sh,False,True,-2.28397551071872,43.72,0.14079945933007618,0.009211580799380982,5.01,1.5801857585139323,
5087,301389,隆扬电子,sz,False,True,-2.2840365387706227,51.13,0.15490426916165811,0.006900292158369985,4.67,-0.04766633565044687,
5088,300997,欢乐家,sz,False,True,-2.2841790272060707,15.88,0.156184109828666,0.006816191180530232,3.44,-0.12515964240102173,
5089,301369,联动科技,sz,False,True,-2.2843237614269265,131.09,0.1131400900595117,0.0029528672193056093,0.23,2.4502997002997007,
5090,301365,矩阵股份,sz,False,True,-2.2845809914749733,38.63,0.24992502249325202,0.006174017142775999,-0.88,0.963577932512051,
5091,301382,蜂助手,sz,False,True,-2.2848892385466946,39.72,0.16856868331001468,0.013649790066228781,8.25,-0.011660188784008985,
5092,688046,药康生物,sh,False,True,-2.285065319098093,33.88,0.16308424932320037,0.01313551251485955,4.89,0.6212871287128712,
5093,688710,益诺思,sh,False,True,-2.28512344516947,89.89,0.1844542000221345,,-1.31,0.8145351580934403,
5094,688258,卓易信息,sh,False,True,-2.285483126985873,92.73,0.08525439912699495,0.010718596121154436,6.21,0.3536094334196145,
5095,688700,东威科技,sh,False,True,-2.2863839452031995,55.63,0.1167569587147394,0.010696068018435742,5.11,0.28021015761821366,
5096,603738,泰晶科技,sh,False,True,-2.2864766155493825,35.93,0.13115098100933795,0.004802036063290835,1.27,1.018052869116699,
5097,688507,索辰科技,sh,False,True,-2.286492191595665,149.17,0.20811654526534862,0.0009924790926835532,-2.9,0.35782747603833864,
5098,688615,合合信息,sh,False,True,-2.2868087184166037,89.73,0.1688134105373331,0.02646622909167902,8.31,-0.23409626388421412,
5099,002229,鸿博股份,sz,False,True,-2.2873046694287384,10.67,0.20223264843876396,,-2.96,-0.47052341597796143,
5100,688105,诺唯赞,sh,False,True,-2.2879192872142355,22.51,0.3265199503689675,,0.11,-0.08756756756756767,
5101,688167,炬光科技,sh,False,True,-2.2879702774107034,272.3,0.06416261372823283,,-2.96,1.9037776193870273,
5102,301379,天山电子,sz,False,True,-2.2880972220278726,21.5,0.24532652961091211,0.02109419825171285,9.83,0.2629526462395544,
5103,300363,博腾股份,sz,False,True,-2.2882680852813064,20.46,0.44581160001783243,,-4.52,-0.29255079006772,
5104,000815,美利云,sz,False,True,-2.2885254988864125,16.05,0.12608114582545327,0.006978332973949185,4.81,0.21637866265965444,
5105,301045,天禄科技,sz,False,True,-2.28860459168377,64.05,0.14690759512266782,0.005184180990126727,3.15,1.4272727272727272,
5106,000593,德龙汇能,sz,False,True,-2.2889921446275516,22.56,0.11095084877399312,0.0029160903743064444,3.12,1.6788432267884326,
5107,300806,斯迪克,sz,False,True,-2.2889921446275516,50.2,0.07338695473492632,0.0020726539836824097,2.62,2.0717488789237666,
5108,603106,恒银科技,sh,False,True,-2.2890274014399736,7.63,0.3334111292634948,0.007217022357613562,0.58,-0.41209829867674863,
5109,300602,飞荣达,sz,False,True,-2.289087003785793,43.12,0.17141779659564255,0.01783787158516246,5.83,0.269465374955149,
5110,688795,摩尔线程,sh,False,True,-2.2891522627304814,527.66,0.04909662215239592,,-0.09,,
5111,301209,联合化学,sz,False,True,-2.2893838072578547,58.8,0.08381808123648433,0.004401937380679985,0.58,-0.3693560325684677,
5112,688783,西安奕材,sh,False,True,-2.289561146133127,31.61,0.09611595428725214,,-2.38,,
5113,002774,快意电梯,sz,False,True,-2.2895664436525887,16.35,0.22056066521096626,0.010623808805437689,-0.16,0.5285961871750435,
5114,301317,鑫磊股份,sz,False,True,-2.28966383697009,42.84,0.18215268037669174,,-1.58,0.19592174152659125,
5115,603306,华懋科技,sh,False,True,-2.2900567427291088,72.98,0.13366124893071,0.005948418880519464,0.61,0.5744382022471912,
5116,301310,鑫宏业,sz,False,True,-2.290559933450058,49.31,0.2499375156210947,0.014184719085823224,2.41,0.7017484868863484,
5117,300364,中文在线,sz,False,True,-2.2908165103076197,22.27,0.015560375814196665,,-226.95,-0.2672209026128266,
5118,001258,立新能源,sz,False,True,-2.2911008500646464,12.57,0.26337275145513445,0.012713151882754228,2.36,0.8198324022346368,
5119,605198,安德利,sh,False,False,-2.2911770046898687,64.79,0.13174015571686407,0.014640023775398612,2.55,0.13387297633872985,
5120,688137,近岸蛋白,sh,False,True,-2.29137312225468,75.49,0.382907030173074,,-0.52,-0.2704847704847705,
5121,002787,华源控股,sz,False,True,-2.2913757736799205,20.86,0.2628328120482561,0.02019920455532461,4.12,1.3340659340659338,
5122,002536,飞龙股份,sz,False,True,-2.292040463967099,48.8,0.11870986122817223,0.006495476225582692,2.27,1.2774102079395084,
5123,603285,键邦股份,sh,False,True,-2.293102075762301,34.3,0.31380424890953024,0.023868228285282612,4.06,0.386277001270648,
5124,688625,呈和科技,sh,False,True,-2.2938123083450526,52.95,0.11956001912960305,0.018711594452386477,7.83,1.348087666523421,
5125,300566,激智科技,sz,False,True,-2.2938347949017923,28.49,0.33674568965517243,0.027126736111111112,4.59,0.260443527591542,
5126,688693,锴威特,sh,False,True,-2.2940295670042126,75.63,0.13936699510821848,,-2.32,0.6370106761565835,
5127,003018,金富科技,sz,False,True,-2.2944499606743127,41.8,0.1235498338254735,0.00731164650236422,1.27,2.5372848948374758,
5128,003036,泰坦股份,sz,False,True,-2.2944499606743127,51.11,0.12838783396885312,0.0037734168818143194,2.04,1.665409482758621,
5129,688234,天岳先进,sh,False,True,-2.294691648271179,105.05,0.13964335088184776,,-0.82,0.5508255098737456,
5130,688286,敏芯股份,sh,False,True,-2.294744449329053,47.14,0.2806387337580333,,-1.99,-0.21726646248085757,
5131,688068,热景生物,sh,False,True,-2.294779626774462,99.29,0.2640752086194148,,-2.8,-0.5483499300469097,
5132,002827,高争民爆,sz,False,True,-2.2947966194777165,54.86,0.07014196734190001,0.010610158377834106,3.04,-0.4896786550329858,
5133,301171,易点天下,sz,False,True,-2.2949844207837895,34.9,0.1766097983116103,0.004310231498223538,2.06,-0.0011890606420927874,
5134,301489,思泉新材,sz,False,True,-2.2950980754925356,113.99,0.08254843529440899,0.005209752448192919,2.42,0.0996283295478011,
5135,600396,华电辽能,sh,False,True,-2.2951860764598204,14.17,0.07355050345319614,0.0019431545676471369,2.08,3.2564841498559076,
5136,688361,中科飞测,sh,False,True,-2.295606859767125,349.5,0.04122538329300116,4.592744279709443e-05,-2.51,3.358248994025119,
5137,301393,昊帆生物,sz,False,True,-2.2959914960617747,61.32,0.3607243344636029,0.017107644722120525,1.4,0.03395889186773893,
5138,300164,通源石油,sz,False,True,-2.2961284801917516,9.49,0.24306061931845802,,-1.82,1.2152133580705011,
5139,603228,景旺电子,sh,False,True,-2.2968399816354763,91.64,0.14375871537211943,0.012892928100007866,4.56,0.26098715348208246,
5140,301568,思泰克,sz,False,True,-2.297445793938259,69.96,0.1479662045188879,0.016592195363145084,2.47,0.5123313168915775,
5141,300400,劲拓股份,sz,False,True,-2.297827411965554,27.97,0.10383353407816588,0.012463078131036804,3.62,-0.007688828584350937,
5142,300751,迈为股份,sz,False,True,-2.298026557282037,201.72,0.14304923754756388,0.012043230379771227,9.1,1.5296497837309895,
5143,300666,江丰电子,sz,False,True,-2.298320820722392,250.4,0.07500637554192106,0.007988598671975357,4.05,2.3358046227649365,
5144,300534,陇神戎发,sz,False,True,-2.2985340123662397,16.7,0.1447157059955717,0.009746047246887844,3.36,0.02100456621004576,
5145,002896,中大力德,sz,False,True,-2.2986593947437512,64.35,0.09527075949849473,0.004457436385696622,0.92,-0.38045065720842897,
5146,688057,金达莱,sh,False,True,-2.299141720597493,17.56,0.6557377049180328,0.01207210426435011,2.97,0.1742313323572473,
5147,603773,沃格光电,sh,False,True,-2.299589887114938,94.58,0.04969635526930455,,-12.15,1.5660134918085449,
5148,688800,瑞可达,sh,False,True,-2.2997840348416974,64.2,0.1295638879531497,0.01525103973963425,2.34,0.2505280946345585,
5149,603459,红板科技,sh,False,True,-2.2998539009554784,86.24,0.03754965942458902,0.008543977990712695,12.0,,
5150,301626,苏州天脉,sz,False,True,-2.3000124987745987,251.98,0.055422541456061014,0.0038683088411359057,0.77,0.5290475847671154,
5151,300017,网宿科技,sz,False,True,-2.3002422527679274,15.2,0.2738600575106121,0.020427924155203198,3.35,0.20930232558139528,
5152,301419,阿莱德,sz,False,True,-2.3002485460507924,41.1,0.15773617048125307,0.010648538594563283,3.09,0.11075569772091165,
5153,301392,汇成真空,sz,False,True,-2.300322260429338,174.21,0.043467866379778744,0.002377859465176605,3.63,-0.02249953894387413,
5154,301550,斯菱智驱,sz,False,True,-2.300461338268193,86.88,0.06411571604431679,0.005676219365444085,2.1,0.4687051097886312,
5155,600367,红星发展,sh,False,False,-2.300562934381446,38.15,0.1953773713928453,0.007577651988754763,3.31,0.9371727748691101,
5156,301005,超捷股份,sz,False,True,-2.3010236470808776,71.32,0.05831413826282183,0.0010823497119542712,1.82,0.8827067669172932,
5157,688031,星环科技,sh,False,True,-2.3011626999676063,102.19,0.06515252205412872,,-6.94,0.6446345256609642,
5158,688583,思看科技,sh,False,True,-2.301913344016682,82.0,0.11730618086266967,0.007508426331450471,1.19,0.04331228894435468,
5159,301007,德迈仕,sz,False,True,-2.3019145294470458,29.34,0.14532982604019823,0.009538826361882087,2.33,-0.34561494551115723,
5160,300990,同飞股份,sz,False,True,-2.3021458445896013,73.23,0.17086423128182346,0.020000560015680437,2.79,0.4137931034482758,
5161,301421,波长光电,sz,False,True,-2.302677504331163,76.55,0.1369094070453581,0.00565616618268738,2.38,-0.16059225512528474,
5162,300522,世名科技,sz,False,True,-2.3028119679716745,13.65,0.1767783906095319,0.0015223404218070394,0.19,-0.2088607594936709,
5163,301160,翔楼新材,sz,False,True,-2.302943792983675,45.25,0.2469745616201531,0.02699922512223899,2.56,-0.1898791885115113,
5164,300672,国科微,sz,False,True,-2.3030144637353724,158.55,0.11203352042931244,,1.42,0.6030905077262696,
5165,003043,华亚智能,sz,False,True,-2.3033645263486155,72.66,0.16877637130801687,0.00718750696289737,0.42,0.489787049109083,
5166,603757,大元泵业,sh,False,True,-2.3033645263486155,63.5,0.17914404973038822,0.009873432469177613,0.54,1.0423317140874393,
5167,688322,奥比中光,sh,False,True,-2.303410875007856,92.5,0.10458172538930548,0.00286380570567466,1.04,0.05201826045170588,
5168,605376,博迁新材,sh,False,True,-2.3036853249074936,147.54,0.045607954027182346,0.006294561561756258,4.07,2.2841829442591712,
5169,300718,长盛轴承,sz,False,True,-2.30382044759173,55.32,0.10908932233712963,0.01581217664098769,14.55,-0.4455228553537883,
5170,300936,中英科技,sz,False,True,-2.3043850689615595,76.42,0.17496894301261526,0.0011322371466174642,-0.36,0.4329084588644265,
5171,600150,中国船舶,sh,False,True,-2.304388220088724,33.8,0.5879240402140044,0.044449580840452675,5.47,-0.017825311942958888,
5172,300620,光库科技,sz,False,True,-2.304893698749009,298.98,0.030301010235681256,0.0036671032964324954,6.57,3.2935796939156408,
5173,300725,药石科技,sz,False,True,-2.3049634858678534,48.21,0.40422005739924816,0.018652331727989316,2.18,-0.16075437808711268,
5174,001359,平安电工,sz,False,True,-2.3052744037870303,88.68,0.09652509652509653,0.010805880992671452,6.03,1.26482645531566,
5175,301086,鸿富瀚,sz,False,True,-2.3054411841873006,116.88,0.13531799729364005,0.00826611603312398,1.95,1.872323759791123,
5176,688048,长光华芯,sh,False,True,-2.3057424447026715,294.0,0.058149677269291156,0.0006510786713333381,0.72,2.8611629767938114,
5177,300404,博济医药,sz,False,True,-2.306160368393382,14.15,0.19566408390075918,0.007887816321154019,2.97,-0.1486611265004616,
5178,300131,英唐智控,sz,False,True,-2.3067520145122855,16.9,0.08996770159512735,0.000681666975689029,0.24,0.7533252720677148,
5179,301191,菲菱科思,sz,False,True,-2.3070950456317476,87.61,0.20055352773655288,0.008644872941979935,3.86,0.6848627450980391,
5180,002965,祥鑫科技,sz,False,True,-2.3075170005757166,29.88,0.5348451623255068,0.006559897770553144,-0.4,-0.05597189695550353,
5181,688150,莱特光电,sh,False,True,-2.307667239799102,38.44,0.1260604838201369,0.013204039379727047,11.44,0.4491305956344802,
5182,002989,中天精装,sz,False,True,-2.3077017529965733,23.93,0.28885871920043904,,-0.62,-0.3209317373018441,
5183,688508,芯朋微,sh,False,True,-2.3078568016362904,81.5,0.268182793391976,0.023478036297044112,5.44,0.17721739130434777,
5184,603400,华之杰,sh,False,True,-2.307914878110986,45.49,0.2013733663585654,0.014470021010470506,3.72,-0.17527904092600255,
5185,688206,概伦电子,sh,False,True,-2.308149208087844,41.29,0.09568004592642206,0.0009825114919456656,-0.62,0.10830090791180291,
5186,300731,科创新源,sz,False,True,-2.308307512946423,41.86,0.08332083520805213,0.0030365509639531034,-0.48,-0.020448179271708833,
5187,002674,兴业科技,sz,False,True,-2.3083488039732445,27.03,0.3067766972420775,0.0131516650007891,4.16,0.9032258064516132,
5188,301251,威尔高,sz,False,True,-2.3089627621395366,47.91,0.17128273641299693,0.007349909338868306,2.86,-0.07032900694234834,
5189,300136,信维通信,sz,False,True,-2.309074353784805,58.92,0.14073406890340015,0.012911672539325727,1.31,1.6278874422511551,
5190,301234,五洲医疗,sz,False,True,-2.3094378783192795,110.0,0.1019835806435164,0.0031739653587072817,2.01,0.5904168922577153,
5191,605286,同力天启,sh,False,False,-2.309493939857755,27.41,0.46886721680420107,0.029356677763490862,0.91,-0.4488784559207095,
5192,301396,宏景科技,sz,False,True,-2.3102367157582115,172.86,0.033327667629836265,0.0009435307240494376,2.19,3.773489486292254,
5193,300137,先河环保,sz,False,True,-2.3102852277466632,11.31,0.27013885136960397,0.0004555071958749268,0.79,0.7576642335766424,
5194,300004,南风股份,sz,False,True,-2.310471892036441,9.49,0.38904450669156554,0.0020963059734657973,-0.29,-0.15046296296296302,
5195,300179,四方达,sz,False,True,-2.310638457806122,34.66,0.0755041791563163,0.006055827462208609,3.38,2.298195631528965,
5196,688796,百奥赛图,sh,False,True,-2.310867181954633,124.92,0.04087254713626499,0.005203262862075551,4.56,,
5197,688359,三孚新科,sh,False,True,-2.3109049428576736,94.58,0.06664534015781617,,1.61,0.5835531419705198,
5198,002235,安妮股份,sz,False,True,-2.311014345730938,8.08,0.15577294535485078,,-0.1,-0.17794486215538852,
5199,301596,瑞迪智驱,sz,False,True,-2.3110582430940827,46.5,0.1781388057574462,0.020239596341490567,5.15,-0.3810128591839974,
5200,002971,和远气体,sz,False,True,-2.311334340901544,43.84,0.23089355806972983,0.005105635600575916,1.69,0.3710622710622711,
5201,688222,成都先导,sh,False,True,-2.3116523066899024,34.68,0.11068803683697866,0.00883167533348406,2.7,0.23293172690763053,
5202,300386,飞天诚信,sz,False,True,-2.3117966836357926,11.97,0.27993953306085884,,-4.33,-0.5181483429773803,
5203,300776,帝尔激光,sz,False,True,-2.312347709462394,117.91,0.14670715784223112,0.01481896412476975,6.2,0.6333284089230315,
5204,688485,九州一轨,sh,False,True,-2.3123633308586293,81.35,0.10229760419010987,,-0.35,2.8685897435897436,
5205,300319,麦捷科技,sz,False,True,-2.312599560679397,17.66,0.3152386356471849,0.02028739118350554,3.06,0.2512647554806071,
5206,300209,行云科技,sz,False,True,-2.3144199171147415,33.9,0.02984807330686804,,1.28,3.9104761904761904,
5207,688598,金博股份,sh,False,True,-2.3155289577966633,36.87,0.5042864346949066,,-32.66,0.02458701498271232,
5208,603065,宿迁联盛,sh,False,True,-2.3156185953684103,18.81,0.25345330122924853,,-0.65,0.6442953020134228,
5209,603407,长裕集团,sh,False,True,-2.3158611930525885,57.09,0.0920513646614811,0.011777064872784146,6.42,,
5210,000962,东方钽业,sz,False,True,-2.316598466168547,51.4,0.1477061238958967,0.00944753641316722,1.36,1.791690709751876,
5211,001267,汇绿生态,sz,False,True,-2.316986019112328,39.14,0.05288514932121911,0.002527512606601004,1.67,1.4180967238689548,
5212,000811,冰轮环境,sz,False,True,-2.317999598461918,41.4,0.15833056254848873,0.0148358927721014,4.78,2.2494365138993238,
5213,301225,恒勃股份,sz,False,True,-2.318521469710975,56.28,0.19757379381198878,0.016019659325924775,1.66,-0.09701625871002317,
5214,002579,中京电子,sz,False,True,-2.321166240992429,13.87,0.2708192281651997,,-3.9,-0.02717825739408475,
5215,301413,安培龙,sz,False,True,-2.321274695425954,60.07,0.16530018513620737,0.009560704738667696,0.24,-0.21763602251407133,
5216,600721,百花医药,sh,False,True,-2.321280988708819,14.19,0.14816131804308533,0.004876509706448745,0.82,-0.18215613382899631,
5217,603988,中电电机,sh,False,True,-2.32186031136921,20.76,0.13436345314074571,7.692616994684855e-05,0.72,-0.30508474576271194,
5218,688352,颀中科技,sh,False,True,-2.322090878930165,18.04,0.26874496103198064,,-5.25,0.24607329842931924,
5219,301183,东田微,sz,False,True,-2.3221443507817034,235.19,0.054938715862455426,0.007267072169293713,8.4,1.8940195606862273,
5220,301667,纳百川,sz,False,True,-2.3255609760171945,62.44,0.1849351802193331,0.012765881394749138,0.56,,
5221,603211,晋拓股份,sh,False,True,-2.3264722946247023,22.01,0.20941092706217412,0.010454171005147632,0.9,0.24807395993836678,
5222,300083,创世纪,sz,False,True,-2.3265810691124873,13.37,0.23857807467493738,0.005262833814970342,1.36,0.24603174603174605,
5223,688797,臻宝科技,sh,False,True,-2.3271000220318783,314.19,0.02589117421653307,0.005069718772560249,4.04,,
5224,688820,盛合晶微,sh,False,True,-2.32786778253124,122.44,0.08458948721852848,0.004099328366040508,2.33,,
5225,301127,武汉天源,sz,False,True,-2.328170662306364,18.52,0.27116437984706326,0.017150569999193923,1.3,0.26075446724023843,
5226,002792,通宇通讯,sz,False,True,-2.3283100814938447,30.3,0.1777145903678692,0.001072161163835232,1.46,0.3678032420346562,
5227,300984,金沃股份,sz,False,True,-2.3288714784239044,30.97,0.29813368314352157,0.008525432644393122,1.58,-0.2535017221584386,
5228,301115,联检科技,sz,False,True,-2.3288797063837827,28.01,0.4859794916654517,,-1.27,0.3905683192261187,
5229,301201,诚达药业,sz,False,True,-2.329231055935791,34.43,0.3945084424806691,,0.11,0.016825164594001407,
5230,603011,合锻智能,sh,False,True,-2.329231055935791,22.69,0.16616816218012628,,-1.54,0.14202334630350189,
5231,002903,宇环数控,sz,False,True,-2.3293830779830516,32.68,0.15307372030369826,,-1.11,0.06439742410303606,
5232,688548,广钢气体,sh,False,True,-2.330317042264045,35.1,0.13158933600021053,0.006931817945506206,1.51,2.7807276302851527,
5233,300870,欧陆通,sz,False,True,-2.3307539448313817,203.0,0.08419563698209158,0.00586996386450245,-0.47,1.09312158399505,
5234,688037,芯源微,sh,False,True,-2.3307756077424773,366.95,0.037830782908052286,0.0009529406461871463,0.29,2.029143413942776,
5235,300553,集智股份,sz,False,True,-2.3310261815522475,41.07,0.1862370798025887,0.0037552874447221688,0.78,-0.01422475106685639,
5236,000595,新能股份,sz,False,True,-2.331259565443163,5.64,0.07980973359510926,,5.63,0.2593360995850622,
5237,688017,绿的谐波,sh,False,True,-2.3313339355007034,295.15,0.06595522959015421,0.0025273133067342034,0.91,1.2015954670841724,
5238,605179,一鸣食品,sh,False,True,-2.3313807170264735,28.4,0.10107135637760259,0.004715533107522171,4.51,-0.346076458752515,
5239,002980,华盛昌,sz,False,True,-2.3330748720279826,93.98,0.06376127777600663,0.004385591752280728,1.57,2.452782462057336,
5240,301611,珂玛科技,sz,False,True,-2.3330748720279826,102.9,0.04135751921056767,0.004802709496589596,5.19,0.7642670645281611,
5241,300540,蜀道装备,sz,False,True,-2.3336332561236115,28.36,0.17899334144769813,0.01300603219773331,2.94,0.7527568195008705,
5242,300246,宝莱特,sz,False,True,-2.3336374156917175,14.8,0.26784518548279096,,-3.13,0.5357894736842106,
5243,000636,风华高科,sz,False,True,-2.3343351678008837,51.91,0.20956452491722202,0.005158987084475834,0.71,1.895608351331893,
5244,001229,魅视科技,sz,False,True,-2.3364291198565708,43.5,0.16013835954264485,0.008752022811272256,0.42,0.6136738056013178,
5245,688596,正帆科技,sh,False,True,-2.3373760831764674,71.15,0.16036949130797357,0.003374921364332211,-0.68,0.4183523893286427,
5246,002851,麦格米特,sz,False,True,-2.3386577269827433,119.84,0.12795250403050387,0.0021849852185749966,2.34,0.9891003741662598,
5247,002409,雅克科技,sz,False,True,-2.33886107448276,140.59,0.12107417003656441,0.015045965424371456,12.71,1.8206302674972514,
5248,688535,华海诚科,sh,False,True,-2.3401741169713093,99.54,0.15100037750094375,0.0021435680418870344,0.62,0.8585024241335968,
5249,688028,沃尔德,sh,False,True,-2.3409629428577268,87.83,0.15247621371066114,0.007675516024942357,1.4,2.2722812755519217,
5250,300508,维宏股份,sz,False,True,-2.3415931362970017,41.85,0.18998404134052738,0.014178665362229455,0.7,0.09822866344605474,
5251,688627,精智达,sh,False,True,-2.342066135861964,465.29,0.0408119954617061,0.0019121003638535783,2.74,4.677268047134195,
5252,002515,金字火腿,sz,False,True,-2.3421301722149788,7.97,0.2688244307642679,,-0.31,0.06403269754768393,
5253,300679,电连技术,sz,False,True,-2.342269711334224,50.2,0.23462612327256516,0.010947746406402241,1.74,-0.15209529887258033,
5254,688685,迈信林,sh,False,True,-2.3440719407838406,40.48,0.13598411705512797,,1.33,-0.3981026001405482,
5255,300951,博硕科技,sz,False,True,-2.345204649096587,68.41,0.19909213984231902,0.0062074749171457284,-0.86,0.5187631341939358,
5256,301047,义翘神州,sz,False,True,-2.345608193537102,110.33,0.39778829706830027,0.011717216692346901,0.6,0.02398800599700146,
5257,688409,富创精密,sh,False,True,-2.3457136705437187,207.25,0.07120326395761982,0.001126501880469589,-0.19,2.1297071129707112,
5258,688593,新相微,sh,False,True,-2.3459976902347184,31.5,0.106329813816496,0.000658189146579447,0.38,0.7011834319526629,
5259,688603,天承科技,sh,False,True,-2.3459976902347184,104.38,0.0939372874668871,0.00750030001200048,7.25,0.51734917161613,
5260,300795,米奥会展,sz,False,True,-2.3494810238918515,12.65,0.15202882466515652,0.028143407547499038,-2.57,-0.2575452716297787,
5261,301584,建发致新,sz,False,True,-2.349975839885535,21.32,0.24167431968679007,0.031237700155563746,6.82,,
5262,688371,菲沃泰,sh,False,True,-2.350064238258618,27.0,0.21579628830384115,0.0002965084382002139,-1.09,0.2964102564102564,
5263,002428,云南锗业,sz,False,True,-2.3509472756619636,95.37,0.023587130861402017,0.0003058968344571983,0.62,2.414079580236117,
5264,301018,申菱环境,sz,False,True,-2.3520315430038177,89.7,0.08219966298138177,0.005687534800603561,1.03,1.4861717612809318,
5265,688661,和林微纳,sh,False,True,-2.3524373862788126,100.71,0.07942117845144586,,-1.06,1.0597014925373136,
5266,688757,胜科纳米,sh,False,True,-2.3526804515224553,30.71,0.07229612492770388,0.004664518500413276,0.83,0.07916666666666661,
5267,300489,光智科技,sz,False,True,-2.352731293270585,202.15,0.025654379074236077,,2.13,3.2690197948962556,
5268,300506,名家汇,sz,False,True,-2.3529709826593885,5.18,0.18230875811273975,,-2.48,0.7987012987012987,
5269,688210,统联精密,sh,False,True,-2.353079522584224,31.11,0.25185744868404486,,-0.37,-0.3548469387755103,
5270,300843,胜蓝股份,sz,False,True,-2.3534624338070063,132.31,0.0752117209945998,0.0054390510813921355,2.19,2.265247410817031,
5271,301319,唯特偶,sz,False,True,-2.3534624338070063,102.51,0.06430620040384294,0.0047419906592268,4.33,3.4091573307355088,
5272,688260,昀冢科技,sh,False,True,-2.3579307235562643,104.0,0.011179492339252875,,-65.41,2.347705146036161,
5273,301321,翰博高新,sz,False,True,-2.3587696043531996,41.04,0.13779419059692444,,1.91,1.2336272040302263,
5274,688419,耐科装备,sh,False,True,-2.359288454491779,56.78,0.16014605320051886,0.01351654560347321,4.73,0.39240506329113933,
5275,301093,华兰股份,sz,False,True,-2.3611015177012895,78.44,0.13182351467854836,0.002536549136507943,2.74,1.971652003910068,
5276,603990,麦迪科技,sh,False,True,-2.3617531957492495,22.75,0.12078753472641623,0.0027949051115740095,0.46,0.16013289036544842,
5277,301529,福赛科技,sz,False,True,-2.3620364239871408,110.18,0.10792725702876262,0.010387376429173154,2.18,0.46083753392787896,
5278,301357,北方长龙,sz,False,True,-2.362715666333347,86.0,0.13935145831301124,0.0026248565515894556,2.5,-0.3476146853639631,
5279,688418,震有科技,sh,False,True,-2.364583228717107,32.12,0.13206550449022716,,-5.5,0.09511731135066581,
5280,002141,贤丰控股,sz,False,True,-2.365558817212564,5.98,0.13064893325146001,0.0018507112653535006,1.23,0.36745406824146976,
5281,301188,力诺药包,sz,False,True,-2.365558817212564,37.46,0.19560667409972027,0.004005128166103879,2.09,0.4959349593495934,
5282,920725,惠丰钻石,bj,False,True,-2.365689772128506,68.6,0.09600337931895203,,-3.0573,1.6497057805469018,22.953
5283,688785,恒运昌,sh,False,True,-2.3659208019517406,273.5,0.12054437841291271,0.005205879520330262,14.23,,
5284,300868,杰美特,sz,False,True,-2.3659954303365134,91.11,0.12670898746848114,,-3.81,1.6007802340702209,
5285,300862,蓝盾光电,sz,False,True,-2.366494792658856,55.1,0.19275993677474074,,-4.51,-0.24323215750615257,
5286,603823,百合花,sh,False,True,-2.369940069119971,69.98,0.08594978813377224,0.00563132186270612,1.71,4.996050552922591,
5287,688147,微导纳米,sh,False,True,-2.3703176990023507,117.3,0.05386973221356116,0.0028686617635499804,0.7,2.555455093429777,
5288,688545,兴福电子,sh,False,True,-2.3732336611587614,81.47,0.10126479731850817,0.007689226087083561,4.14,1.5078516538590043,
5289,688813,泰金新能,sh,False,True,-2.373267031025912,110.1,0.10167147911667819,0.009987854768601381,4.76,,
5290,300943,春晖智控,sz,False,True,-2.3744680387917065,29.33,0.1708992719691014,0.009524244917862912,5.94,0.22916666666666674,
5291,688233,神工股份,sh,False,True,-2.3748590181857363,110.85,0.10148163182463975,0.005239412326555805,1.33,2.0425904317386228,
5292,300285,国瓷材料,sz,False,True,-2.374928751491138,64.1,0.11468942104780254,0.010035404908517249,4.95,1.993193717277487,
5293,688195,腾景科技,sh,False,True,-2.3769142139282176,170.3,0.033005696783264794,0.002335182798109436,1.42,2.8285714285714283,
5294,301196,唯科科技,sz,False,True,-2.3772704325378613,88.98,0.22878583358118468,0.017170860363129356,2.13,0.2207412223667098,
5295,301362,民爆光电,sz,False,True,-2.3802144857440823,115.12,0.1518233990222573,0.008707585351751618,7.28,2.71548930654569,
5296,688807,优迅股份,sh,False,True,-2.38028203418324,335.0,0.06709112988171834,0.0034538102953249566,1.48,,
5297,301080,百普赛斯,sz,False,True,-2.3804181235361783,92.63,0.17395842393667912,0.011025297545217501,1.71,0.02211783127813649,
5298,688585,上纬新材,sh,False,True,-2.3821389654985903,149.47,0.019525491505434922,,-14.15,0.43055380345654104,
5299,600353,旭光电子,sh,False,True,-2.382153946098944,37.02,0.06302428325633867,0.005371143317680031,1.73,0.8186813186813187,
5300,002388,新亚制程,sz,False,True,-2.3822038523079314,6.2,0.30541811740272434,,0.48,-0.05831533477321804,
5301,688300,联瑞新材,sh,False,True,-2.3827045071813218,139.14,0.05158281879471586,0.009018824089639896,8.34,1.3332703570753828,
5302,300420,五洋自控,sz,False,True,-2.3875328831241758,7.78,0.273912567108579,0.00239082306474827,-0.14,0.5552825552825551,
5303,603580,艾艾精工,sh,False,True,-2.388222778395461,72.8,0.04703735236151028,0.004240905484211745,1.27,2.1948859709744295,
5304,688662,富信科技,sh,False,True,-2.3886704395385485,89.45,0.07004616041971659,0.00400950252097471,3.07,1.2592152199762188,
5305,688502,茂莱光学,sh,False,True,-2.390332457498395,436.6,0.051745906898764314,0.0008060353346545865,-0.88,0.07105459985041129,
5306,301373,凌玮科技,sz,False,True,-2.3924340759132514,93.02,0.16815766462635368,0.013865010260107594,4.0,1.2103484139365577,
5307,688652,京仪装备,sh,False,True,-2.393537931593904,148.58,0.09003817618670315,0.006349456296057369,2.07,1.5366593628855556,
5308,688677,海泰新光,sh,False,True,-2.395236469659406,84.25,0.13258027735794023,0.017089547520050312,5.7,0.5670324940822034,
5309,300570,太辰光,sz,False,True,-2.395636421064173,202.9,0.036198570880421645,0.006551538661612373,10.57,0.16468168965812713,
5310,301312,智立方,sz,False,True,-2.3959634103765355,70.8,0.10353574571620852,0.005438216960928586,1.17,1.0224609375,
5311,600722,金牛化工,sh,False,True,-2.3971802693386017,14.38,0.12893576420227443,0.004861985255543514,1.03,0.8615635179153096,
5312,600162,香江控股,sh,False,True,-2.3989648728740387,4.06,0.43149946062567424,,-0.38,0.6287425149700601,
5313,301218,华是科技,sz,False,True,-2.4004600269886907,45.15,0.17628600641681064,,-2.92,0.8055555555555558,
5314,688478,晶升股份,sh,False,True,-2.404511925938343,48.05,0.22544356020470277,,-2.54,0.3242424242424242,
5315,301008,宏昌科技,sz,False,True,-2.407536442663899,38.07,0.3027000847560237,0.004481871055673354,0.1,0.19611807521229263,
5316,301520,万邦医药,sz,False,True,-2.4088277469589072,77.1,0.2109882690522407,0.003386003750337754,2.4,0.6175671596740115,
5317,301205,联特科技,sz,False,True,-2.409273414250614,303.98,0.041171408926784885,0.002210995768375199,0.19,1.4869284561592253,
5318,301486,致尚科技,sz,False,True,-2.409273414250614,168.0,0.11807490672082369,0.0029776429633383665,-0.24,0.9007034632034632,
5319,688020,方邦股份,sh,False,True,-2.4156095770419266,118.55,0.13468194857843202,,-1.32,1.0540798776992166,
5320,000778,新兴铸管,sz,False,True,-2.4186648264149033,3.72,1.8076644974692697,0.06832888056794965,0.74,0.0,
5321,688432,有研硅,sh,False,True,-2.422631696088184,48.29,0.07558407594687952,0.003916119845798865,2.91,2.1605150214592275,
5322,002484,江海股份,sz,False,True,-2.433409454446883,59.5,0.12951354711702845,0.013820725836879502,5.85,1.394201807228916,
5323,688635,长进光子,sh,False,True,-2.435592086403771,315.15,0.021948692735860652,0.0033991822927076664,2.08,,
5324,688403,汇成股份,sh,False,True,-2.4387290983164887,23.3,0.194730590228419,0.0027530371505845247,0.11,0.9818037974683544,
5325,688143,长盈通,sh,False,True,-2.440528729828419,150.22,0.07005891955134268,0.0011140350818559558,0.44,1.0374500315590152,
5326,300720,海川智能,sz,False,True,-2.4478175442920653,73.52,0.041087672876383624,0.0015985306306443119,3.98,1.3755795981452859,
5327,300345,华民股份,sz,False,True,-2.4481585103627057,9.6,0.07213914197704532,,-36.24,-0.29155313351498635,
5328,688146,中船特气,sh,False,True,-2.455502092639114,250.08,0.04537966900069431,0.003894253872640764,5.79,7.073282944462701,
5329,603435,嘉德利,sh,False,True,-2.510098150449908,48.57,0.063720242646684,0.010919331256476528,4.27,,
5330,300394,天孚通信,sz,False,True,-2.5164237856216762,249.5,0.022959107533571953,0.008532860044029558,19.27,1.843304445065697,
5331,920091,大鹏工业,bj,False,True,-2.580899680554546,27.87,0.27521673317737716,0.01992889370725252,-1.0002,,8.6686
5332,301583,托伦斯,sz,False,True,-2.615599920891047,124.7,0.03933183085739458,0.00413675961827637,,,
5333,688347,华虹宏力,sh,False,True,-2.620102494299665,229.03,0.11369062507105664,0.0012397519008496018,0.31,4.512113617376775,
5334,600744,华银电力,sh,False,True,-2.678511490603908,6.4,0.09916208042044722,0.011102956606314695,7.71,-0.02587322121604141,
5335,603567,珍宝岛,sh,False,True,-2.708993197260069,5.32,1.2198097096852891,,-21.76,-0.5204918032786885,
5336,000401,金隅冀东,sz,False,True,-2.799478374864012,3.53,2.7995520716685327,0.010384819885683903,-3.75,-0.28163265306122454,
5337,688521,芯原股份,sh,False,True,-2.8164353566212483,168.66,0.032981530343007916,,-20.92,1.3841771471568314,
5338,688141,杰华特,sh,False,True,-2.8786733101994315,115.07,0.024088085310362935,,-22.13,3.4498671978751663,
5339,688802,沐曦股份,sh,False,True,-2.94669643701438,664.0,0.04930431609983138,,-0.75,,
5340,300223,君正股份,sz,False,True,-3.0343824052589192,133.66,0.1966916465057729,0.009610727109170172,,1.1421115419027736,
